[25Sep2026 23:36:14.990] [main/INFO] [cpw.mods.modlauncher.Launcher/MODLAUNCHER]: ModLauncher running: args [--launchTarget, forgeclientdev, --version, 21.1.224, --assetIndex, 17, --assetsDir, C:\\Users\\darkp\\.gradle\\caches\\neoformruntime\\assets, --gameDir, ., --fml.fmlVersion, 4.0.42, --fml.mcVersion, 1.21.1, --fml.neoForgeVersion, 21.1.224, --fml.neoFormVersion, 20240808.144430]
[25Sep2026 23:36:15.003] [main/INFO] [cpw.mods.modlauncher.Launcher/MODLAUNCHER]: JVM identified as Eclipse Adoptium OpenJDK 64-Bit Server VM 21.0.6+7-LTS
[25Sep2026 23:36:15.010] [main/INFO] [cpw.mods.modlauncher.Launcher/MODLAUNCHER]: ModLauncher 11.0.5+main.901c6ea8 starting: java version 21.0.6 by Eclipse Adoptium; OS Windows 11 arch amd64 version 10.0
[25Sep2026 23:36:15.142] [main/DEBUG] [cpw.mods.modlauncher.LaunchServiceHandler/MODLAUNCHER]: Found launch services [minecraft,forgeclient,forgedatauserdev,testharness,forgeserverdev,forgeserveruserdev,forgejunitdev,forgeclientdev,forgeclientuserdev,forgeserver,forgejunituserdev,forgedatadev]
[25Sep2026 23:36:15.236] [main/DEBUG] [cpw.mods.modlauncher.LaunchPluginHandler/MODLAUNCHER]: Found launch plugins: [mixin,slf4jfixer,runtime_enum_extender,accesstransformer,runtimedistcleaner]
[25Sep2026 23:36:15.289] [main/DEBUG] [cpw.mods.modlauncher.TransformationServicesHandler/MODLAUNCHER]: Discovering transformation services
[25Sep2026 23:36:15.312] [main/DEBUG] [net.neoforged.fml.loading.FMLPaths/CORE]: Path GAMEDIR is D:\Hazens InteliJ\HAHA-1.21.1\run
[25Sep2026 23:36:15.314] [main/DEBUG] [net.neoforged.fml.loading.FMLPaths/CORE]: Path MODSDIR is D:\Hazens InteliJ\HAHA-1.21.1\run\mods
[25Sep2026 23:36:15.315] [main/DEBUG] [net.neoforged.fml.loading.FMLPaths/CORE]: Path CONFIGDIR is D:\Hazens InteliJ\HAHA-1.21.1\run\config
[25Sep2026 23:36:15.317] [main/DEBUG] [net.neoforged.fml.loading.FMLPaths/CORE]: Path FMLCONFIG is D:\Hazens InteliJ\HAHA-1.21.1\run\config\fml.toml
[25Sep2026 23:36:15.640] [main/DEBUG] [net.neoforged.fml.loading.targets.CommonLaunchHandler/CORE]: Got mod coordinates hazens_archaic_hexerei_armaments%%D:\Hazens InteliJ\HAHA-1.21.1\build\classes\java\main;hazens_archaic_hexerei_armaments%%D:\Hazens InteliJ\HAHA-1.21.1\build\resources\main from env
[25Sep2026 23:36:15.653] [main/DEBUG] [net.neoforged.fml.loading.targets.CommonLaunchHandler/CORE]: Found supplied mod coordinates [{hazens_archaic_hexerei_armaments=[D:\Hazens InteliJ\HAHA-1.21.1\build\classes\java\main, D:\Hazens InteliJ\HAHA-1.21.1\build\resources\main]}]
[25Sep2026 23:36:15.668] [main/DEBUG] [cpw.mods.modlauncher.TransformationServicesHandler/MODLAUNCHER]: Found additional transformation services from discovery services: 
[25Sep2026 23:36:15.700] [main/INFO] [net.neoforged.fml.loading.ImmediateWindowHandler/]: Loading ImmediateWindowProvider fmlearlywindow
[25Sep2026 23:36:16.260] [main/INFO] [EARLYDISPLAY/]: Trying GL version 4.6
[25Sep2026 23:36:16.575] [main/INFO] [EARLYDISPLAY/]: Requested GL version 4.6 got version 4.6
[25Sep2026 23:36:16.728] [main/DEBUG] [cpw.mods.modlauncher.TransformationServicesHandler/MODLAUNCHER]: Found transformer services : [mixin,fml]
[25Sep2026 23:36:16.730] [main/DEBUG] [cpw.mods.modlauncher.TransformationServicesHandler/MODLAUNCHER]: Transformation services loading
[25Sep2026 23:36:16.733] [main/DEBUG] [cpw.mods.modlauncher.TransformationServiceDecorator/MODLAUNCHER]: Loading service mixin
[25Sep2026 23:36:16.735] [main/DEBUG] [cpw.mods.modlauncher.TransformationServiceDecorator/MODLAUNCHER]: Loaded service mixin
[25Sep2026 23:36:16.738] [main/DEBUG] [cpw.mods.modlauncher.TransformationServiceDecorator/MODLAUNCHER]: Loading service fml
[25Sep2026 23:36:16.741] [main/DEBUG] [net.neoforged.fml.loading.FMLLoader/CORE]: FML 4.0.42 loading
[25Sep2026 23:36:16.741] [main/DEBUG] [net.neoforged.fml.loading.FMLLoader/CORE]: FML found ModLauncher version : 11.0.5+main.901c6ea8
[25Sep2026 23:36:16.743] [main/DEBUG] [net.neoforged.fml.loading.FMLLoader/CORE]: FML found AccessTransformer version : 10.0.1+139da711
[25Sep2026 23:36:16.746] [main/DEBUG] [net.neoforged.fml.loading.FMLLoader/CORE]: FML found EventBus version : null
[25Sep2026 23:36:16.748] [main/DEBUG] [net.neoforged.fml.loading.FMLLoader/CORE]: Found Runtime Dist Cleaner
[25Sep2026 23:36:16.749] [main/DEBUG] [cpw.mods.modlauncher.TransformationServiceDecorator/MODLAUNCHER]: Loaded service fml
[25Sep2026 23:36:16.753] [main/DEBUG] [cpw.mods.modlauncher.TransformationServicesHandler/MODLAUNCHER]: Configuring option handling for services
[25Sep2026 23:36:16.864] [main/DEBUG] [net.neoforged.fml.loading.FMLServiceProvider/CORE]: Received command line version data  : VersionInfo[neoForgeVersion=21.1.224, fmlVersion=4.0.42, mcVersion=1.21.1, neoFormVersion=20240808.144430]
[25Sep2026 23:36:16.865] [main/DEBUG] [cpw.mods.modlauncher.TransformationServicesHandler/MODLAUNCHER]: Transformation services initializing
[25Sep2026 23:36:16.867] [main/DEBUG] [cpw.mods.modlauncher.TransformationServiceDecorator/MODLAUNCHER]: Initializing transformation service mixin
[25Sep2026 23:36:16.911] [main/DEBUG] [mixin/]: MixinService [ModLauncher] was successfully booted in cpw.mods.cl.ModuleClassLoader@47db50c5
[25Sep2026 23:36:16.951] [main/INFO] [mixin/]: SpongePowered MIXIN Subsystem Version=0.8.7 Source=union:/C:/Users/darkp/.gradle/caches/modules-2/files-2.1/net.fabricmc/sponge-mixin/0.15.2+mixin.0.8.7/2af2f021d8e02a0220dc27a7a72b4666d66d44ca/sponge-mixin-0.15.2+mixin.0.8.7.jar%23138!/ Service=ModLauncher Env=CLIENT
[25Sep2026 23:36:16.961] [main/DEBUG] [mixin/]: Initialising Mixin Platform Manager
[25Sep2026 23:36:16.962] [main/DEBUG] [mixin/]: Adding mixin platform agents for container ModLauncher Root Container(ModLauncher:4f56a0a2)
[25Sep2026 23:36:16.964] [main/DEBUG] [mixin/]: Instancing new MixinPlatformAgentMinecraftForge for ModLauncher Root Container(ModLauncher:4f56a0a2)
[25Sep2026 23:36:16.966] [main/DEBUG] [mixin/]: MixinPlatformAgentMinecraftForge rejected container ModLauncher Root Container(ModLauncher:4f56a0a2)
[25Sep2026 23:36:16.968] [main/DEBUG] [mixin/]: Instancing new MixinPlatformAgentDefault for ModLauncher Root Container(ModLauncher:4f56a0a2)
[25Sep2026 23:36:16.969] [main/DEBUG] [mixin/]: MixinPlatformAgentDefault accepted container ModLauncher Root Container(ModLauncher:4f56a0a2)
[25Sep2026 23:36:16.976] [main/DEBUG] [cpw.mods.modlauncher.TransformationServiceDecorator/MODLAUNCHER]: Initialized transformation service mixin
[25Sep2026 23:36:16.977] [main/DEBUG] [cpw.mods.modlauncher.TransformationServiceDecorator/MODLAUNCHER]: Initializing transformation service fml
[25Sep2026 23:36:16.978] [main/DEBUG] [net.neoforged.fml.loading.FMLServiceProvider/CORE]: Setting up basic FML game directories
[25Sep2026 23:36:16.980] [main/DEBUG] [net.neoforged.fml.loading.FMLPaths/CORE]: Path GAMEDIR is D:\Hazens InteliJ\HAHA-1.21.1\run
[25Sep2026 23:36:16.981] [main/DEBUG] [net.neoforged.fml.loading.FMLPaths/CORE]: Path MODSDIR is D:\Hazens InteliJ\HAHA-1.21.1\run\mods
[25Sep2026 23:36:16.982] [main/DEBUG] [net.neoforged.fml.loading.FMLPaths/CORE]: Path CONFIGDIR is D:\Hazens InteliJ\HAHA-1.21.1\run\config
[25Sep2026 23:36:16.983] [main/DEBUG] [net.neoforged.fml.loading.FMLPaths/CORE]: Path FMLCONFIG is D:\Hazens InteliJ\HAHA-1.21.1\run\config\fml.toml
[25Sep2026 23:36:16.984] [main/DEBUG] [net.neoforged.fml.loading.FMLServiceProvider/CORE]: Loading configuration
[25Sep2026 23:36:16.999] [main/DEBUG] [net.neoforged.fml.loading.FMLServiceProvider/CORE]: Preparing launch handler
[25Sep2026 23:36:17.000] [main/DEBUG] [net.neoforged.fml.loading.FMLLoader/CORE]: Using forgeclientdev as launch service
[25Sep2026 23:36:17.008] [main/DEBUG] [cpw.mods.modlauncher.TransformationServiceDecorator/MODLAUNCHER]: Initialized transformation service fml
[25Sep2026 23:36:17.009] [main/DEBUG] [cpw.mods.modlauncher.TransformationServicesHandler/MODLAUNCHER]: Transformation services begin scanning
[25Sep2026 23:36:17.010] [main/DEBUG] [cpw.mods.modlauncher.TransformationServiceDecorator/MODLAUNCHER]: Beginning scan trigger - transformation service mixin
[25Sep2026 23:36:17.011] [main/DEBUG] [cpw.mods.modlauncher.TransformationServiceDecorator/MODLAUNCHER]: End scan trigger - transformation service mixin
[25Sep2026 23:36:17.012] [main/DEBUG] [cpw.mods.modlauncher.TransformationServiceDecorator/MODLAUNCHER]: Beginning scan trigger - transformation service fml
[25Sep2026 23:36:17.013] [main/DEBUG] [net.neoforged.fml.loading.FMLServiceProvider/CORE]: Initiating mod scan
[25Sep2026 23:36:17.014] [main/DEBUG] [net.neoforged.fml.loading.targets.CommonLaunchHandler/CORE]: Got mod coordinates hazens_archaic_hexerei_armaments%%D:\Hazens InteliJ\HAHA-1.21.1\build\classes\java\main;hazens_archaic_hexerei_armaments%%D:\Hazens InteliJ\HAHA-1.21.1\build\resources\main from env
[25Sep2026 23:36:17.014] [main/DEBUG] [net.neoforged.fml.loading.targets.CommonLaunchHandler/CORE]: Found supplied mod coordinates [{hazens_archaic_hexerei_armaments=[D:\Hazens InteliJ\HAHA-1.21.1\build\classes\java\main, D:\Hazens InteliJ\HAHA-1.21.1\build\resources\main]}]
[25Sep2026 23:36:17.021] [main/DEBUG] [net.neoforged.fml.loading.targets.CommonDevLaunchHandler/]: Launching with NeoForge from D:\Hazens InteliJ\HAHA-1.21.1\build\moddev\artifacts\neoforge-21.1.224.jar
[25Sep2026 23:36:17.107] [main/DEBUG] [net.neoforged.fml.util.ServiceLoaderUtil/CORE]: Found 4 implementations of IModFileCandidateLocator:
[25Sep2026 23:36:17.111] [main/DEBUG] [net.neoforged.fml.util.ServiceLoaderUtil/CORE]: 	       0 - [built-in] net.neoforged.fml.loading.moddiscovery.locators.NeoForgeDevProvider from loader-4.0.42.jar
[25Sep2026 23:36:17.114] [main/DEBUG] [net.neoforged.fml.util.ServiceLoaderUtil/CORE]: 	       0 - net.neoforged.fml.loading.moddiscovery.locators.ModsFolderLocator from loader-4.0.42.jar
[25Sep2026 23:36:17.116] [main/DEBUG] [net.neoforged.fml.util.ServiceLoaderUtil/CORE]: 	       0 - net.neoforged.fml.loading.moddiscovery.locators.MavenDirectoryLocator from loader-4.0.42.jar
[25Sep2026 23:36:17.122] [main/DEBUG] [net.neoforged.fml.util.ServiceLoaderUtil/CORE]: 	   -1000 - [built-in] net.neoforged.fml.loading.moddiscovery.locators.UserdevLocator from loader-4.0.42.jar
[25Sep2026 23:36:17.131] [main/DEBUG] [net.neoforged.fml.util.ServiceLoaderUtil/CORE]: Found 2 implementations of IModFileReader:
[25Sep2026 23:36:17.134] [main/DEBUG] [net.neoforged.fml.util.ServiceLoaderUtil/CORE]: 	       0 - net.neoforged.fml.loading.moddiscovery.readers.JarModsDotTomlModFileReader from loader-4.0.42.jar
[25Sep2026 23:36:17.138] [main/DEBUG] [net.neoforged.fml.util.ServiceLoaderUtil/CORE]: 	   -1000 - net.neoforged.fml.loading.moddiscovery.readers.NestedLibraryModReader from loader-4.0.42.jar
[25Sep2026 23:36:17.145] [main/DEBUG] [net.neoforged.fml.util.ServiceLoaderUtil/CORE]: Found 1 implementations of IDependencyLocator:
[25Sep2026 23:36:17.147] [main/DEBUG] [net.neoforged.fml.util.ServiceLoaderUtil/CORE]: 	       0 - net.neoforged.fml.loading.moddiscovery.locators.JarInJarDependencyLocator from loader-4.0.42.jar
[25Sep2026 23:36:17.605] [main/DEBUG] [net.neoforged.fml.loading.moddiscovery.ModFileInfo/LOADING]: Found valid mod file neoforge-21.1.224.jar with {minecraft} mods - versions {1.21.1}
[25Sep2026 23:36:17.655] [main/DEBUG] [net.neoforged.fml.loading.moddiscovery.ModFileParser/LOADING]: Considering mod file candidate D:\Hazens InteliJ\HAHA-1.21.1\build\moddev\artifacts\neoforge-21.1.224.jar
[25Sep2026 23:36:17.758] [main/DEBUG] [net.neoforged.fml.loading.moddiscovery.ModFileInfo/LOADING]: Found valid mod file neoforge-21.1.224.jar with {neoforge} mods - versions {21.1.224}
[25Sep2026 23:36:17.773] [main/DEBUG] [net.neoforged.fml.loading.moddiscovery.ModListHandler/CORE]: Found mod coordinates from lists: []
[25Sep2026 23:36:17.784] [main/DEBUG] [net.neoforged.fml.loading.moddiscovery.ModFileParser/LOADING]: Considering mod file candidate D:\Hazens InteliJ\HAHA-1.21.1\build\classes\java\main
[25Sep2026 23:36:17.811] [main/DEBUG] [net.neoforged.fml.loading.moddiscovery.ModFileInfo/LOADING]: Found valid mod file main with {hazens_archaic_hexerei_armaments} mods - versions {1.0.0}
[25Sep2026 23:36:17.855] [main/DEBUG] [net.neoforged.fml.loading.moddiscovery.ModFileParser/LOADING]: Considering mod file candidate D:\Hazens InteliJ\HAHA-1.21.1\build\moddev\artifacts\neoforge-21.1.224.jar
[25Sep2026 23:36:17.860] [main/DEBUG] [net.neoforged.fml.loading.moddiscovery.ModFileInfo/LOADING]: Found valid mod file neoforge-21.1.224.jar with {neoforge} mods - versions {21.1.224}
[25Sep2026 23:36:17.873] [main/DEBUG] [net.neoforged.fml.loading.moddiscovery.ModFileParser/LOADING]: Considering mod file candidate C:\Users\darkp\.gradle\caches\modules-2\files-2.1\curse.maven\irons_arms_n_artifice-1650193\8974274\d7edb6e3db3333bb5f6d364116726745de0bfc79\irons_arms_n_artifice-1650193-8974274.jar
[25Sep2026 23:36:17.886] [main/DEBUG] [net.neoforged.fml.loading.moddiscovery.ModFileInfo/LOADING]: Found valid mod file irons_arms_n_artifice-1650193-8974274.jar with {irons_artifice} mods - versions {1.21.1-1.0.1}
[25Sep2026 23:36:17.904] [main/DEBUG] [net.neoforged.fml.loading.moddiscovery.ModFileParser/LOADING]: Considering mod file candidate C:\Users\darkp\.gradle\caches\modules-2\files-2.1\curse.maven\irons_spells_n_spellbooks-855414\8680204\17fd8140c477f9ae602cf95594f1c23bef1d6e3\irons_spells_n_spellbooks-855414-8680204.jar
[25Sep2026 23:36:17.913] [pool-2-thread-1/INFO] [EARLYDISPLAY/]: GL info: Intel(R) Iris(R) Plus Graphics GL version 4.6.0 - Build 31.0.101.2130, Intel
[25Sep2026 23:36:17.920] [main/DEBUG] [net.neoforged.fml.loading.moddiscovery.ModFileInfo/LOADING]: Found valid mod file irons_spells_n_spellbooks-855414-8680204.jar with {irons_spellbooks} mods - versions {1.21.1-3.16.3}
[25Sep2026 23:36:17.951] [main/DEBUG] [net.neoforged.fml.loading.moddiscovery.ModFileParser/LOADING]: Considering mod file candidate C:\Users\darkp\.gradle\caches\modules-2\files-2.1\curse.maven\iron_lib-1492763\8973642\33ca1a58dc0b384a6de26171f34b3bf608aaeeb2\iron_lib-1492763-8973642.jar
[25Sep2026 23:36:17.971] [main/DEBUG] [net.neoforged.fml.loading.moddiscovery.ModFileInfo/LOADING]: Found valid mod file iron_lib-1492763-8973642.jar with {irons_lib} mods - versions {1.21.1-2.2.0}
[25Sep2026 23:36:17.987] [main/DEBUG] [net.neoforged.fml.loading.moddiscovery.ModFileParser/LOADING]: Considering mod file candidate C:\Users\darkp\.gradle\caches\modules-2\files-2.1\curse.maven\geckolib-388172\8893490\5cfe835472a5c5457ae9ac192d9d7b317454d5ac\geckolib-388172-8893490.jar
[25Sep2026 23:36:17.999] [main/DEBUG] [net.neoforged.fml.loading.moddiscovery.ModFileInfo/LOADING]: Found valid mod file geckolib-388172-8893490.jar with {geckolib} mods - versions {4.9.3}
[25Sep2026 23:36:18.012] [main/DEBUG] [net.neoforged.fml.loading.moddiscovery.ModFileParser/LOADING]: Considering mod file candidate C:\Users\darkp\.gradle\caches\modules-2\files-2.1\curse.maven\player_animator-658587\6024462\c0a3d0cf0569b61302e17f35dc158ee75813f80f\player_animator-658587-6024462.jar
[25Sep2026 23:36:18.018] [main/DEBUG] [net.neoforged.fml.loading.moddiscovery.ModFileInfo/LOADING]: Found valid mod file player_animator-658587-6024462.jar with {playeranimator} mods - versions {2.0.1+1.21.1}
[25Sep2026 23:36:18.030] [main/DEBUG] [net.neoforged.fml.loading.moddiscovery.ModFileParser/LOADING]: Considering mod file candidate C:\Users\darkp\.gradle\caches\modules-2\files-2.1\curse.maven\curios-309927\6529130\418fcd42e3a7844c9bdc71c9b6401fdb3894e0c4\curios-309927-6529130.jar
[25Sep2026 23:36:18.038] [main/DEBUG] [net.neoforged.fml.loading.moddiscovery.ModFileInfo/LOADING]: Found valid mod file curios-309927-6529130.jar with {curios} mods - versions {9.5.1+1.21.1}
[25Sep2026 23:36:18.047] [main/DEBUG] [net.neoforged.fml.loading.moddiscovery.ModFileParser/LOADING]: Considering mod file candidate C:\Users\darkp\.gradle\caches\modules-2\files-2.1\curse.maven\caelus-308989\5694215\e4c2e1af4e3082d68f7df75f7c8ce30116d71515\caelus-308989-5694215.jar
[25Sep2026 23:36:18.050] [main/DEBUG] [net.neoforged.fml.loading.moddiscovery.ModFileInfo/LOADING]: Found valid mod file caelus-308989-5694215.jar with {caelus} mods - versions {7.0.1+1.21.1}
[25Sep2026 23:36:18.060] [main/DEBUG] [net.neoforged.fml.loading.moddiscovery.ModFileParser/LOADING]: Considering mod file candidate C:\Users\darkp\.gradle\caches\modules-2\files-2.1\curse.maven\ace_utils-1299492\8789930\8cbcd535a0b19bef49504c0b5ecafcbcd1cb1cca\ace_utils-1299492-8789930.jar
[25Sep2026 23:36:18.065] [main/DEBUG] [net.neoforged.fml.loading.moddiscovery.ModFileInfo/LOADING]: Found valid mod file ace_utils-1299492-8789930.jar with {aces_spell_utils} mods - versions {1.2.7.2-1.21.1}
[25Sep2026 23:36:18.076] [main/DEBUG] [net.neoforged.fml.loading.moddiscovery.ModFileParser/LOADING]: Considering mod file candidate C:\Users\darkp\.gradle\caches\modules-2\files-2.1\curse.maven\hazentouvelib-1528722\8977077\2ecd8cc5f41c5581d03e52e457ed45ec787cb04c\hazentouvelib-1528722-8977077.jar
[25Sep2026 23:36:18.080] [main/DEBUG] [net.neoforged.fml.loading.moddiscovery.ModFileInfo/LOADING]: Found valid mod file hazentouvelib-1528722-8977077.jar with {hazentouvelib} mods - versions {1.0.11}
[25Sep2026 23:36:18.089] [main/DEBUG] [net.neoforged.fml.loading.moddiscovery.ModFileParser/LOADING]: Considering mod file candidate C:\Users\darkp\.gradle\caches\modules-2\files-2.1\curse.maven\azurelib-817423\7371539\96ff2f731aefe29c67948a8778b4022201f29944\azurelib-817423-7371539.jar
[25Sep2026 23:36:18.092] [main/DEBUG] [net.neoforged.fml.loading.moddiscovery.ModFileInfo/LOADING]: Found valid mod file azurelib-817423-7371539.jar with {azurelib} mods - versions {3.1.3}
[25Sep2026 23:36:18.102] [main/DEBUG] [net.neoforged.fml.loading.moddiscovery.ModFileParser/LOADING]: Considering mod file candidate C:\Users\darkp\.gradle\caches\modules-2\files-2.1\curse.maven\embeddium-908741\6118392\56063839172a000d079272794bad366f2ad4cbbd\embeddium-908741-6118392.jar
[25Sep2026 23:36:18.107] [main/DEBUG] [net.neoforged.fml.loading.moddiscovery.ModFileInfo/LOADING]: Found valid mod file embeddium-908741-6118392.jar with {embeddium} mods - versions {1.0.15+mc1.21.1}
[25Sep2026 23:36:18.116] [main/DEBUG] [net.neoforged.fml.loading.moddiscovery.ModFileParser/LOADING]: Considering mod file candidate C:\Users\darkp\.gradle\caches\modules-2\files-2.1\curse.maven\jade-324717\6853386\c7e9b04e2481d26c9080dd5d32351490d1fed3a\jade-324717-6853386.jar
[25Sep2026 23:36:18.144] [main/DEBUG] [net.neoforged.fml.loading.moddiscovery.ModFileInfo/LOADING]: Found valid mod file jade-324717-6853386.jar with {jade} mods - versions {15.10.3+neoforge}
[25Sep2026 23:36:18.152] [main/DEBUG] [net.neoforged.fml.loading.moddiscovery.ModFileParser/LOADING]: Considering mod file candidate C:\Users\darkp\.gradle\caches\modules-2\files-2.1\curse.maven\mmm-225738\7206981\1bdaf699dd40c03c96a85f64ae9b54a8e40bb539\mmm-225738-7206981.jar
[25Sep2026 23:36:18.156] [main/DEBUG] [net.neoforged.fml.loading.moddiscovery.ModFileInfo/LOADING]: Found valid mod file mmm-225738-7206981.jar with {dummmmmmy} mods - versions {1.21-2.0.11}
[25Sep2026 23:36:18.164] [main/DEBUG] [net.neoforged.fml.loading.moddiscovery.ModFileParser/LOADING]: Considering mod file candidate C:\Users\darkp\.gradle\caches\modules-2\files-2.1\curse.maven\moonlight_lib-499980\7669172\9850582dcc9bef6cf5a901f15c240f17dd74ddb8\moonlight_lib-499980-7669172.jar
[25Sep2026 23:36:18.169] [main/DEBUG] [net.neoforged.fml.loading.moddiscovery.ModFileInfo/LOADING]: Found valid mod file moonlight_lib-499980-7669172.jar with {moonlight} mods - versions {1.21-2.29.18}
[25Sep2026 23:36:18.184] [main/DEBUG] [net.neoforged.fml.loading.moddiscovery.ModFileParser/LOADING]: Considering mod file candidate C:\Users\darkp\.gradle\caches\modules-2\files-2.1\mezz.jei\jei-1.21.1-neoforge\19.25.0.322\f42aa17f8490dd437e75b8f4abd8360e9f0265b9\jei-1.21.1-neoforge-19.25.0.322.jar
[25Sep2026 23:36:18.190] [main/DEBUG] [net.neoforged.fml.loading.moddiscovery.ModFileInfo/LOADING]: Found valid mod file jei-1.21.1-neoforge-19.25.0.322.jar with {jei} mods - versions {19.25.0.322}
[25Sep2026 23:36:18.268] [main/DEBUG] [net.neoforged.fml.loading.moddiscovery.ModDiscoverer/]: Skipping C:\Users\darkp\.gradle\caches\modules-2\files-2.1\net.neoforged.fancymodloader\earlydisplay\4.0.42\46555dbfff14e9e052f1f693aed14d542a74e111\earlydisplay-4.0.42.jar because it was already located earlier
[25Sep2026 23:36:18.269] [main/DEBUG] [net.neoforged.fml.loading.moddiscovery.ModDiscoverer/]: Skipping C:\Users\darkp\.gradle\caches\modules-2\files-2.1\net.neoforged.fancymodloader\loader\4.0.42\76e15f98bf676fb44b36c5e776f52a55581ec43a\loader-4.0.42.jar because it was already located earlier
[25Sep2026 23:36:18.269] [main/DEBUG] [net.neoforged.fml.loading.moddiscovery.ModDiscoverer/]: Skipping C:\Users\darkp\.gradle\caches\modules-2\files-2.1\net.neoforged.accesstransformers\at-modlauncher\10.0.1\5aba50202aceead086bc09fbc2751c9f05cb4890\at-modlauncher-10.0.1.jar because it was already located earlier
[25Sep2026 23:36:18.270] [main/DEBUG] [net.neoforged.fml.loading.moddiscovery.ModDiscoverer/]: Skipping C:\Users\darkp\.gradle\caches\modules-2\files-2.1\net.neoforged\accesstransformers\10.0.1\fd83b5725f76eae9115e9355fa1c456a6a441400\accesstransformers-10.0.1.jar because it was already located earlier
[25Sep2026 23:36:18.270] [main/DEBUG] [net.neoforged.fml.loading.moddiscovery.ModDiscoverer/]: Skipping C:\Users\darkp\.gradle\caches\modules-2\files-2.1\net.neoforged\bus\8.0.5\5b2d33285ab5d1554e9798ad98c40d6ea3868bd5\bus-8.0.5.jar because it was already located earlier
[25Sep2026 23:36:18.271] [main/DEBUG] [net.neoforged.fml.loading.moddiscovery.ModDiscoverer/]: Skipping C:\Users\darkp\.gradle\caches\modules-2\files-2.1\net.neoforged\coremods\7.0.3\9147e6f638b4272b3bd5fc8f92ad37802512c6c\coremods-7.0.3.jar because it was already located earlier
[25Sep2026 23:36:18.271] [main/DEBUG] [net.neoforged.fml.loading.moddiscovery.ModDiscoverer/]: Skipping C:\Users\darkp\.gradle\caches\modules-2\files-2.1\cpw.mods\modlauncher\11.0.5\b8f0d49294f733fdb6173931b263553e943dc950\modlauncher-11.0.5.jar because it was already located earlier
[25Sep2026 23:36:18.272] [main/DEBUG] [net.neoforged.fml.loading.moddiscovery.ModDiscoverer/]: Skipping C:\Users\darkp\.gradle\caches\modules-2\files-2.1\net.neoforged\mergetool\2.0.0\52fe1949be64e3303aabaaa21e315f551db9c9f4\mergetool-2.0.0-api.jar because it was already located earlier
[25Sep2026 23:36:18.273] [main/DEBUG] [net.neoforged.fml.loading.moddiscovery.ModDiscoverer/]: Skipping C:\Users\darkp\.gradle\caches\modules-2\files-2.1\com.electronwill.night-config\toml\3.8.3\90b2fd6efcb4a7d5b9810cf78f9d824994d717f2\toml-3.8.3.jar because it was already located earlier
[25Sep2026 23:36:18.273] [main/DEBUG] [net.neoforged.fml.loading.moddiscovery.ModDiscoverer/]: Skipping C:\Users\darkp\.gradle\caches\modules-2\files-2.1\com.electronwill.night-config\core\3.8.3\b442a95f09e349927f5a945ecb594455870fcf4f\core-3.8.3.jar because it was already located earlier
[25Sep2026 23:36:18.274] [main/DEBUG] [net.neoforged.fml.loading.moddiscovery.ModDiscoverer/]: Skipping C:\Users\darkp\.gradle\caches\modules-2\files-2.1\net.neoforged\JarJarSelector\0.4.1\fb3cc7a58af22ad2880adb98af6d518128c47dae\JarJarSelector-0.4.1.jar because it was already located earlier
[25Sep2026 23:36:18.274] [main/DEBUG] [net.neoforged.fml.loading.moddiscovery.ModDiscoverer/]: Skipping C:\Users\darkp\.gradle\caches\modules-2\files-2.1\net.neoforged\JarJarMetadata\0.4.1\f8da03683dc81694556dc3e177c5e3bb77ae6fcb\JarJarMetadata-0.4.1.jar because it was already located earlier
[25Sep2026 23:36:18.274] [main/DEBUG] [net.neoforged.fml.loading.moddiscovery.ModDiscoverer/]: Skipping C:\Users\darkp\.gradle\caches\modules-2\files-2.1\org.apache.maven\maven-artifact\3.8.5\4433f50c07debefaed0553bd0068f4f48d449313\maven-artifact-3.8.5.jar because it was already located earlier
[25Sep2026 23:36:18.275] [main/DEBUG] [net.neoforged.fml.loading.moddiscovery.ModDiscoverer/]: Skipping C:\Users\darkp\.gradle\caches\modules-2\files-2.1\net.jodah\typetools\0.6.3\a01aaa6ddaea9ec07ec4f209487b7a46a526283a\typetools-0.6.3.jar because it was already located earlier
[25Sep2026 23:36:18.275] [main/DEBUG] [net.neoforged.fml.loading.moddiscovery.ModDiscoverer/]: Skipping C:\Users\darkp\.gradle\caches\modules-2\files-2.1\net.minecrell\terminalconsoleappender\1.3.0\b562e9bb61235c9520e26282cdee71f8f802d1fc\terminalconsoleappender-1.3.0.jar because it was already located earlier
[25Sep2026 23:36:18.276] [main/DEBUG] [net.neoforged.fml.loading.moddiscovery.ModDiscoverer/]: Skipping C:\Users\darkp\.gradle\caches\modules-2\files-2.1\net.fabricmc\sponge-mixin\0.15.2+mixin.0.8.7\2af2f021d8e02a0220dc27a7a72b4666d66d44ca\sponge-mixin-0.15.2+mixin.0.8.7.jar because it was already located earlier
[25Sep2026 23:36:18.276] [main/DEBUG] [net.neoforged.fml.loading.moddiscovery.ModDiscoverer/]: Skipping C:\Users\darkp\.gradle\caches\modules-2\files-2.1\org.openjdk.nashorn\nashorn-core\15.4\f67f5ffaa5f5130cf6fb9b133da00c7df3b532a5\nashorn-core-15.4.jar because it was already located earlier
[25Sep2026 23:36:18.276] [main/DEBUG] [net.neoforged.fml.loading.moddiscovery.ModDiscoverer/]: Skipping C:\Users\darkp\.gradle\caches\modules-2\files-2.1\org.apache.commons\commons-lang3\3.14.0\1ed471194b02f2c6cb734a0cd6f6f107c673afae\commons-lang3-3.14.0.jar because it was already located earlier
[25Sep2026 23:36:18.278] [main/DEBUG] [net.neoforged.fml.loading.moddiscovery.ModDiscoverer/]: Skipping C:\Users\darkp\.gradle\caches\modules-2\files-2.1\net.sf.jopt-simple\jopt-simple\5.0.4\4fdac2fbe92dfad86aa6e9301736f6b4342a3f5c\jopt-simple-5.0.4.jar because it was already located earlier
[25Sep2026 23:36:18.279] [main/DEBUG] [net.neoforged.fml.loading.moddiscovery.ModDiscoverer/]: Skipping C:\Users\darkp\.gradle\caches\modules-2\files-2.1\commons-io\commons-io\2.15.1\f11560da189ab563a5c8e351941415430e9304ea\commons-io-2.15.1.jar because it was already located earlier
[25Sep2026 23:36:18.279] [main/DEBUG] [net.neoforged.fml.loading.moddiscovery.ModDiscoverer/]: Skipping C:\Users\darkp\.gradle\caches\modules-2\files-2.1\com.mojang\logging\1.2.7\24cb95ffb0e3433fd6e844c04e68009e504ca1c0\logging-1.2.7.jar because it was already located earlier
[25Sep2026 23:36:18.279] [main/DEBUG] [net.neoforged.fml.loading.moddiscovery.ModDiscoverer/]: Skipping C:\Users\darkp\.gradle\caches\modules-2\files-2.1\org.apache.logging.log4j\log4j-slf4j2-impl\2.22.1\d7e6693c2606cb7e7335047d7bb96dec52db5665\log4j-slf4j2-impl-2.22.1.jar because it was already located earlier
[25Sep2026 23:36:18.280] [main/DEBUG] [net.neoforged.fml.loading.moddiscovery.ModDiscoverer/]: Skipping C:\Users\darkp\.gradle\caches\modules-2\files-2.1\org.apache.logging.log4j\log4j-core\2.22.1\7183a25510a02ad00cc6a95d3b3d2a7d3c5a8dc4\log4j-core-2.22.1.jar because it was already located earlier
[25Sep2026 23:36:18.280] [main/DEBUG] [net.neoforged.fml.loading.moddiscovery.ModDiscoverer/]: Skipping C:\Users\darkp\.gradle\caches\modules-2\files-2.1\org.apache.logging.log4j\log4j-api\2.22.1\bea6fede6328fabafd7e68363161a7ea6605abd1\log4j-api-2.22.1.jar because it was already located earlier
[25Sep2026 23:36:18.280] [main/DEBUG] [net.neoforged.fml.loading.moddiscovery.ModDiscoverer/]: Skipping C:\Users\darkp\.gradle\caches\modules-2\files-2.1\com.google.guava\guava\32.1.2-jre\5e64ec7e056456bef3a4bc4c6fdaef71e8ab6318\guava-32.1.2-jre.jar because it was already located earlier
[25Sep2026 23:36:18.281] [main/DEBUG] [net.neoforged.fml.loading.moddiscovery.ModDiscoverer/]: Skipping C:\Users\darkp\.gradle\caches\modules-2\files-2.1\com.google.code.gson\gson\2.10.1\b3add478d4382b78ea20b1671390a858002feb6c\gson-2.10.1.jar because it was already located earlier
[25Sep2026 23:36:18.281] [main/DEBUG] [net.neoforged.fml.loading.moddiscovery.ModDiscoverer/]: Skipping C:\Users\darkp\.gradle\caches\modules-2\files-2.1\org.slf4j\slf4j-api\2.0.9\7cf2726fdcfbc8610f9a71fb3ed639871f315340\slf4j-api-2.0.9.jar because it was already located earlier
[25Sep2026 23:36:18.281] [main/DEBUG] [net.neoforged.fml.loading.moddiscovery.ModDiscoverer/]: Skipping C:\Users\darkp\.gradle\caches\modules-2\files-2.1\org.antlr\antlr4-runtime\4.13.1\17125bae1d965624e265ef49552f6465a2bfa307\antlr4-runtime-4.13.1.jar because it was already located earlier
[25Sep2026 23:36:18.281] [main/DEBUG] [net.neoforged.fml.loading.moddiscovery.ModDiscoverer/]: Skipping C:\Users\darkp\.gradle\caches\modules-2\files-2.1\net.minecraftforge\srgutils\0.4.15\ca408b131759478f164e010fae0d73997e125fb5\srgutils-0.4.15.jar because it was already located earlier
[25Sep2026 23:36:18.282] [main/DEBUG] [net.neoforged.fml.loading.moddiscovery.ModDiscoverer/]: Skipping C:\Users\darkp\.gradle\caches\modules-2\files-2.1\org.codehaus.plexus\plexus-utils\3.3.0\cf43b5391de623b36fe066a21127baef82c64022\plexus-utils-3.3.0.jar because it was already located earlier
[25Sep2026 23:36:18.282] [main/DEBUG] [net.neoforged.fml.loading.moddiscovery.ModDiscoverer/]: Skipping C:\Users\darkp\.gradle\caches\modules-2\files-2.1\org.jline\jline-reader\3.20.0\8f15415b022a25b473e8e16c28ae913186ffb9c4\jline-reader-3.20.0.jar because it was already located earlier
[25Sep2026 23:36:18.283] [main/DEBUG] [net.neoforged.fml.loading.moddiscovery.ModDiscoverer/]: Skipping C:\Users\darkp\.gradle\caches\modules-2\files-2.1\com.machinezoo.noexception\noexception\1.7.1\b65330c98e38a1f915fa54a6e5eca496505e3f0a\noexception-1.7.1.jar because it was already located earlier
[25Sep2026 23:36:18.283] [main/DEBUG] [net.neoforged.fml.loading.moddiscovery.ModDiscoverer/]: Skipping C:\Users\darkp\.gradle\caches\modules-2\files-2.1\com.github.oshi\oshi-core\6.4.10\b1d8ab82d11d92fd639b56d639f8f46f739dd5fa\oshi-core-6.4.10.jar because it was already located earlier
[25Sep2026 23:36:18.283] [main/DEBUG] [net.neoforged.fml.loading.moddiscovery.ModDiscoverer/]: Skipping C:\Users\darkp\.gradle\caches\modules-2\files-2.1\com.google.guava\failureaccess\1.0.1\1dcf1de382a0bf95a3d8b0849546c88bac1292c9\failureaccess-1.0.1.jar because it was already located earlier
[25Sep2026 23:36:18.284] [main/DEBUG] [net.neoforged.fml.loading.moddiscovery.ModDiscoverer/]: Skipping C:\Users\darkp\.gradle\caches\modules-2\files-2.1\com.ibm.icu\icu4j\73.2\61ad4ef7f9131fcf6d25c34b817f90d6da06c9e9\icu4j-73.2.jar because it was already located earlier
[25Sep2026 23:36:18.284] [main/DEBUG] [net.neoforged.fml.loading.moddiscovery.ModDiscoverer/]: Skipping C:\Users\darkp\.gradle\caches\modules-2\files-2.1\com.mojang\authlib\6.0.54\de8bc95660e1b2fe8793fd427a7a10dcec5b3ea7\authlib-6.0.54.jar because it was already located earlier
[25Sep2026 23:36:18.284] [main/DEBUG] [net.neoforged.fml.loading.moddiscovery.ModDiscoverer/]: Skipping C:\Users\darkp\.gradle\caches\modules-2\files-2.1\com.mojang\blocklist\1.0.10\5c685c5ffa94c4cd39496c7184c1d122e515ecef\blocklist-1.0.10.jar because it was already located earlier
[25Sep2026 23:36:18.285] [main/DEBUG] [net.neoforged.fml.loading.moddiscovery.ModDiscoverer/]: Skipping C:\Users\darkp\.gradle\caches\modules-2\files-2.1\com.mojang\brigadier\1.3.10\d15b53a14cf20fdcaa98f731af5dda654452c010\brigadier-1.3.10.jar because it was already located earlier
[25Sep2026 23:36:18.285] [main/DEBUG] [net.neoforged.fml.loading.moddiscovery.ModDiscoverer/]: Skipping C:\Users\darkp\.gradle\caches\modules-2\files-2.1\com.mojang\datafixerupper\8.0.16\67d4de6d7f95d89bcf5862995fb854ebaec02a34\datafixerupper-8.0.16.jar because it was already located earlier
[25Sep2026 23:36:18.286] [main/DEBUG] [net.neoforged.fml.loading.moddiscovery.ModDiscoverer/]: Skipping C:\Users\darkp\.gradle\caches\modules-2\files-2.1\com.mojang\patchy\2.2.10\da05971b07cbb379d002cf7eaec6a2048211fefc\patchy-2.2.10.jar because it was already located earlier
[25Sep2026 23:36:18.286] [main/DEBUG] [net.neoforged.fml.loading.moddiscovery.ModDiscoverer/]: Skipping C:\Users\darkp\.gradle\caches\modules-2\files-2.1\com.mojang\text2speech\1.17.9\3cad216e3a7f0c19b4b394388bc9ffc446f13b14\text2speech-1.17.9.jar because it was already located earlier
[25Sep2026 23:36:18.286] [main/DEBUG] [net.neoforged.fml.loading.moddiscovery.ModDiscoverer/]: Skipping C:\Users\darkp\.gradle\caches\modules-2\files-2.1\commons-codec\commons-codec\1.16.0\4e3eb3d79888d76b54e28b350915b5dc3919c9de\commons-codec-1.16.0.jar because it was already located earlier
[25Sep2026 23:36:18.287] [main/DEBUG] [net.neoforged.fml.loading.moddiscovery.ModDiscoverer/]: Skipping C:\Users\darkp\.gradle\caches\modules-2\files-2.1\commons-logging\commons-logging\1.2\4bfc12adfe4842bf07b657f0369c4cb522955686\commons-logging-1.2.jar because it was already located earlier
[25Sep2026 23:36:18.287] [main/DEBUG] [net.neoforged.fml.loading.moddiscovery.ModDiscoverer/]: Skipping C:\Users\darkp\.gradle\caches\modules-2\files-2.1\io.netty\netty-buffer\4.1.97.Final\f8f3d8644afa5e6e1a40a3a6aeb9d9aa970ecb4f\netty-buffer-4.1.97.Final.jar because it was already located earlier
[25Sep2026 23:36:18.288] [main/DEBUG] [net.neoforged.fml.loading.moddiscovery.ModDiscoverer/]: Skipping C:\Users\darkp\.gradle\caches\modules-2\files-2.1\io.netty\netty-codec\4.1.97.Final\384ba4d75670befbedb45c4d3b497a93639c206d\netty-codec-4.1.97.Final.jar because it was already located earlier
[25Sep2026 23:36:18.288] [main/DEBUG] [net.neoforged.fml.loading.moddiscovery.ModDiscoverer/]: Skipping C:\Users\darkp\.gradle\caches\modules-2\files-2.1\io.netty\netty-common\4.1.97.Final\7cceacaf11df8dc63f23d0fb58e9d4640fc88404\netty-common-4.1.97.Final.jar because it was already located earlier
[25Sep2026 23:36:18.288] [main/DEBUG] [net.neoforged.fml.loading.moddiscovery.ModDiscoverer/]: Skipping C:\Users\darkp\.gradle\caches\modules-2\files-2.1\io.netty\netty-handler\4.1.97.Final\abb86c6906bf512bf2b797a41cd7d2e8d3cd7c36\netty-handler-4.1.97.Final.jar because it was already located earlier
[25Sep2026 23:36:18.289] [main/DEBUG] [net.neoforged.fml.loading.moddiscovery.ModDiscoverer/]: Skipping C:\Users\darkp\.gradle\caches\modules-2\files-2.1\io.netty\netty-resolver\4.1.97.Final\cec8348108dc76c47cf87c669d514be52c922144\netty-resolver-4.1.97.Final.jar because it was already located earlier
[25Sep2026 23:36:18.289] [main/DEBUG] [net.neoforged.fml.loading.moddiscovery.ModDiscoverer/]: Skipping C:\Users\darkp\.gradle\caches\modules-2\files-2.1\io.netty\netty-transport-classes-epoll\4.1.97.Final\795da37ded759e862457a82d9d92c4d39ce8ecee\netty-transport-classes-epoll-4.1.97.Final.jar because it was already located earlier
[25Sep2026 23:36:18.289] [main/DEBUG] [net.neoforged.fml.loading.moddiscovery.ModDiscoverer/]: Skipping C:\Users\darkp\.gradle\caches\modules-2\files-2.1\io.netty\netty-transport-native-unix-common\4.1.97.Final\d469d84265ab70095b01b40886cabdd433b6e664\netty-transport-native-unix-common-4.1.97.Final.jar because it was already located earlier
[25Sep2026 23:36:18.290] [main/DEBUG] [net.neoforged.fml.loading.moddiscovery.ModDiscoverer/]: Skipping C:\Users\darkp\.gradle\caches\modules-2\files-2.1\io.netty\netty-transport\4.1.97.Final\f37380d23c9bb079bc702910833b2fd532c9abd0\netty-transport-4.1.97.Final.jar because it was already located earlier
[25Sep2026 23:36:18.290] [main/DEBUG] [net.neoforged.fml.loading.moddiscovery.ModDiscoverer/]: Skipping C:\Users\darkp\.gradle\caches\modules-2\files-2.1\it.unimi.dsi\fastutil\8.5.12\c24946d46824bd528054bface3231d2ecb7e95e8\fastutil-8.5.12.jar because it was already located earlier
[25Sep2026 23:36:18.290] [main/DEBUG] [net.neoforged.fml.loading.moddiscovery.ModDiscoverer/]: Skipping C:\Users\darkp\.gradle\caches\modules-2\files-2.1\net.java.dev.jna\jna-platform\5.14.0\28934d48aed814f11e4c584da55c49fa7032b31b\jna-platform-5.14.0.jar because it was already located earlier
[25Sep2026 23:36:18.291] [main/DEBUG] [net.neoforged.fml.loading.moddiscovery.ModDiscoverer/]: Skipping C:\Users\darkp\.gradle\caches\modules-2\files-2.1\net.java.dev.jna\jna\5.14.0\67bf3eaea4f0718cb376a181a629e5f88fa1c9dd\jna-5.14.0.jar because it was already located earlier
[25Sep2026 23:36:18.291] [main/DEBUG] [net.neoforged.fml.loading.moddiscovery.ModDiscoverer/]: Skipping C:\Users\darkp\.gradle\caches\modules-2\files-2.1\org.apache.commons\commons-compress\1.26.0\659feffdd12280201c8aacb8f7be94f9a883c824\commons-compress-1.26.0.jar because it was already located earlier
[25Sep2026 23:36:18.291] [main/DEBUG] [net.neoforged.fml.loading.moddiscovery.ModDiscoverer/]: Skipping C:\Users\darkp\.gradle\caches\modules-2\files-2.1\org.apache.httpcomponents\httpclient\4.5.13\e5f6cae5ca7ecaac1ec2827a9e2d65ae2869cada\httpclient-4.5.13.jar because it was already located earlier
[25Sep2026 23:36:18.292] [main/DEBUG] [net.neoforged.fml.loading.moddiscovery.ModDiscoverer/]: Skipping C:\Users\darkp\.gradle\caches\modules-2\files-2.1\org.apache.httpcomponents\httpcore\4.4.16\51cf043c87253c9f58b539c9f7e44c8894223850\httpcore-4.4.16.jar because it was already located earlier
[25Sep2026 23:36:18.292] [main/DEBUG] [net.neoforged.fml.loading.moddiscovery.ModDiscoverer/]: Skipping C:\Users\darkp\.gradle\caches\modules-2\files-2.1\org.jcraft\jorbis\0.0.17\8872d22b293e8f5d7d56ff92be966e6dc28ebdc6\jorbis-0.0.17.jar because it was already located earlier
[25Sep2026 23:36:18.292] [main/DEBUG] [net.neoforged.fml.loading.moddiscovery.ModDiscoverer/]: Skipping C:\Users\darkp\.gradle\caches\modules-2\files-2.1\org.joml\joml\1.10.5\22566d58af70ad3d72308bab63b8339906deb649\joml-1.10.5.jar because it was already located earlier
[25Sep2026 23:36:18.293] [main/DEBUG] [net.neoforged.fml.loading.moddiscovery.ModDiscoverer/]: Skipping C:\Users\darkp\.gradle\caches\modules-2\files-2.1\org.lwjgl\lwjgl-freetype\3.3.3\a0db6c84a8becc8ca05f9dbfa985edc348a824c7\lwjgl-freetype-3.3.3.jar because it was already located earlier
[25Sep2026 23:36:18.315] [main/DEBUG] [net.neoforged.fml.loading.moddiscovery.ModDiscoverer/]: Skipping C:\Users\darkp\.gradle\caches\modules-2\files-2.1\org.lwjgl\lwjgl-freetype\3.3.3\15a8c1de7f51d07a92eae7ce1222557073a0c0c3\lwjgl-freetype-3.3.3-natives-windows-x86.jar because it was already located earlier
[25Sep2026 23:36:18.315] [main/DEBUG] [net.neoforged.fml.loading.moddiscovery.ModDiscoverer/]: Skipping C:\Users\darkp\.gradle\caches\modules-2\files-2.1\org.lwjgl\lwjgl-glfw\3.3.3\efa1eb78c5ccd840e9f329717109b5e892d72f8e\lwjgl-glfw-3.3.3.jar because it was already located earlier
[25Sep2026 23:36:18.338] [main/DEBUG] [net.neoforged.fml.loading.moddiscovery.ModDiscoverer/]: Skipping C:\Users\darkp\.gradle\caches\modules-2\files-2.1\org.lwjgl\lwjgl-glfw\3.3.3\32334f3fd5270a59bad9939a93115acb6de36dcf\lwjgl-glfw-3.3.3-natives-windows-x86.jar because it was already located earlier
[25Sep2026 23:36:18.339] [main/DEBUG] [net.neoforged.fml.loading.moddiscovery.ModDiscoverer/]: Skipping C:\Users\darkp\.gradle\caches\modules-2\files-2.1\org.lwjgl\lwjgl-jemalloc\3.3.3\b543467b7ff3c6920539a88ee602d34098628be5\lwjgl-jemalloc-3.3.3.jar because it was already located earlier
[25Sep2026 23:36:18.340] [main/DEBUG] [net.neoforged.fml.loading.moddiscovery.ModDiscoverer/]: Skipping C:\Users\darkp\.gradle\caches\modules-2\files-2.1\org.lwjgl\lwjgl-jemalloc\3.3.3\426222fc027602a5f21b9c0fe79cde6a4c7a011f\lwjgl-jemalloc-3.3.3-natives-windows.jar because it was already located earlier
[25Sep2026 23:36:18.362] [main/DEBUG] [net.neoforged.fml.loading.moddiscovery.ModDiscoverer/]: Skipping C:\Users\darkp\.gradle\caches\modules-2\files-2.1\org.lwjgl\lwjgl-openal\3.3.3\daada81ceb5fc0c291fbfdd4433cb8d9423577f2\lwjgl-openal-3.3.3.jar because it was already located earlier
[25Sep2026 23:36:18.386] [main/DEBUG] [net.neoforged.fml.loading.moddiscovery.ModDiscoverer/]: Skipping C:\Users\darkp\.gradle\caches\modules-2\files-2.1\org.lwjgl\lwjgl-openal\3.3.3\87b8d5050e3adb46bb58fe1cb2669a4a48fce10d\lwjgl-openal-3.3.3-natives-windows-x86.jar because it was already located earlier
[25Sep2026 23:36:18.387] [main/DEBUG] [net.neoforged.fml.loading.moddiscovery.ModDiscoverer/]: Skipping C:\Users\darkp\.gradle\caches\modules-2\files-2.1\org.lwjgl\lwjgl-opengl\3.3.3\2f6b0147078396a58979125a4c947664e98293a\lwjgl-opengl-3.3.3.jar because it was already located earlier
[25Sep2026 23:36:18.399] [main/DEBUG] [net.neoforged.fml.loading.moddiscovery.ModDiscoverer/]: Skipping C:\Users\darkp\.gradle\caches\modules-2\files-2.1\org.lwjgl\lwjgl-opengl\3.3.3\65e956d3735a1abdc82eff4baec1b61174697d4b\lwjgl-opengl-3.3.3-natives-windows-arm64.jar because it was already located earlier
[25Sep2026 23:36:18.409] [main/DEBUG] [net.neoforged.fml.loading.moddiscovery.ModDiscoverer/]: Skipping C:\Users\darkp\.gradle\caches\modules-2\files-2.1\org.lwjgl\lwjgl-stb\3.3.3\25dd6161988d7e65f71d5065c99902402ee32746\lwjgl-stb-3.3.3.jar because it was already located earlier
[25Sep2026 23:36:18.411] [main/DEBUG] [net.neoforged.fml.loading.moddiscovery.ModDiscoverer/]: Skipping C:\Users\darkp\.gradle\caches\modules-2\files-2.1\org.lwjgl\lwjgl-stb\3.3.3\1d9facdf6541de114b0f963be33505b7679c78cb\lwjgl-stb-3.3.3-natives-windows.jar because it was already located earlier
[25Sep2026 23:36:18.431] [main/DEBUG] [net.neoforged.fml.loading.moddiscovery.ModDiscoverer/]: Skipping C:\Users\darkp\.gradle\caches\modules-2\files-2.1\org.lwjgl\lwjgl-tinyfd\3.3.3\82d755ca94b102e9ca77283b9e2dc46d1b15fbe5\lwjgl-tinyfd-3.3.3.jar because it was already located earlier
[25Sep2026 23:36:18.431] [main/DEBUG] [net.neoforged.fml.loading.moddiscovery.ModDiscoverer/]: Skipping C:\Users\darkp\.gradle\caches\modules-2\files-2.1\org.lwjgl\lwjgl-tinyfd\3.3.3\a6697981b0449a5087c1d546fc08b4f73e8f98c9\lwjgl-tinyfd-3.3.3-natives-windows.jar because it was already located earlier
[25Sep2026 23:36:18.457] [main/DEBUG] [net.neoforged.fml.loading.moddiscovery.ModDiscoverer/]: Skipping C:\Users\darkp\.gradle\caches\modules-2\files-2.1\org.lwjgl\lwjgl\3.3.3\29589b5f87ed335a6c7e7ee6a5775f81f97ecb84\lwjgl-3.3.3.jar because it was already located earlier
[25Sep2026 23:36:18.476] [main/DEBUG] [net.neoforged.fml.loading.moddiscovery.ModDiscoverer/]: Skipping C:\Users\darkp\.gradle\caches\modules-2\files-2.1\org.lwjgl\lwjgl\3.3.3\9e670718e050aeaeea0c2d5b907cffb142f2e58f\lwjgl-3.3.3-natives-windows-x86.jar because it was already located earlier
[25Sep2026 23:36:18.477] [main/DEBUG] [net.neoforged.fml.loading.moddiscovery.ModDiscoverer/]: Skipping C:\Users\darkp\.gradle\caches\modules-2\files-2.1\org.lz4\lz4-java\1.8.0\4b986a99445e49ea5fbf5d149c4b63f6ed6c6780\lz4-java-1.8.0.jar because it was already located earlier
[25Sep2026 23:36:18.477] [main/DEBUG] [net.neoforged.fml.loading.moddiscovery.ModDiscoverer/]: Skipping C:\Users\darkp\.gradle\caches\modules-2\files-2.1\org.jline\jline-terminal\3.20.0\d0ddcc708ddf527a3454c941b7b9225cc83a15ff\jline-terminal-3.20.0.jar because it was already located earlier
[25Sep2026 23:36:18.478] [main/DEBUG] [net.neoforged.fml.loading.moddiscovery.ModDiscoverer/]: Skipping C:\Users\darkp\.gradle\caches\modules-2\files-2.1\com.google.guava\listenablefuture\9999.0-empty-to-avoid-conflict-with-guava\b421526c5f297295adef1c886e5246c39d4ac629\listenablefuture-9999.0-empty-to-avoid-conflict-with-guava.jar because it was already located earlier
[25Sep2026 23:36:18.479] [main/DEBUG] [net.neoforged.fml.loading.moddiscovery.ModDiscoverer/]: Skipping C:\Users\darkp\.gradle\caches\modules-2\files-2.1\com.google.code.findbugs\jsr305\3.0.2\25ea2e8b0c338a877313bd4672d3fe056ea78f0d\jsr305-3.0.2.jar because it was already located earlier
[25Sep2026 23:36:18.479] [main/DEBUG] [net.neoforged.fml.loading.moddiscovery.ModDiscoverer/]: Skipping C:\Users\darkp\.gradle\caches\modules-2\files-2.1\org.checkerframework\checker-qual\3.33.0\de2b60b62da487644fc11f734e73c8b0b431238f\checker-qual-3.33.0.jar because it was already located earlier
[25Sep2026 23:36:18.479] [main/DEBUG] [net.neoforged.fml.loading.moddiscovery.ModDiscoverer/]: Skipping C:\Users\darkp\.gradle\caches\modules-2\files-2.1\com.google.errorprone\error_prone_annotations\2.18.0\89b684257096f548fa39a7df9fdaa409d4d4df91\error_prone_annotations-2.18.0.jar because it was already located earlier
[25Sep2026 23:36:18.480] [main/DEBUG] [net.neoforged.fml.loading.moddiscovery.ModDiscoverer/]: Skipping C:\Users\darkp\.gradle\caches\modules-2\files-2.1\com.google.j2objc\j2objc-annotations\2.8\c85270e307e7b822f1086b93689124b89768e273\j2objc-annotations-2.8.jar because it was already located earlier
[25Sep2026 23:36:18.489] [main/DEBUG] [net.neoforged.fml.loading.UniqueModListBuilder/]: Found 2 mods for first modid neoforge, selecting most recent based on version data
[25Sep2026 23:36:18.491] [main/DEBUG] [net.neoforged.fml.loading.UniqueModListBuilder/]: Selected file neoforge-21.1.224.jar for modid neoforge with version 21.1.224
[25Sep2026 23:36:19.115] [main/INFO] [net.neoforged.fml.loading.moddiscovery.locators.JarInJarDependencyLocator/]: Found 2 dependencies adding them to mods collection
[25Sep2026 23:36:19.124] [main/INFO] [net.neoforged.fml.loading.moddiscovery.ModDiscoverer/]: 
     Mod List:
		Name Version (Mod Id)

		Ace's Spell Utils 1.2.7.2-1.21.1 (aces_spell_utils)
		AzureLib 3.1.3 (azurelib)
		Caelus API 7.0.1+1.21.1 (caelus)
		Curios API 9.5.1+1.21.1 (curios)
		Embeddium 1.0.15+mc1.21.1 (embeddium)
		GeckoLib 4 4.9.3 (geckolib)
		Hazen's Archaic Hexerei Armaments 1.0.0 (hazens_archaic_hexerei_armaments)
		HazentouveLib 1.0.11 (hazentouvelib)
		Iron's Arms 'n Artifice 1.21.1-1.0.1 (irons_artifice)
		Iron's Lib 1.21.1-2.2.0 (irons_lib)
		Iron's Spells 'n Spellbooks 1.21.1-3.16.3 (irons_spellbooks)
		Jade 15.10.3+neoforge (jade)
		Just Enough Items 19.25.0.322 (jei)
		Minecraft 1.21.1 (minecraft)
		MmmMmmMmmMmm 1.21-2.0.11 (dummmmmmy)
		Moonlight Lib 1.21-2.29.18 (moonlight)
		NeoForge 21.1.224 (neoforge)
		Player Animator 2.0.1+1.21.1 (playeranimator)
[25Sep2026 23:36:19.129] [main/DEBUG] [net.neoforged.fml.loading.moddiscovery.ModFileInfo/LOADING]: Found valid mod file neoforge-21.1.224.jar with {minecraft} mods - versions {1.21.1}
[25Sep2026 23:36:19.139] [main/DEBUG] [net.neoforged.fml.loading.moddiscovery.ModFile/LOADING]: Loading mod file D:\Hazens InteliJ\HAHA-1.21.1\build\moddev\artifacts\neoforge-21.1.224.jar with languages [LanguageSpec[languageName=minecraft, acceptedVersions=1]]
[25Sep2026 23:36:19.142] [main/DEBUG] [net.neoforged.fml.loading.moddiscovery.ModFileParser/LOADING]: Considering mod file candidate C:\Users\darkp\.gradle\caches\modules-2\files-2.1\curse.maven\irons_spells_n_spellbooks-855414\8680204\17fd8140c477f9ae602cf95594f1c23bef1d6e3\irons_spells_n_spellbooks-855414-8680204.jar
[25Sep2026 23:36:19.149] [main/DEBUG] [net.neoforged.fml.loading.moddiscovery.ModFileInfo/LOADING]: Found valid mod file irons_spells_n_spellbooks-855414-8680204.jar with {irons_spellbooks} mods - versions {1.21.1-3.16.3}
[25Sep2026 23:36:19.152] [main/DEBUG] [net.neoforged.fml.loading.moddiscovery.ModFile/LOADING]: Loading mod file C:\Users\darkp\.gradle\caches\modules-2\files-2.1\curse.maven\irons_spells_n_spellbooks-855414\8680204\17fd8140c477f9ae602cf95594f1c23bef1d6e3\irons_spells_n_spellbooks-855414-8680204.jar with languages [LanguageSpec[languageName=javafml, acceptedVersions=[4,)]]
[25Sep2026 23:36:19.154] [main/DEBUG] [net.neoforged.fml.loading.moddiscovery.ModFile/LOADING]: Found mixin config MixinConfig[config=irons_spellbooks.mixins.json, requiredMods=[]]
[25Sep2026 23:36:19.158] [main/DEBUG] [net.neoforged.fml.loading.moddiscovery.ModFileParser/LOADING]: Considering mod file candidate C:\Users\darkp\.gradle\caches\modules-2\files-2.1\curse.maven\ace_utils-1299492\8789930\8cbcd535a0b19bef49504c0b5ecafcbcd1cb1cca\ace_utils-1299492-8789930.jar
[25Sep2026 23:36:19.163] [main/DEBUG] [net.neoforged.fml.loading.moddiscovery.ModFileInfo/LOADING]: Found valid mod file ace_utils-1299492-8789930.jar with {aces_spell_utils} mods - versions {1.2.7.2-1.21.1}
[25Sep2026 23:36:19.164] [main/DEBUG] [net.neoforged.fml.loading.moddiscovery.ModFile/LOADING]: Loading mod file C:\Users\darkp\.gradle\caches\modules-2\files-2.1\curse.maven\ace_utils-1299492\8789930\8cbcd535a0b19bef49504c0b5ecafcbcd1cb1cca\ace_utils-1299492-8789930.jar with languages [LanguageSpec[languageName=javafml, acceptedVersions=[1,)]]
[25Sep2026 23:36:19.165] [main/DEBUG] [net.neoforged.fml.loading.moddiscovery.ModFile/LOADING]: Found mixin config MixinConfig[config=aces_spell_utils.mixins.json, requiredMods=[]]
[25Sep2026 23:36:19.166] [main/DEBUG] [net.neoforged.fml.loading.moddiscovery.ModFileParser/LOADING]: Considering mod file candidate C:\Users\darkp\.gradle\caches\modules-2\files-2.1\curse.maven\moonlight_lib-499980\7669172\9850582dcc9bef6cf5a901f15c240f17dd74ddb8\moonlight_lib-499980-7669172.jar
[25Sep2026 23:36:19.170] [main/DEBUG] [net.neoforged.fml.loading.moddiscovery.ModFileInfo/LOADING]: Found valid mod file moonlight_lib-499980-7669172.jar with {moonlight} mods - versions {1.21-2.29.18}
[25Sep2026 23:36:19.170] [main/DEBUG] [net.neoforged.fml.loading.moddiscovery.ModFile/LOADING]: Loading mod file C:\Users\darkp\.gradle\caches\modules-2\files-2.1\curse.maven\moonlight_lib-499980\7669172\9850582dcc9bef6cf5a901f15c240f17dd74ddb8\moonlight_lib-499980-7669172.jar with languages [LanguageSpec[languageName=javafml, acceptedVersions=[4,)]]
[25Sep2026 23:36:19.171] [main/DEBUG] [net.neoforged.fml.loading.moddiscovery.ModFile/LOADING]: Found mixin config MixinConfig[config=moonlight.mixins.json, requiredMods=[]]
[25Sep2026 23:36:19.172] [main/DEBUG] [net.neoforged.fml.loading.moddiscovery.ModFile/LOADING]: Found mixin config MixinConfig[config=moonlight-common.mixins.json, requiredMods=[]]
[25Sep2026 23:36:19.172] [main/DEBUG] [net.neoforged.fml.loading.moddiscovery.ModFileParser/LOADING]: Considering mod file candidate C:\Users\darkp\.gradle\caches\modules-2\files-2.1\curse.maven\jade-324717\6853386\c7e9b04e2481d26c9080dd5d32351490d1fed3a\jade-324717-6853386.jar
[25Sep2026 23:36:19.176] [main/DEBUG] [net.neoforged.fml.loading.moddiscovery.ModFileInfo/LOADING]: Found valid mod file jade-324717-6853386.jar with {jade} mods - versions {15.10.3+neoforge}
[25Sep2026 23:36:19.177] [main/DEBUG] [net.neoforged.fml.loading.moddiscovery.ModFile/LOADING]: Loading mod file C:\Users\darkp\.gradle\caches\modules-2\files-2.1\curse.maven\jade-324717\6853386\c7e9b04e2481d26c9080dd5d32351490d1fed3a\jade-324717-6853386.jar with languages [LanguageSpec[languageName=javafml, acceptedVersions=[1,)]]
[25Sep2026 23:36:19.177] [main/DEBUG] [net.neoforged.fml.loading.moddiscovery.ModFile/LOADING]: Found mixin config MixinConfig[config=jade.mixins.json, requiredMods=[]]
[25Sep2026 23:36:19.178] [main/DEBUG] [net.neoforged.fml.loading.moddiscovery.ModFileParser/LOADING]: Considering mod file candidate C:\Users\darkp\.gradle\caches\modules-2\files-2.1\curse.maven\geckolib-388172\8893490\5cfe835472a5c5457ae9ac192d9d7b317454d5ac\geckolib-388172-8893490.jar
[25Sep2026 23:36:19.182] [main/DEBUG] [net.neoforged.fml.loading.moddiscovery.ModFileInfo/LOADING]: Found valid mod file geckolib-388172-8893490.jar with {geckolib} mods - versions {4.9.3}
[25Sep2026 23:36:19.183] [main/DEBUG] [net.neoforged.fml.loading.moddiscovery.ModFile/LOADING]: Loading mod file C:\Users\darkp\.gradle\caches\modules-2\files-2.1\curse.maven\geckolib-388172\8893490\5cfe835472a5c5457ae9ac192d9d7b317454d5ac\geckolib-388172-8893490.jar with languages [LanguageSpec[languageName=javafml, acceptedVersions=[4,)]]
[25Sep2026 23:36:19.184] [main/DEBUG] [net.neoforged.fml.loading.moddiscovery.ModFile/LOADING]: Found mixin config MixinConfig[config=geckolib.mixins.json, requiredMods=[]]
[25Sep2026 23:36:19.184] [main/DEBUG] [net.neoforged.fml.loading.moddiscovery.ModFileParser/LOADING]: Considering mod file candidate C:\Users\darkp\.gradle\caches\modules-2\files-2.1\curse.maven\player_animator-658587\6024462\c0a3d0cf0569b61302e17f35dc158ee75813f80f\player_animator-658587-6024462.jar
[25Sep2026 23:36:19.188] [main/DEBUG] [net.neoforged.fml.loading.moddiscovery.ModFileInfo/LOADING]: Found valid mod file player_animator-658587-6024462.jar with {playeranimator} mods - versions {2.0.1+1.21.1}
[25Sep2026 23:36:19.189] [main/DEBUG] [net.neoforged.fml.loading.moddiscovery.ModFile/LOADING]: Loading mod file C:\Users\darkp\.gradle\caches\modules-2\files-2.1\curse.maven\player_animator-658587\6024462\c0a3d0cf0569b61302e17f35dc158ee75813f80f\player_animator-658587-6024462.jar with languages [LanguageSpec[languageName=javafml, acceptedVersions=*]]
[25Sep2026 23:36:19.190] [main/DEBUG] [net.neoforged.fml.loading.moddiscovery.ModFile/LOADING]: Found mixin config MixinConfig[config=playerAnimator-common.mixins.json, requiredMods=[]]
[25Sep2026 23:36:19.191] [main/DEBUG] [net.neoforged.fml.loading.moddiscovery.ModFileParser/LOADING]: Considering mod file candidate C:\Users\darkp\.gradle\caches\modules-2\files-2.1\mezz.jei\jei-1.21.1-neoforge\19.25.0.322\f42aa17f8490dd437e75b8f4abd8360e9f0265b9\jei-1.21.1-neoforge-19.25.0.322.jar
[25Sep2026 23:36:19.195] [main/DEBUG] [net.neoforged.fml.loading.moddiscovery.ModFileInfo/LOADING]: Found valid mod file jei-1.21.1-neoforge-19.25.0.322.jar with {jei} mods - versions {19.25.0.322}
[25Sep2026 23:36:19.196] [main/DEBUG] [net.neoforged.fml.loading.moddiscovery.ModFile/LOADING]: Loading mod file C:\Users\darkp\.gradle\caches\modules-2\files-2.1\mezz.jei\jei-1.21.1-neoforge\19.25.0.322\f42aa17f8490dd437e75b8f4abd8360e9f0265b9\jei-1.21.1-neoforge-19.25.0.322.jar with languages [LanguageSpec[languageName=javafml, acceptedVersions=[4,)]]
[25Sep2026 23:36:19.197] [main/DEBUG] [net.neoforged.fml.loading.moddiscovery.ModFileParser/LOADING]: Considering mod file candidate C:\Users\darkp\.gradle\caches\modules-2\files-2.1\curse.maven\iron_lib-1492763\8973642\33ca1a58dc0b384a6de26171f34b3bf608aaeeb2\iron_lib-1492763-8973642.jar
[25Sep2026 23:36:19.201] [main/DEBUG] [net.neoforged.fml.loading.moddiscovery.ModFileInfo/LOADING]: Found valid mod file iron_lib-1492763-8973642.jar with {irons_lib} mods - versions {1.21.1-2.2.0}
[25Sep2026 23:36:19.202] [main/DEBUG] [net.neoforged.fml.loading.moddiscovery.ModFile/LOADING]: Loading mod file C:\Users\darkp\.gradle\caches\modules-2\files-2.1\curse.maven\iron_lib-1492763\8973642\33ca1a58dc0b384a6de26171f34b3bf608aaeeb2\iron_lib-1492763-8973642.jar with languages [LanguageSpec[languageName=javafml, acceptedVersions=[1,)]]
[25Sep2026 23:36:19.203] [main/DEBUG] [net.neoforged.fml.loading.moddiscovery.ModFile/LOADING]: Found mixin config MixinConfig[config=irons_lib.mixins.json, requiredMods=[]]
[25Sep2026 23:36:19.203] [main/DEBUG] [net.neoforged.fml.loading.moddiscovery.ModFileParser/LOADING]: Considering mod file candidate C:\Users\darkp\.gradle\caches\modules-2\files-2.1\curse.maven\azurelib-817423\7371539\96ff2f731aefe29c67948a8778b4022201f29944\azurelib-817423-7371539.jar
[25Sep2026 23:36:19.206] [main/DEBUG] [net.neoforged.fml.loading.moddiscovery.ModFileInfo/LOADING]: Found valid mod file azurelib-817423-7371539.jar with {azurelib} mods - versions {3.1.3}
[25Sep2026 23:36:19.206] [main/DEBUG] [net.neoforged.fml.loading.moddiscovery.ModFile/LOADING]: Loading mod file C:\Users\darkp\.gradle\caches\modules-2\files-2.1\curse.maven\azurelib-817423\7371539\96ff2f731aefe29c67948a8778b4022201f29944\azurelib-817423-7371539.jar with languages [LanguageSpec[languageName=javafml, acceptedVersions=[3,)]]
[25Sep2026 23:36:19.207] [main/DEBUG] [net.neoforged.fml.loading.moddiscovery.ModFile/LOADING]: Found mixin config MixinConfig[config=azurelib.mixins.json, requiredMods=[]]
[25Sep2026 23:36:19.207] [main/DEBUG] [net.neoforged.fml.loading.moddiscovery.ModFile/LOADING]: Found mixin config MixinConfig[config=azurelib.neo.mixins.json, requiredMods=[]]
[25Sep2026 23:36:19.207] [main/DEBUG] [net.neoforged.fml.loading.moddiscovery.ModFile/LOADING]: Found mixin config MixinConfig[config=azurelib.neo2.mixins.json, requiredMods=[]]
[25Sep2026 23:36:19.208] [main/DEBUG] [net.neoforged.fml.loading.moddiscovery.ModFileParser/LOADING]: Considering mod file candidate C:\Users\darkp\.gradle\caches\modules-2\files-2.1\curse.maven\caelus-308989\5694215\e4c2e1af4e3082d68f7df75f7c8ce30116d71515\caelus-308989-5694215.jar
[25Sep2026 23:36:19.210] [main/DEBUG] [net.neoforged.fml.loading.moddiscovery.ModFileInfo/LOADING]: Found valid mod file caelus-308989-5694215.jar with {caelus} mods - versions {7.0.1+1.21.1}
[25Sep2026 23:36:19.211] [main/DEBUG] [net.neoforged.fml.loading.moddiscovery.ModFile/LOADING]: Loading mod file C:\Users\darkp\.gradle\caches\modules-2\files-2.1\curse.maven\caelus-308989\5694215\e4c2e1af4e3082d68f7df75f7c8ce30116d71515\caelus-308989-5694215.jar with languages [LanguageSpec[languageName=javafml, acceptedVersions=[1,)]]
[25Sep2026 23:36:19.212] [main/DEBUG] [net.neoforged.fml.loading.moddiscovery.ModFile/LOADING]: Found mixin config MixinConfig[config=caelus.mixins.json, requiredMods=[]]
[25Sep2026 23:36:19.213] [main/DEBUG] [net.neoforged.fml.loading.moddiscovery.ModFileParser/LOADING]: Considering mod file candidate C:\Users\darkp\.gradle\caches\modules-2\files-2.1\curse.maven\mmm-225738\7206981\1bdaf699dd40c03c96a85f64ae9b54a8e40bb539\mmm-225738-7206981.jar
[25Sep2026 23:36:19.216] [main/DEBUG] [net.neoforged.fml.loading.moddiscovery.ModFileInfo/LOADING]: Found valid mod file mmm-225738-7206981.jar with {dummmmmmy} mods - versions {1.21-2.0.11}
[25Sep2026 23:36:19.217] [main/DEBUG] [net.neoforged.fml.loading.moddiscovery.ModFile/LOADING]: Loading mod file C:\Users\darkp\.gradle\caches\modules-2\files-2.1\curse.maven\mmm-225738\7206981\1bdaf699dd40c03c96a85f64ae9b54a8e40bb539\mmm-225738-7206981.jar with languages [LanguageSpec[languageName=javafml, acceptedVersions=[4,)]]
[25Sep2026 23:36:19.218] [main/DEBUG] [net.neoforged.fml.loading.moddiscovery.ModFile/LOADING]: Found mixin config MixinConfig[config=dummmmmmy.mixins.json, requiredMods=[]]
[25Sep2026 23:36:19.218] [main/DEBUG] [net.neoforged.fml.loading.moddiscovery.ModFile/LOADING]: Found mixin config MixinConfig[config=dummmmmmy-common.mixins.json, requiredMods=[]]
[25Sep2026 23:36:19.219] [main/DEBUG] [net.neoforged.fml.loading.moddiscovery.ModFileParser/LOADING]: Considering mod file candidate C:\Users\darkp\.gradle\caches\modules-2\files-2.1\curse.maven\curios-309927\6529130\418fcd42e3a7844c9bdc71c9b6401fdb3894e0c4\curios-309927-6529130.jar
[25Sep2026 23:36:19.223] [main/DEBUG] [net.neoforged.fml.loading.moddiscovery.ModFileInfo/LOADING]: Found valid mod file curios-309927-6529130.jar with {curios} mods - versions {9.5.1+1.21.1}
[25Sep2026 23:36:19.224] [main/DEBUG] [net.neoforged.fml.loading.moddiscovery.ModFile/LOADING]: Loading mod file C:\Users\darkp\.gradle\caches\modules-2\files-2.1\curse.maven\curios-309927\6529130\418fcd42e3a7844c9bdc71c9b6401fdb3894e0c4\curios-309927-6529130.jar with languages [LanguageSpec[languageName=javafml, acceptedVersions=[1,)]]
[25Sep2026 23:36:19.225] [main/DEBUG] [net.neoforged.fml.loading.moddiscovery.ModFile/LOADING]: Found mixin config MixinConfig[config=curios.neoforge.mixins.json, requiredMods=[]]
[25Sep2026 23:36:19.226] [main/DEBUG] [net.neoforged.fml.loading.moddiscovery.ModFile/LOADING]: Found mixin config MixinConfig[config=curios.mixins.json, requiredMods=[]]
[25Sep2026 23:36:19.226] [main/DEBUG] [net.neoforged.fml.loading.moddiscovery.ModFileParser/LOADING]: Considering mod file candidate C:\Users\darkp\.gradle\caches\modules-2\files-2.1\curse.maven\embeddium-908741\6118392\56063839172a000d079272794bad366f2ad4cbbd\embeddium-908741-6118392.jar
[25Sep2026 23:36:19.230] [main/DEBUG] [net.neoforged.fml.loading.moddiscovery.ModFileInfo/LOADING]: Found valid mod file embeddium-908741-6118392.jar with {embeddium} mods - versions {1.0.15+mc1.21.1}
[25Sep2026 23:36:19.230] [main/DEBUG] [net.neoforged.fml.loading.moddiscovery.ModFile/LOADING]: Loading mod file C:\Users\darkp\.gradle\caches\modules-2\files-2.1\curse.maven\embeddium-908741\6118392\56063839172a000d079272794bad366f2ad4cbbd\embeddium-908741-6118392.jar with languages [LanguageSpec[languageName=javafml, acceptedVersions=[1,)]]
[25Sep2026 23:36:19.231] [main/DEBUG] [net.neoforged.fml.loading.moddiscovery.ModFile/LOADING]: Found mixin config MixinConfig[config=embeddium.mixins.json, requiredMods=[]]
[25Sep2026 23:36:19.232] [main/DEBUG] [net.neoforged.fml.loading.moddiscovery.ModFileParser/LOADING]: Considering mod file candidate C:\Users\darkp\.gradle\caches\modules-2\files-2.1\curse.maven\hazentouvelib-1528722\8977077\2ecd8cc5f41c5581d03e52e457ed45ec787cb04c\hazentouvelib-1528722-8977077.jar
[25Sep2026 23:36:19.236] [main/DEBUG] [net.neoforged.fml.loading.moddiscovery.ModFileInfo/LOADING]: Found valid mod file hazentouvelib-1528722-8977077.jar with {hazentouvelib} mods - versions {1.0.11}
[25Sep2026 23:36:19.237] [main/DEBUG] [net.neoforged.fml.loading.moddiscovery.ModFile/LOADING]: Loading mod file C:\Users\darkp\.gradle\caches\modules-2\files-2.1\curse.maven\hazentouvelib-1528722\8977077\2ecd8cc5f41c5581d03e52e457ed45ec787cb04c\hazentouvelib-1528722-8977077.jar with languages [LanguageSpec[languageName=javafml, acceptedVersions=[4,)]]
[25Sep2026 23:36:19.238] [main/DEBUG] [net.neoforged.fml.loading.moddiscovery.ModFile/LOADING]: Found mixin config MixinConfig[config=hazentouvelib.mixins.json, requiredMods=[]]
[25Sep2026 23:36:19.239] [main/DEBUG] [net.neoforged.fml.loading.moddiscovery.ModFileParser/LOADING]: Considering mod file candidate D:\Hazens InteliJ\HAHA-1.21.1\build\moddev\artifacts\neoforge-21.1.224.jar
[25Sep2026 23:36:19.242] [main/DEBUG] [net.neoforged.fml.loading.moddiscovery.ModFileInfo/LOADING]: Found valid mod file neoforge-21.1.224.jar with {neoforge} mods - versions {21.1.224}
[25Sep2026 23:36:19.243] [main/DEBUG] [net.neoforged.fml.loading.moddiscovery.ModFile/LOADING]: Loading mod file D:\Hazens InteliJ\HAHA-1.21.1\build\moddev\artifacts\neoforge-21.1.224.jar with languages [LanguageSpec[languageName=javafml, acceptedVersions=[3,]]]
[25Sep2026 23:36:19.243] [main/DEBUG] [net.neoforged.fml.loading.moddiscovery.ModFile/LOADING]: Found mixin config MixinConfig[config=neoforge.mixins.json, requiredMods=[]]
[25Sep2026 23:36:19.244] [main/DEBUG] [net.neoforged.fml.loading.moddiscovery.ModFileParser/LOADING]: Considering mod file candidate D:\Hazens InteliJ\HAHA-1.21.1\build\classes\java\main
[25Sep2026 23:36:19.302] [main/DEBUG] [net.neoforged.fml.loading.moddiscovery.ModFileInfo/LOADING]: Found valid mod file main with {hazens_archaic_hexerei_armaments} mods - versions {1.0.0}
[25Sep2026 23:36:19.302] [main/DEBUG] [net.neoforged.fml.loading.moddiscovery.ModFile/LOADING]: Loading mod file D:\Hazens InteliJ\HAHA-1.21.1\build\classes\java\main with languages [LanguageSpec[languageName=javafml, acceptedVersions=[4,)]]
[25Sep2026 23:36:19.305] [main/DEBUG] [net.neoforged.fml.loading.moddiscovery.ModFileParser/LOADING]: Considering mod file candidate C:\Users\darkp\.gradle\caches\modules-2\files-2.1\curse.maven\irons_arms_n_artifice-1650193\8974274\d7edb6e3db3333bb5f6d364116726745de0bfc79\irons_arms_n_artifice-1650193-8974274.jar
[25Sep2026 23:36:19.309] [main/DEBUG] [net.neoforged.fml.loading.moddiscovery.ModFileInfo/LOADING]: Found valid mod file irons_arms_n_artifice-1650193-8974274.jar with {irons_artifice} mods - versions {1.21.1-1.0.1}
[25Sep2026 23:36:19.310] [main/DEBUG] [net.neoforged.fml.loading.moddiscovery.ModFile/LOADING]: Loading mod file C:\Users\darkp\.gradle\caches\modules-2\files-2.1\curse.maven\irons_arms_n_artifice-1650193\8974274\d7edb6e3db3333bb5f6d364116726745de0bfc79\irons_arms_n_artifice-1650193-8974274.jar with languages [LanguageSpec[languageName=javafml, acceptedVersions=[4,)]]
[25Sep2026 23:36:19.311] [main/DEBUG] [net.neoforged.fml.loading.moddiscovery.ModFile/LOADING]: Found mixin config MixinConfig[config=irons_artifice.mixins.json, requiredMods=[]]
[25Sep2026 23:36:19.311] [main/DEBUG] [net.neoforged.fml.loading.moddiscovery.ModFile/LOADING]: Loading mod file  with languages []
[25Sep2026 23:36:19.319] [main/DEBUG] [cpw.mods.modlauncher.TransformationServiceDecorator/MODLAUNCHER]: End scan trigger - transformation service fml
[25Sep2026 23:36:19.425] [main/DEBUG] [net.neoforged.fml.util.ServiceLoaderUtil/CORE]: Found 3 implementations of IModLanguageLoader:
[25Sep2026 23:36:19.431] [main/DEBUG] [net.neoforged.fml.util.ServiceLoaderUtil/CORE]: 	net.neoforged.fml.javafmlmod.FMLJavaModLanguageProvider from loader-4.0.42.jar
[25Sep2026 23:36:19.433] [main/DEBUG] [net.neoforged.fml.util.ServiceLoaderUtil/CORE]: 	net.neoforged.fml.lowcodemod.LowCodeModLanguageProvider from loader-4.0.42.jar
[25Sep2026 23:36:19.434] [main/DEBUG] [net.neoforged.fml.util.ServiceLoaderUtil/CORE]: 	net.neoforged.fml.mclanguageprovider.MinecraftModLanguageProvider from loader-4.0.42.jar
[25Sep2026 23:36:19.438] [main/DEBUG] [net.neoforged.fml.loading.LanguageProviderLoader/CORE]: Found language provider javafml, version 4.0.42
[25Sep2026 23:36:19.446] [main/DEBUG] [net.neoforged.fml.loading.LanguageProviderLoader/CORE]: Found language provider lowcodefml, version 4.0.42
[25Sep2026 23:36:19.447] [main/DEBUG] [net.neoforged.fml.loading.LanguageProviderLoader/CORE]: Found language provider minecraft, version 4.0.42
[25Sep2026 23:36:19.490] [main/DEBUG] [net.neoforged.fml.loading.ModSorter/]: Configured system mods: [minecraft, neoforge]
[25Sep2026 23:36:19.490] [main/DEBUG] [net.neoforged.fml.loading.ModSorter/]: Found system mod: minecraft
[25Sep2026 23:36:19.491] [main/DEBUG] [net.neoforged.fml.loading.ModSorter/]: Found system mod: neoforge
[25Sep2026 23:36:19.505] [main/DEBUG] [net.neoforged.fml.loading.ModSorter/LOADING]: Found 42 mod requirements (39 mandatory, 3 optional)
[25Sep2026 23:36:19.510] [main/DEBUG] [net.neoforged.fml.loading.ModSorter/LOADING]: Found 0 mod requirements missing (0 mandatory, 0 optional)
[25Sep2026 23:36:21.013] [main/DEBUG] [mixin/]: Adding mixin platform agents for container net.neoforged.fml.loading.mixin.FMLMixinContainerHandle@5e2f3be5
[25Sep2026 23:36:21.016] [main/DEBUG] [mixin/]: Instancing new MixinPlatformAgentMinecraftForge for net.neoforged.fml.loading.mixin.FMLMixinContainerHandle@5e2f3be5
[25Sep2026 23:36:21.018] [main/DEBUG] [mixin/]: MixinPlatformAgentMinecraftForge rejected container net.neoforged.fml.loading.mixin.FMLMixinContainerHandle@5e2f3be5
[25Sep2026 23:36:21.019] [main/DEBUG] [mixin/]: Instancing new MixinPlatformAgentDefault for net.neoforged.fml.loading.mixin.FMLMixinContainerHandle@5e2f3be5
[25Sep2026 23:36:21.026] [main/DEBUG] [mixin/]: MixinPlatformAgentDefault accepted container net.neoforged.fml.loading.mixin.FMLMixinContainerHandle@5e2f3be5
[25Sep2026 23:36:21.028] [main/DEBUG] [mixin/]: Instancing new FMLMixinPlatformAgent for net.neoforged.fml.loading.mixin.FMLMixinContainerHandle@5e2f3be5
[25Sep2026 23:36:21.028] [main/DEBUG] [mixin/]: FMLMixinPlatformAgent accepted container net.neoforged.fml.loading.mixin.FMLMixinContainerHandle@5e2f3be5
[25Sep2026 23:36:21.429] [main/DEBUG] [cpw.mods.modlauncher.TransformationServicesHandler/MODLAUNCHER]: Transformation services loading transformers
[25Sep2026 23:36:21.446] [main/DEBUG] [cpw.mods.modlauncher.TransformationServiceDecorator/MODLAUNCHER]: Initializing transformers for transformation service mixin
[25Sep2026 23:36:21.507] [main/DEBUG] [cpw.mods.modlauncher.TransformationServiceDecorator/MODLAUNCHER]: Initialized transformers for transformation service mixin
[25Sep2026 23:36:21.508] [main/DEBUG] [cpw.mods.modlauncher.TransformationServiceDecorator/MODLAUNCHER]: Initializing transformers for transformation service fml
[25Sep2026 23:36:21.509] [main/DEBUG] [net.neoforged.fml.loading.FMLServiceProvider/LOADING]: Loading coremod transformers
[25Sep2026 23:36:21.522] [main/DEBUG] [net.neoforged.fml.loading.FMLServiceProvider/CORE]: Not loading coremod script-engine since no mod requested it
[25Sep2026 23:36:21.545] [main/DEBUG] [net.neoforged.fml.util.ServiceLoaderUtil/CORE]: Found 1 implementations of ICoreMod:
[25Sep2026 23:36:21.550] [main/DEBUG] [net.neoforged.fml.util.ServiceLoaderUtil/CORE]: 	net.neoforged.neoforge.coremods.NeoForgeCoreMod from neoforge-21.1.224.jar > net.neoforged.neoforge-coremods-21.1.224.jar
[25Sep2026 23:36:21.591] [main/DEBUG] [net.neoforged.fml.loading.FMLServiceProvider/CORE]: Adding [Target[className=net.minecraft.world.level.biome.Biome, elementName=, elementDescriptor=, targetType=cpw.mods.modlauncher.api.TargetType@180da663]] transformer from core-mod net.neoforged.neoforge.coremods.NeoForgeCoreMod@11e33bac in neoforge-21.1.224.jar > net.neoforged.neoforge-coremods-21.1.224.jar
[25Sep2026 23:36:21.595] [main/DEBUG] [net.neoforged.fml.loading.FMLServiceProvider/CORE]: Adding [Target[className=net.minecraft.world.level.levelgen.structure.Structure, elementName=, elementDescriptor=, targetType=cpw.mods.modlauncher.api.TargetType@180da663]] transformer from core-mod net.neoforged.neoforge.coremods.NeoForgeCoreMod@11e33bac in neoforge-21.1.224.jar > net.neoforged.neoforge-coremods-21.1.224.jar
[25Sep2026 23:36:21.598] [main/DEBUG] [net.neoforged.fml.loading.FMLServiceProvider/CORE]: Adding [Target[className=net.minecraft.world.level.block.FlowerPotBlock, elementName=, elementDescriptor=, targetType=cpw.mods.modlauncher.api.TargetType@180da663]] transformer from core-mod net.neoforged.neoforge.coremods.NeoForgeCoreMod@11e33bac in neoforge-21.1.224.jar > net.neoforged.neoforge-coremods-21.1.224.jar
[25Sep2026 23:36:21.600] [main/DEBUG] [net.neoforged.fml.loading.FMLServiceProvider/CORE]: Adding [Target[className=net/minecraft/world/entity/npc/CatSpawner, elementName=, elementDescriptor=, targetType=cpw.mods.modlauncher.api.TargetType@180da663], Target[className=net/minecraft/server/commands/SummonCommand, elementName=, elementDescriptor=, targetType=cpw.mods.modlauncher.api.TargetType@180da663], Target[className=net/minecraft/world/level/levelgen/PhantomSpawner, elementName=, elementDescriptor=, targetType=cpw.mods.modlauncher.api.TargetType@180da663], Target[className=net/minecraft/world/level/levelgen/structure/structures/WoodlandMansionPieces$WoodlandMansionPiece, elementName=, elementDescriptor=, targetType=cpw.mods.modlauncher.api.TargetType@180da663], Target[className=net/minecraft/world/entity/npc/Villager, elementName=, elementDescriptor=, targetType=cpw.mods.modlauncher.api.TargetType@180da663], Target[className=net/minecraft/world/entity/monster/Spider, elementName=, elementDescriptor=, targetType=cpw.mods.modlauncher.api.TargetType@180da663], Target[className=net/minecraft/world/level/levelgen/structure/structures/OceanRuinPieces$OceanRuinPiece, elementName=, elementDescriptor=, targetType=cpw.mods.modlauncher.api.TargetType@180da663], Target[className=net/minecraft/world/entity/monster/Zombie, elementName=, elementDescriptor=, targetType=cpw.mods.modlauncher.api.TargetType@180da663], Target[className=net/minecraft/world/entity/raid/Raid, elementName=, elementDescriptor=, targetType=cpw.mods.modlauncher.api.TargetType@180da663], Target[className=net/minecraft/world/level/NaturalSpawner, elementName=, elementDescriptor=, targetType=cpw.mods.modlauncher.api.TargetType@180da663], Target[className=net/minecraft/world/entity/ai/village/VillageSiege, elementName=, elementDescriptor=, targetType=cpw.mods.modlauncher.api.TargetType@180da663], Target[className=net/minecraft/world/entity/animal/horse/SkeletonTrapGoal, elementName=, elementDescriptor=, targetType=cpw.mods.modlauncher.api.TargetType@180da663], Target[className=net/minecraft/world/level/levelgen/structure/templatesystem/StructureTemplate, elementName=, elementDescriptor=, targetType=cpw.mods.modlauncher.api.TargetType@180da663], Target[className=net/minecraft/world/entity/monster/Evoker$EvokerSummonSpellGoal, elementName=, elementDescriptor=, targetType=cpw.mods.modlauncher.api.TargetType@180da663], Target[className=net/minecraft/world/entity/EntityType, elementName=, elementDescriptor=, targetType=cpw.mods.modlauncher.api.TargetType@180da663], Target[className=net/minecraft/world/entity/monster/Strider, elementName=, elementDescriptor=, targetType=cpw.mods.modlauncher.api.TargetType@180da663], Target[className=net/minecraft/server/commands/RaidCommand, elementName=, elementDescriptor=, targetType=cpw.mods.modlauncher.api.TargetType@180da663], Target[className=net/minecraft/world/entity/monster/ZombieVillager, elementName=, elementDescriptor=, targetType=cpw.mods.modlauncher.api.TargetType@180da663], Target[className=net/minecraft/world/level/levelgen/PatrolSpawner, elementName=, elementDescriptor=, targetType=cpw.mods.modlauncher.api.TargetType@180da663], Target[className=net/minecraft/world/level/levelgen/structure/structures/SwampHutPiece, elementName=, elementDescriptor=, targetType=cpw.mods.modlauncher.api.TargetType@180da663], Target[className=net/minecraft/world/entity/animal/frog/Tadpole, elementName=, elementDescriptor=, targetType=cpw.mods.modlauncher.api.TargetType@180da663], Target[className=net/minecraft/world/level/levelgen/structure/structures/OceanMonumentPieces$OceanMonumentPiece, elementName=, elementDescriptor=, targetType=cpw.mods.modlauncher.api.TargetType@180da663]] transformer from core-mod net.neoforged.neoforge.coremods.NeoForgeCoreMod@11e33bac in neoforge-21.1.224.jar > net.neoforged.neoforge-coremods-21.1.224.jar
[25Sep2026 23:36:21.615] [main/DEBUG] [cpw.mods.modlauncher.TransformStore/MODLAUNCHER]: Adding transformer net.neoforged.neoforge.coremods.ReplaceFieldWithGetterAccess@d5ce97f to Target : cpw.mods.modlauncher.api.TargetType@180da663 {Lnet/minecraft/world/level/biome/Biome;} {} {V}
[25Sep2026 23:36:21.623] [main/DEBUG] [cpw.mods.modlauncher.TransformStore/MODLAUNCHER]: Adding transformer net.neoforged.neoforge.coremods.ReplaceFieldWithGetterAccess@724c5cbe to Target : cpw.mods.modlauncher.api.TargetType@180da663 {Lnet/minecraft/world/level/levelgen/structure/Structure;} {} {V}
[25Sep2026 23:36:21.626] [main/DEBUG] [cpw.mods.modlauncher.TransformStore/MODLAUNCHER]: Adding transformer net.neoforged.neoforge.coremods.ReplaceFieldWithGetterAccess@70101687 to Target : cpw.mods.modlauncher.api.TargetType@180da663 {Lnet/minecraft/world/level/block/FlowerPotBlock;} {} {V}
[25Sep2026 23:36:21.627] [main/DEBUG] [cpw.mods.modlauncher.TransformStore/MODLAUNCHER]: Adding transformer net.neoforged.neoforge.coremods.MethodRedirector@70e889e9 to Target : cpw.mods.modlauncher.api.TargetType@180da663 {Lnet/minecraft/world/entity/npc/CatSpawner;} {} {V}
[25Sep2026 23:36:21.627] [main/DEBUG] [cpw.mods.modlauncher.TransformStore/MODLAUNCHER]: Adding transformer net.neoforged.neoforge.coremods.MethodRedirector@70e889e9 to Target : cpw.mods.modlauncher.api.TargetType@180da663 {Lnet/minecraft/server/commands/SummonCommand;} {} {V}
[25Sep2026 23:36:21.627] [main/DEBUG] [cpw.mods.modlauncher.TransformStore/MODLAUNCHER]: Adding transformer net.neoforged.neoforge.coremods.MethodRedirector@70e889e9 to Target : cpw.mods.modlauncher.api.TargetType@180da663 {Lnet/minecraft/world/level/levelgen/PhantomSpawner;} {} {V}
[25Sep2026 23:36:21.628] [main/DEBUG] [cpw.mods.modlauncher.TransformStore/MODLAUNCHER]: Adding transformer net.neoforged.neoforge.coremods.MethodRedirector@70e889e9 to Target : cpw.mods.modlauncher.api.TargetType@180da663 {Lnet/minecraft/world/level/levelgen/structure/structures/WoodlandMansionPieces$WoodlandMansionPiece;} {} {V}
[25Sep2026 23:36:21.631] [main/DEBUG] [cpw.mods.modlauncher.TransformStore/MODLAUNCHER]: Adding transformer net.neoforged.neoforge.coremods.MethodRedirector@70e889e9 to Target : cpw.mods.modlauncher.api.TargetType@180da663 {Lnet/minecraft/world/entity/npc/Villager;} {} {V}
[25Sep2026 23:36:21.631] [main/DEBUG] [cpw.mods.modlauncher.TransformStore/MODLAUNCHER]: Adding transformer net.neoforged.neoforge.coremods.MethodRedirector@70e889e9 to Target : cpw.mods.modlauncher.api.TargetType@180da663 {Lnet/minecraft/world/entity/monster/Spider;} {} {V}
[25Sep2026 23:36:21.632] [main/DEBUG] [cpw.mods.modlauncher.TransformStore/MODLAUNCHER]: Adding transformer net.neoforged.neoforge.coremods.MethodRedirector@70e889e9 to Target : cpw.mods.modlauncher.api.TargetType@180da663 {Lnet/minecraft/world/level/levelgen/structure/structures/OceanRuinPieces$OceanRuinPiece;} {} {V}
[25Sep2026 23:36:21.632] [main/DEBUG] [cpw.mods.modlauncher.TransformStore/MODLAUNCHER]: Adding transformer net.neoforged.neoforge.coremods.MethodRedirector@70e889e9 to Target : cpw.mods.modlauncher.api.TargetType@180da663 {Lnet/minecraft/world/entity/monster/Zombie;} {} {V}
[25Sep2026 23:36:21.635] [main/DEBUG] [cpw.mods.modlauncher.TransformStore/MODLAUNCHER]: Adding transformer net.neoforged.neoforge.coremods.MethodRedirector@70e889e9 to Target : cpw.mods.modlauncher.api.TargetType@180da663 {Lnet/minecraft/world/entity/raid/Raid;} {} {V}
[25Sep2026 23:36:21.635] [main/DEBUG] [cpw.mods.modlauncher.TransformStore/MODLAUNCHER]: Adding transformer net.neoforged.neoforge.coremods.MethodRedirector@70e889e9 to Target : cpw.mods.modlauncher.api.TargetType@180da663 {Lnet/minecraft/world/level/NaturalSpawner;} {} {V}
[25Sep2026 23:36:21.637] [main/DEBUG] [cpw.mods.modlauncher.TransformStore/MODLAUNCHER]: Adding transformer net.neoforged.neoforge.coremods.MethodRedirector@70e889e9 to Target : cpw.mods.modlauncher.api.TargetType@180da663 {Lnet/minecraft/world/entity/ai/village/VillageSiege;} {} {V}
[25Sep2026 23:36:21.645] [main/DEBUG] [cpw.mods.modlauncher.TransformStore/MODLAUNCHER]: Adding transformer net.neoforged.neoforge.coremods.MethodRedirector@70e889e9 to Target : cpw.mods.modlauncher.api.TargetType@180da663 {Lnet/minecraft/world/entity/animal/horse/SkeletonTrapGoal;} {} {V}
[25Sep2026 23:36:21.646] [main/DEBUG] [cpw.mods.modlauncher.TransformStore/MODLAUNCHER]: Adding transformer net.neoforged.neoforge.coremods.MethodRedirector@70e889e9 to Target : cpw.mods.modlauncher.api.TargetType@180da663 {Lnet/minecraft/world/level/levelgen/structure/templatesystem/StructureTemplate;} {} {V}
[25Sep2026 23:36:21.650] [main/DEBUG] [cpw.mods.modlauncher.TransformStore/MODLAUNCHER]: Adding transformer net.neoforged.neoforge.coremods.MethodRedirector@70e889e9 to Target : cpw.mods.modlauncher.api.TargetType@180da663 {Lnet/minecraft/world/entity/monster/Evoker$EvokerSummonSpellGoal;} {} {V}
[25Sep2026 23:36:21.651] [main/DEBUG] [cpw.mods.modlauncher.TransformStore/MODLAUNCHER]: Adding transformer net.neoforged.neoforge.coremods.MethodRedirector@70e889e9 to Target : cpw.mods.modlauncher.api.TargetType@180da663 {Lnet/minecraft/world/entity/EntityType;} {} {V}
[25Sep2026 23:36:21.656] [main/DEBUG] [cpw.mods.modlauncher.TransformStore/MODLAUNCHER]: Adding transformer net.neoforged.neoforge.coremods.MethodRedirector@70e889e9 to Target : cpw.mods.modlauncher.api.TargetType@180da663 {Lnet/minecraft/world/entity/monster/Strider;} {} {V}
[25Sep2026 23:36:21.658] [main/DEBUG] [cpw.mods.modlauncher.TransformStore/MODLAUNCHER]: Adding transformer net.neoforged.neoforge.coremods.MethodRedirector@70e889e9 to Target : cpw.mods.modlauncher.api.TargetType@180da663 {Lnet/minecraft/server/commands/RaidCommand;} {} {V}
[25Sep2026 23:36:21.658] [main/DEBUG] [cpw.mods.modlauncher.TransformStore/MODLAUNCHER]: Adding transformer net.neoforged.neoforge.coremods.MethodRedirector@70e889e9 to Target : cpw.mods.modlauncher.api.TargetType@180da663 {Lnet/minecraft/world/entity/monster/ZombieVillager;} {} {V}
[25Sep2026 23:36:21.658] [main/DEBUG] [cpw.mods.modlauncher.TransformStore/MODLAUNCHER]: Adding transformer net.neoforged.neoforge.coremods.MethodRedirector@70e889e9 to Target : cpw.mods.modlauncher.api.TargetType@180da663 {Lnet/minecraft/world/level/levelgen/PatrolSpawner;} {} {V}
[25Sep2026 23:36:21.664] [main/DEBUG] [cpw.mods.modlauncher.TransformStore/MODLAUNCHER]: Adding transformer net.neoforged.neoforge.coremods.MethodRedirector@70e889e9 to Target : cpw.mods.modlauncher.api.TargetType@180da663 {Lnet/minecraft/world/level/levelgen/structure/structures/SwampHutPiece;} {} {V}
[25Sep2026 23:36:21.667] [main/DEBUG] [cpw.mods.modlauncher.TransformStore/MODLAUNCHER]: Adding transformer net.neoforged.neoforge.coremods.MethodRedirector@70e889e9 to Target : cpw.mods.modlauncher.api.TargetType@180da663 {Lnet/minecraft/world/entity/animal/frog/Tadpole;} {} {V}
[25Sep2026 23:36:21.673] [main/DEBUG] [cpw.mods.modlauncher.TransformStore/MODLAUNCHER]: Adding transformer net.neoforged.neoforge.coremods.MethodRedirector@70e889e9 to Target : cpw.mods.modlauncher.api.TargetType@180da663 {Lnet/minecraft/world/level/levelgen/structure/structures/OceanMonumentPieces$OceanMonumentPiece;} {} {V}
[25Sep2026 23:36:21.675] [main/DEBUG] [cpw.mods.modlauncher.TransformationServiceDecorator/MODLAUNCHER]: Initialized transformers for transformation service fml
[25Sep2026 23:36:26.626] [main/DEBUG] [mixin/]: Processing prepare() for PlatformAgent[MixinPlatformAgentDefault:ModLauncher Root Container(ModLauncher:4f56a0a2)]
[25Sep2026 23:36:26.627] [main/DEBUG] [mixin/]: Processing prepare() for PlatformAgent[MixinPlatformAgentDefault:net.neoforged.fml.loading.mixin.FMLMixinContainerHandle@5e2f3be5]
[25Sep2026 23:36:26.628] [main/DEBUG] [mixin/]: Processing prepare() for PlatformAgent[FMLMixinPlatformAgent:null]
[25Sep2026 23:36:27.368] [main/DEBUG] [mixin/]: Compatibility level JAVA_21 specified by irons_spellbooks.mixins.json is higher than the maximum level supported by this version of mixin (JAVA_13).
[25Sep2026 23:36:27.402] [main/INFO] [mixin/]: Compatibility level set to JAVA_21
[25Sep2026 23:36:27.416] [main/DEBUG] [mixin/]: Compatibility level JAVA_17 specified by aces_spell_utils.mixins.json is higher than the maximum level supported by this version of mixin (JAVA_13).
[25Sep2026 23:36:27.439] [main/DEBUG] [mixin/]: Compatibility level JAVA_17 specified by moonlight.mixins.json is higher than the maximum level supported by this version of mixin (JAVA_13).
[25Sep2026 23:36:27.451] [main/DEBUG] [mixin/]: Compatibility level JAVA_17 specified by moonlight-common.mixins.json is higher than the maximum level supported by this version of mixin (JAVA_13).
[25Sep2026 23:36:27.466] [main/DEBUG] [mixin/]: Compatibility level JAVA_16 specified by jade.mixins.json is higher than the maximum level supported by this version of mixin (JAVA_13).
[25Sep2026 23:36:27.481] [main/DEBUG] [mixin/]: Compatibility level JAVA_17 specified by geckolib.mixins.json is higher than the maximum level supported by this version of mixin (JAVA_13).
[25Sep2026 23:36:27.679] [main/DEBUG] [mixin/]: Compatibility level JAVA_17 specified by caelus.mixins.json is higher than the maximum level supported by this version of mixin (JAVA_13).
[25Sep2026 23:36:27.686] [main/DEBUG] [mixin/]: Compatibility level JAVA_16 specified by dummmmmmy.mixins.json is higher than the maximum level supported by this version of mixin (JAVA_13).
[25Sep2026 23:36:27.691] [main/DEBUG] [mixin/]: Compatibility level JAVA_17 specified by dummmmmmy-common.mixins.json is higher than the maximum level supported by this version of mixin (JAVA_13).
[25Sep2026 23:36:27.704] [main/DEBUG] [mixin/]: Compatibility level JAVA_17 specified by embeddium.mixins.json is higher than the maximum level supported by this version of mixin (JAVA_13).
[25Sep2026 23:36:27.767] [main/DEBUG] [mixin/]: Processing launch tasks for PlatformAgent[MixinPlatformAgentDefault:ModLauncher Root Container(ModLauncher:4f56a0a2)]
[25Sep2026 23:36:27.770] [main/DEBUG] [mixin/]: Adding mixin platform agents for container SecureJarResource(mixin_synthetic)
[25Sep2026 23:36:27.777] [main/DEBUG] [mixin/]: Instancing new MixinPlatformAgentMinecraftForge for SecureJarResource(mixin_synthetic)
[25Sep2026 23:36:27.783] [main/DEBUG] [mixin/]: MixinPlatformAgentMinecraftForge rejected container SecureJarResource(mixin_synthetic)
[25Sep2026 23:36:27.788] [main/DEBUG] [mixin/]: Instancing new MixinPlatformAgentDefault for SecureJarResource(mixin_synthetic)
[25Sep2026 23:36:27.793] [main/DEBUG] [mixin/]: MixinPlatformAgentDefault accepted container SecureJarResource(mixin_synthetic)
[25Sep2026 23:36:27.795] [main/DEBUG] [mixin/]: Instancing new FMLMixinPlatformAgent for SecureJarResource(mixin_synthetic)
[25Sep2026 23:36:27.799] [main/DEBUG] [mixin/]: FMLMixinPlatformAgent rejected container SecureJarResource(mixin_synthetic)
[25Sep2026 23:36:27.800] [main/DEBUG] [mixin/]: Processing prepare() for PlatformAgent[MixinPlatformAgentDefault:SecureJarResource(mixin_synthetic)]
[25Sep2026 23:36:27.801] [main/DEBUG] [mixin/]: Adding mixin platform agents for container SecureJarResource(irons_spellbooks)
[25Sep2026 23:36:27.801] [main/DEBUG] [mixin/]: Instancing new MixinPlatformAgentMinecraftForge for SecureJarResource(irons_spellbooks)
[25Sep2026 23:36:27.802] [main/DEBUG] [mixin/]: MixinPlatformAgentMinecraftForge rejected container SecureJarResource(irons_spellbooks)
[25Sep2026 23:36:27.802] [main/DEBUG] [mixin/]: Instancing new MixinPlatformAgentDefault for SecureJarResource(irons_spellbooks)
[25Sep2026 23:36:27.802] [main/DEBUG] [mixin/]: MixinPlatformAgentDefault accepted container SecureJarResource(irons_spellbooks)
[25Sep2026 23:36:27.804] [main/DEBUG] [mixin/]: Instancing new FMLMixinPlatformAgent for SecureJarResource(irons_spellbooks)
[25Sep2026 23:36:27.806] [main/DEBUG] [mixin/]: FMLMixinPlatformAgent rejected container SecureJarResource(irons_spellbooks)
[25Sep2026 23:36:27.810] [main/DEBUG] [mixin/]: Processing prepare() for PlatformAgent[MixinPlatformAgentDefault:SecureJarResource(irons_spellbooks)]
[25Sep2026 23:36:27.812] [main/DEBUG] [mixin/]: Adding mixin platform agents for container SecureJarResource(minecraft)
[25Sep2026 23:36:27.819] [main/DEBUG] [mixin/]: Instancing new MixinPlatformAgentMinecraftForge for SecureJarResource(minecraft)
[25Sep2026 23:36:27.822] [main/DEBUG] [mixin/]: MixinPlatformAgentMinecraftForge rejected container SecureJarResource(minecraft)
[25Sep2026 23:36:27.837] [main/DEBUG] [mixin/]: Instancing new MixinPlatformAgentDefault for SecureJarResource(minecraft)
[25Sep2026 23:36:27.838] [main/DEBUG] [mixin/]: MixinPlatformAgentDefault accepted container SecureJarResource(minecraft)
[25Sep2026 23:36:27.839] [main/DEBUG] [mixin/]: Instancing new FMLMixinPlatformAgent for SecureJarResource(minecraft)
[25Sep2026 23:36:27.839] [main/DEBUG] [mixin/]: FMLMixinPlatformAgent rejected container SecureJarResource(minecraft)
[25Sep2026 23:36:27.839] [main/DEBUG] [mixin/]: Processing prepare() for PlatformAgent[MixinPlatformAgentDefault:SecureJarResource(minecraft)]
[25Sep2026 23:36:27.845] [main/DEBUG] [mixin/]: Adding mixin platform agents for container SecureJarResource(aces_spell_utils)
[25Sep2026 23:36:27.846] [main/DEBUG] [mixin/]: Instancing new MixinPlatformAgentMinecraftForge for SecureJarResource(aces_spell_utils)
[25Sep2026 23:36:27.847] [main/DEBUG] [mixin/]: MixinPlatformAgentMinecraftForge rejected container SecureJarResource(aces_spell_utils)
[25Sep2026 23:36:27.850] [main/DEBUG] [mixin/]: Instancing new MixinPlatformAgentDefault for SecureJarResource(aces_spell_utils)
[25Sep2026 23:36:27.851] [main/DEBUG] [mixin/]: MixinPlatformAgentDefault accepted container SecureJarResource(aces_spell_utils)
[25Sep2026 23:36:27.854] [main/DEBUG] [mixin/]: Instancing new FMLMixinPlatformAgent for SecureJarResource(aces_spell_utils)
[25Sep2026 23:36:27.859] [main/DEBUG] [mixin/]: FMLMixinPlatformAgent rejected container SecureJarResource(aces_spell_utils)
[25Sep2026 23:36:27.864] [main/DEBUG] [mixin/]: Processing prepare() for PlatformAgent[MixinPlatformAgentDefault:SecureJarResource(aces_spell_utils)]
[25Sep2026 23:36:27.866] [main/DEBUG] [mixin/]: Adding mixin platform agents for container SecureJarResource(moonlight)
[25Sep2026 23:36:27.868] [main/DEBUG] [mixin/]: Instancing new MixinPlatformAgentMinecraftForge for SecureJarResource(moonlight)
[25Sep2026 23:36:27.878] [main/DEBUG] [mixin/]: MixinPlatformAgentMinecraftForge rejected container SecureJarResource(moonlight)
[25Sep2026 23:36:27.880] [main/DEBUG] [mixin/]: Instancing new MixinPlatformAgentDefault for SecureJarResource(moonlight)
[25Sep2026 23:36:27.881] [main/DEBUG] [mixin/]: MixinPlatformAgentDefault accepted container SecureJarResource(moonlight)
[25Sep2026 23:36:27.882] [main/DEBUG] [mixin/]: Instancing new FMLMixinPlatformAgent for SecureJarResource(moonlight)
[25Sep2026 23:36:27.882] [main/DEBUG] [mixin/]: FMLMixinPlatformAgent rejected container SecureJarResource(moonlight)
[25Sep2026 23:36:27.882] [main/DEBUG] [mixin/]: Processing prepare() for PlatformAgent[MixinPlatformAgentDefault:SecureJarResource(moonlight)]
[25Sep2026 23:36:27.916] [main/DEBUG] [mixin/]: Adding mixin platform agents for container SecureJarResource(jade)
[25Sep2026 23:36:27.919] [main/DEBUG] [mixin/]: Instancing new MixinPlatformAgentMinecraftForge for SecureJarResource(jade)
[25Sep2026 23:36:27.924] [main/DEBUG] [mixin/]: MixinPlatformAgentMinecraftForge rejected container SecureJarResource(jade)
[25Sep2026 23:36:27.928] [main/DEBUG] [mixin/]: Instancing new MixinPlatformAgentDefault for SecureJarResource(jade)
[25Sep2026 23:36:27.931] [main/DEBUG] [mixin/]: MixinPlatformAgentDefault accepted container SecureJarResource(jade)
[25Sep2026 23:36:27.933] [main/DEBUG] [mixin/]: Instancing new FMLMixinPlatformAgent for SecureJarResource(jade)
[25Sep2026 23:36:27.937] [main/DEBUG] [mixin/]: FMLMixinPlatformAgent rejected container SecureJarResource(jade)
[25Sep2026 23:36:27.938] [main/DEBUG] [mixin/]: Processing prepare() for PlatformAgent[MixinPlatformAgentDefault:SecureJarResource(jade)]
[25Sep2026 23:36:27.939] [main/DEBUG] [mixin/]: Registering mixin config: jade.mixins.json source=SecureJarResource(jade)
[25Sep2026 23:36:27.941] [main/DEBUG] [mixin/]: Adding mixin platform agents for container SecureJarResource(geckolib)
[25Sep2026 23:36:27.943] [main/DEBUG] [mixin/]: Instancing new MixinPlatformAgentMinecraftForge for SecureJarResource(geckolib)
[25Sep2026 23:36:27.944] [main/DEBUG] [mixin/]: MixinPlatformAgentMinecraftForge rejected container SecureJarResource(geckolib)
[25Sep2026 23:36:27.946] [main/DEBUG] [mixin/]: Instancing new MixinPlatformAgentDefault for SecureJarResource(geckolib)
[25Sep2026 23:36:27.946] [main/DEBUG] [mixin/]: MixinPlatformAgentDefault accepted container SecureJarResource(geckolib)
[25Sep2026 23:36:27.947] [main/DEBUG] [mixin/]: Instancing new FMLMixinPlatformAgent for SecureJarResource(geckolib)
[25Sep2026 23:36:27.948] [main/DEBUG] [mixin/]: FMLMixinPlatformAgent rejected container SecureJarResource(geckolib)
[25Sep2026 23:36:27.949] [main/DEBUG] [mixin/]: Processing prepare() for PlatformAgent[MixinPlatformAgentDefault:SecureJarResource(geckolib)]
[25Sep2026 23:36:27.949] [main/DEBUG] [mixin/]: Registering mixin config: geckolib.mixins.json source=SecureJarResource(geckolib)
[25Sep2026 23:36:27.950] [main/DEBUG] [mixin/]: Adding mixin platform agents for container SecureJarResource(playeranimator)
[25Sep2026 23:36:27.954] [main/DEBUG] [mixin/]: Instancing new MixinPlatformAgentMinecraftForge for SecureJarResource(playeranimator)
[25Sep2026 23:36:27.956] [main/DEBUG] [mixin/]: MixinPlatformAgentMinecraftForge rejected container SecureJarResource(playeranimator)
[25Sep2026 23:36:27.957] [main/DEBUG] [mixin/]: Instancing new MixinPlatformAgentDefault for SecureJarResource(playeranimator)
[25Sep2026 23:36:27.959] [main/DEBUG] [mixin/]: MixinPlatformAgentDefault accepted container SecureJarResource(playeranimator)
[25Sep2026 23:36:27.962] [main/DEBUG] [mixin/]: Instancing new FMLMixinPlatformAgent for SecureJarResource(playeranimator)
[25Sep2026 23:36:27.962] [main/DEBUG] [mixin/]: FMLMixinPlatformAgent rejected container SecureJarResource(playeranimator)
[25Sep2026 23:36:27.963] [main/DEBUG] [mixin/]: Processing prepare() for PlatformAgent[MixinPlatformAgentDefault:SecureJarResource(playeranimator)]
[25Sep2026 23:36:27.963] [main/DEBUG] [mixin/]: Adding mixin platform agents for container SecureJarResource(jei)
[25Sep2026 23:36:27.965] [main/DEBUG] [mixin/]: Instancing new MixinPlatformAgentMinecraftForge for SecureJarResource(jei)
[25Sep2026 23:36:27.965] [main/DEBUG] [mixin/]: MixinPlatformAgentMinecraftForge rejected container SecureJarResource(jei)
[25Sep2026 23:36:27.966] [main/DEBUG] [mixin/]: Instancing new MixinPlatformAgentDefault for SecureJarResource(jei)
[25Sep2026 23:36:27.967] [main/DEBUG] [mixin/]: MixinPlatformAgentDefault accepted container SecureJarResource(jei)
[25Sep2026 23:36:27.968] [main/DEBUG] [mixin/]: Instancing new FMLMixinPlatformAgent for SecureJarResource(jei)
[25Sep2026 23:36:27.968] [main/DEBUG] [mixin/]: FMLMixinPlatformAgent rejected container SecureJarResource(jei)
[25Sep2026 23:36:27.968] [main/DEBUG] [mixin/]: Processing prepare() for PlatformAgent[MixinPlatformAgentDefault:SecureJarResource(jei)]
[25Sep2026 23:36:27.969] [main/DEBUG] [mixin/]: Adding mixin platform agents for container SecureJarResource(irons_lib)
[25Sep2026 23:36:27.970] [main/DEBUG] [mixin/]: Instancing new MixinPlatformAgentMinecraftForge for SecureJarResource(irons_lib)
[25Sep2026 23:36:27.971] [main/DEBUG] [mixin/]: MixinPlatformAgentMinecraftForge rejected container SecureJarResource(irons_lib)
[25Sep2026 23:36:27.972] [main/DEBUG] [mixin/]: Instancing new MixinPlatformAgentDefault for SecureJarResource(irons_lib)
[25Sep2026 23:36:27.973] [main/DEBUG] [mixin/]: MixinPlatformAgentDefault accepted container SecureJarResource(irons_lib)
[25Sep2026 23:36:27.974] [main/DEBUG] [mixin/]: Instancing new FMLMixinPlatformAgent for SecureJarResource(irons_lib)
[25Sep2026 23:36:27.974] [main/DEBUG] [mixin/]: FMLMixinPlatformAgent rejected container SecureJarResource(irons_lib)
[25Sep2026 23:36:27.975] [main/DEBUG] [mixin/]: Processing prepare() for PlatformAgent[MixinPlatformAgentDefault:SecureJarResource(irons_lib)]
[25Sep2026 23:36:27.975] [main/DEBUG] [mixin/]: Adding mixin platform agents for container SecureJarResource(azurelib)
[25Sep2026 23:36:27.975] [main/DEBUG] [mixin/]: Instancing new MixinPlatformAgentMinecraftForge for SecureJarResource(azurelib)
[25Sep2026 23:36:27.976] [main/DEBUG] [mixin/]: MixinPlatformAgentMinecraftForge rejected container SecureJarResource(azurelib)
[25Sep2026 23:36:27.978] [main/DEBUG] [mixin/]: Instancing new MixinPlatformAgentDefault for SecureJarResource(azurelib)
[25Sep2026 23:36:27.978] [main/DEBUG] [mixin/]: MixinPlatformAgentDefault accepted container SecureJarResource(azurelib)
[25Sep2026 23:36:27.979] [main/DEBUG] [mixin/]: Instancing new FMLMixinPlatformAgent for SecureJarResource(azurelib)
[25Sep2026 23:36:27.979] [main/DEBUG] [mixin/]: FMLMixinPlatformAgent rejected container SecureJarResource(azurelib)
[25Sep2026 23:36:27.979] [main/DEBUG] [mixin/]: Processing prepare() for PlatformAgent[MixinPlatformAgentDefault:SecureJarResource(azurelib)]
[25Sep2026 23:36:27.979] [main/DEBUG] [mixin/]: Adding mixin platform agents for container SecureJarResource(caelus)
[25Sep2026 23:36:27.980] [main/DEBUG] [mixin/]: Instancing new MixinPlatformAgentMinecraftForge for SecureJarResource(caelus)
[25Sep2026 23:36:27.980] [main/DEBUG] [mixin/]: MixinPlatformAgentMinecraftForge rejected container SecureJarResource(caelus)
[25Sep2026 23:36:27.981] [main/DEBUG] [mixin/]: Instancing new MixinPlatformAgentDefault for SecureJarResource(caelus)
[25Sep2026 23:36:27.981] [main/DEBUG] [mixin/]: MixinPlatformAgentDefault accepted container SecureJarResource(caelus)
[25Sep2026 23:36:27.982] [main/DEBUG] [mixin/]: Instancing new FMLMixinPlatformAgent for SecureJarResource(caelus)
[25Sep2026 23:36:27.982] [main/DEBUG] [mixin/]: FMLMixinPlatformAgent rejected container SecureJarResource(caelus)
[25Sep2026 23:36:27.982] [main/DEBUG] [mixin/]: Processing prepare() for PlatformAgent[MixinPlatformAgentDefault:SecureJarResource(caelus)]
[25Sep2026 23:36:27.983] [main/DEBUG] [mixin/]: Adding mixin platform agents for container SecureJarResource(dummmmmmy)
[25Sep2026 23:36:27.983] [main/DEBUG] [mixin/]: Instancing new MixinPlatformAgentMinecraftForge for SecureJarResource(dummmmmmy)
[25Sep2026 23:36:27.984] [main/DEBUG] [mixin/]: MixinPlatformAgentMinecraftForge rejected container SecureJarResource(dummmmmmy)
[25Sep2026 23:36:27.985] [main/DEBUG] [mixin/]: Instancing new MixinPlatformAgentDefault for SecureJarResource(dummmmmmy)
[25Sep2026 23:36:27.989] [main/DEBUG] [mixin/]: MixinPlatformAgentDefault accepted container SecureJarResource(dummmmmmy)
[25Sep2026 23:36:27.995] [main/DEBUG] [mixin/]: Instancing new FMLMixinPlatformAgent for SecureJarResource(dummmmmmy)
[25Sep2026 23:36:27.997] [main/DEBUG] [mixin/]: FMLMixinPlatformAgent rejected container SecureJarResource(dummmmmmy)
[25Sep2026 23:36:27.999] [main/DEBUG] [mixin/]: Processing prepare() for PlatformAgent[MixinPlatformAgentDefault:SecureJarResource(dummmmmmy)]
[25Sep2026 23:36:28.003] [main/DEBUG] [mixin/]: Adding mixin platform agents for container SecureJarResource(curios)
[25Sep2026 23:36:28.011] [main/DEBUG] [mixin/]: Instancing new MixinPlatformAgentMinecraftForge for SecureJarResource(curios)
[25Sep2026 23:36:28.012] [main/DEBUG] [mixin/]: MixinPlatformAgentMinecraftForge rejected container SecureJarResource(curios)
[25Sep2026 23:36:28.013] [main/DEBUG] [mixin/]: Instancing new MixinPlatformAgentDefault for SecureJarResource(curios)
[25Sep2026 23:36:28.013] [main/DEBUG] [mixin/]: MixinPlatformAgentDefault accepted container SecureJarResource(curios)
[25Sep2026 23:36:28.014] [main/DEBUG] [mixin/]: Instancing new FMLMixinPlatformAgent for SecureJarResource(curios)
[25Sep2026 23:36:28.016] [main/DEBUG] [mixin/]: FMLMixinPlatformAgent rejected container SecureJarResource(curios)
[25Sep2026 23:36:28.016] [main/DEBUG] [mixin/]: Processing prepare() for PlatformAgent[MixinPlatformAgentDefault:SecureJarResource(curios)]
[25Sep2026 23:36:28.023] [main/DEBUG] [mixin/]: Adding mixin platform agents for container SecureJarResource(embeddium)
[25Sep2026 23:36:28.028] [main/DEBUG] [mixin/]: Instancing new MixinPlatformAgentMinecraftForge for SecureJarResource(embeddium)
[25Sep2026 23:36:28.029] [main/DEBUG] [mixin/]: MixinPlatformAgentMinecraftForge rejected container SecureJarResource(embeddium)
[25Sep2026 23:36:28.037] [main/DEBUG] [mixin/]: Instancing new MixinPlatformAgentDefault for SecureJarResource(embeddium)
[25Sep2026 23:36:28.038] [main/DEBUG] [mixin/]: MixinPlatformAgentDefault accepted container SecureJarResource(embeddium)
[25Sep2026 23:36:28.039] [main/DEBUG] [mixin/]: Instancing new FMLMixinPlatformAgent for SecureJarResource(embeddium)
[25Sep2026 23:36:28.043] [main/DEBUG] [mixin/]: FMLMixinPlatformAgent rejected container SecureJarResource(embeddium)
[25Sep2026 23:36:28.044] [main/DEBUG] [mixin/]: Processing prepare() for PlatformAgent[MixinPlatformAgentDefault:SecureJarResource(embeddium)]
[25Sep2026 23:36:28.045] [main/DEBUG] [mixin/]: Adding mixin platform agents for container SecureJarResource(hazentouvelib)
[25Sep2026 23:36:28.046] [main/DEBUG] [mixin/]: Instancing new MixinPlatformAgentMinecraftForge for SecureJarResource(hazentouvelib)
[25Sep2026 23:36:28.047] [main/DEBUG] [mixin/]: MixinPlatformAgentMinecraftForge rejected container SecureJarResource(hazentouvelib)
[25Sep2026 23:36:28.048] [main/DEBUG] [mixin/]: Instancing new MixinPlatformAgentDefault for SecureJarResource(hazentouvelib)
[25Sep2026 23:36:28.051] [main/DEBUG] [mixin/]: MixinPlatformAgentDefault accepted container SecureJarResource(hazentouvelib)
[25Sep2026 23:36:28.052] [main/DEBUG] [mixin/]: Instancing new FMLMixinPlatformAgent for SecureJarResource(hazentouvelib)
[25Sep2026 23:36:28.052] [main/DEBUG] [mixin/]: FMLMixinPlatformAgent rejected container SecureJarResource(hazentouvelib)
[25Sep2026 23:36:28.053] [main/DEBUG] [mixin/]: Processing prepare() for PlatformAgent[MixinPlatformAgentDefault:SecureJarResource(hazentouvelib)]
[25Sep2026 23:36:28.054] [main/DEBUG] [mixin/]: Adding mixin platform agents for container SecureJarResource(irons_artifice)
[25Sep2026 23:36:28.056] [main/DEBUG] [mixin/]: Instancing new MixinPlatformAgentMinecraftForge for SecureJarResource(irons_artifice)
[25Sep2026 23:36:28.061] [main/DEBUG] [mixin/]: MixinPlatformAgentMinecraftForge rejected container SecureJarResource(irons_artifice)
[25Sep2026 23:36:28.062] [main/DEBUG] [mixin/]: Instancing new MixinPlatformAgentDefault for SecureJarResource(irons_artifice)
[25Sep2026 23:36:28.070] [main/DEBUG] [mixin/]: MixinPlatformAgentDefault accepted container SecureJarResource(irons_artifice)
[25Sep2026 23:36:28.070] [main/DEBUG] [mixin/]: Instancing new FMLMixinPlatformAgent for SecureJarResource(irons_artifice)
[25Sep2026 23:36:28.071] [main/DEBUG] [mixin/]: FMLMixinPlatformAgent rejected container SecureJarResource(irons_artifice)
[25Sep2026 23:36:28.071] [main/DEBUG] [mixin/]: Processing prepare() for PlatformAgent[MixinPlatformAgentDefault:SecureJarResource(irons_artifice)]
[25Sep2026 23:36:28.074] [main/DEBUG] [mixin/]: Adding mixin platform agents for container SecureJarResource(hazens_archaic_hexerei_armaments)
[25Sep2026 23:36:28.075] [main/DEBUG] [mixin/]: Instancing new MixinPlatformAgentMinecraftForge for SecureJarResource(hazens_archaic_hexerei_armaments)
[25Sep2026 23:36:28.076] [main/DEBUG] [mixin/]: MixinPlatformAgentMinecraftForge rejected container SecureJarResource(hazens_archaic_hexerei_armaments)
[25Sep2026 23:36:28.076] [main/DEBUG] [mixin/]: Instancing new MixinPlatformAgentDefault for SecureJarResource(hazens_archaic_hexerei_armaments)
[25Sep2026 23:36:28.078] [main/DEBUG] [mixin/]: MixinPlatformAgentDefault accepted container SecureJarResource(hazens_archaic_hexerei_armaments)
[25Sep2026 23:36:28.078] [main/DEBUG] [mixin/]: Instancing new FMLMixinPlatformAgent for SecureJarResource(hazens_archaic_hexerei_armaments)
[25Sep2026 23:36:28.078] [main/DEBUG] [mixin/]: FMLMixinPlatformAgent rejected container SecureJarResource(hazens_archaic_hexerei_armaments)
[25Sep2026 23:36:28.079] [main/DEBUG] [mixin/]: Processing prepare() for PlatformAgent[MixinPlatformAgentDefault:SecureJarResource(hazens_archaic_hexerei_armaments)]
[25Sep2026 23:36:28.082] [main/DEBUG] [mixin/]: Adding mixin platform agents for container SecureJarResource(mixinextras.neoforge)
[25Sep2026 23:36:28.095] [main/DEBUG] [mixin/]: Instancing new MixinPlatformAgentMinecraftForge for SecureJarResource(mixinextras.neoforge)
[25Sep2026 23:36:28.107] [main/DEBUG] [mixin/]: MixinPlatformAgentMinecraftForge rejected container SecureJarResource(mixinextras.neoforge)
[25Sep2026 23:36:28.113] [main/DEBUG] [mixin/]: Instancing new MixinPlatformAgentDefault for SecureJarResource(mixinextras.neoforge)
[25Sep2026 23:36:28.116] [main/DEBUG] [mixin/]: MixinPlatformAgentDefault accepted container SecureJarResource(mixinextras.neoforge)
[25Sep2026 23:36:28.121] [main/DEBUG] [mixin/]: Instancing new FMLMixinPlatformAgent for SecureJarResource(mixinextras.neoforge)
[25Sep2026 23:36:28.131] [main/DEBUG] [mixin/]: FMLMixinPlatformAgent rejected container SecureJarResource(mixinextras.neoforge)
[25Sep2026 23:36:28.132] [main/DEBUG] [mixin/]: Processing prepare() for PlatformAgent[MixinPlatformAgentDefault:SecureJarResource(mixinextras.neoforge)]
[25Sep2026 23:36:28.134] [main/DEBUG] [mixin/]: Registering mixin config: mixinextras.init.mixins.json source=SecureJarResource(mixinextras.neoforge)
[25Sep2026 23:36:28.160] [main/DEBUG] [mixin/]: inject() running with 21 agents
[25Sep2026 23:36:28.167] [main/DEBUG] [mixin/]: Processing inject() for PlatformAgent[MixinPlatformAgentDefault:ModLauncher Root Container(ModLauncher:4f56a0a2)]
[25Sep2026 23:36:28.168] [main/DEBUG] [mixin/]: Processing inject() for PlatformAgent[MixinPlatformAgentDefault:net.neoforged.fml.loading.mixin.FMLMixinContainerHandle@5e2f3be5]
[25Sep2026 23:36:28.169] [main/DEBUG] [mixin/]: Processing inject() for PlatformAgent[FMLMixinPlatformAgent:null]
[25Sep2026 23:36:28.169] [main/DEBUG] [mixin/]: Processing inject() for PlatformAgent[MixinPlatformAgentDefault:SecureJarResource(mixin_synthetic)]
[25Sep2026 23:36:28.176] [main/DEBUG] [mixin/]: Processing inject() for PlatformAgent[MixinPlatformAgentDefault:SecureJarResource(irons_spellbooks)]
[25Sep2026 23:36:28.180] [main/DEBUG] [mixin/]: Processing inject() for PlatformAgent[MixinPlatformAgentDefault:SecureJarResource(minecraft)]
[25Sep2026 23:36:28.184] [main/DEBUG] [mixin/]: Processing inject() for PlatformAgent[MixinPlatformAgentDefault:SecureJarResource(aces_spell_utils)]
[25Sep2026 23:36:28.185] [main/DEBUG] [mixin/]: Processing inject() for PlatformAgent[MixinPlatformAgentDefault:SecureJarResource(moonlight)]
[25Sep2026 23:36:28.186] [main/DEBUG] [mixin/]: Processing inject() for PlatformAgent[MixinPlatformAgentDefault:SecureJarResource(jade)]
[25Sep2026 23:36:28.194] [main/DEBUG] [mixin/]: Processing inject() for PlatformAgent[MixinPlatformAgentDefault:SecureJarResource(geckolib)]
[25Sep2026 23:36:28.199] [main/DEBUG] [mixin/]: Processing inject() for PlatformAgent[MixinPlatformAgentDefault:SecureJarResource(playeranimator)]
[25Sep2026 23:36:28.199] [main/DEBUG] [mixin/]: Processing inject() for PlatformAgent[MixinPlatformAgentDefault:SecureJarResource(jei)]
[25Sep2026 23:36:28.200] [main/DEBUG] [mixin/]: Processing inject() for PlatformAgent[MixinPlatformAgentDefault:SecureJarResource(irons_lib)]
[25Sep2026 23:36:28.200] [main/DEBUG] [mixin/]: Processing inject() for PlatformAgent[MixinPlatformAgentDefault:SecureJarResource(azurelib)]
[25Sep2026 23:36:28.200] [main/DEBUG] [mixin/]: Processing inject() for PlatformAgent[MixinPlatformAgentDefault:SecureJarResource(caelus)]
[25Sep2026 23:36:28.227] [main/DEBUG] [mixin/]: Processing inject() for PlatformAgent[MixinPlatformAgentDefault:SecureJarResource(dummmmmmy)]
[25Sep2026 23:36:28.238] [main/DEBUG] [mixin/]: Processing inject() for PlatformAgent[MixinPlatformAgentDefault:SecureJarResource(curios)]
[25Sep2026 23:36:28.238] [main/DEBUG] [mixin/]: Processing inject() for PlatformAgent[MixinPlatformAgentDefault:SecureJarResource(embeddium)]
[25Sep2026 23:36:28.245] [main/DEBUG] [mixin/]: Processing inject() for PlatformAgent[MixinPlatformAgentDefault:SecureJarResource(hazentouvelib)]
[25Sep2026 23:36:28.245] [main/DEBUG] [mixin/]: Processing inject() for PlatformAgent[MixinPlatformAgentDefault:SecureJarResource(irons_artifice)]
[25Sep2026 23:36:28.246] [main/DEBUG] [mixin/]: Processing inject() for PlatformAgent[MixinPlatformAgentDefault:SecureJarResource(hazens_archaic_hexerei_armaments)]
[25Sep2026 23:36:28.247] [main/DEBUG] [mixin/]: Processing inject() for PlatformAgent[MixinPlatformAgentDefault:SecureJarResource(mixinextras.neoforge)]
[25Sep2026 23:36:28.248] [main/INFO] [cpw.mods.modlauncher.LaunchServiceHandler/MODLAUNCHER]: Launching target 'forgeclientdev' with arguments [--version, 21.1.224, --gameDir, ., --assetsDir, C:\Users\darkp\.gradle\caches\neoformruntime\assets, --assetIndex, 17]
[25Sep2026 23:36:29.133] [main/DEBUG] [mixin/]: Preparing mixins for MixinEnvironment[DEFAULT]
[25Sep2026 23:36:29.137] [main/DEBUG] [mixin/]: Selecting config irons_spellbooks.mixins.json
[25Sep2026 23:36:29.463] [main/WARN] [mixin/]: Reference map 'irons_spellbooks.refmap.json' for irons_spellbooks.mixins.json could not be read. If this is a development environment you can ignore this message
[25Sep2026 23:36:29.464] [main/DEBUG] [mixin/]: Selecting config aces_spell_utils.mixins.json
[25Sep2026 23:36:29.474] [main/WARN] [mixin/]: Reference map 'aces_spell_utils.refmap.json' for aces_spell_utils.mixins.json could not be read. If this is a development environment you can ignore this message
[25Sep2026 23:36:29.474] [main/DEBUG] [mixin/]: Selecting config moonlight.mixins.json
[25Sep2026 23:36:29.483] [main/DEBUG] [mixin/]: Selecting config moonlight-common.mixins.json
[25Sep2026 23:36:29.522] [main/DEBUG] [mixin/]: Selecting config jade.mixins.json
[25Sep2026 23:36:29.524] [main/DEBUG] [mixin/]: Selecting config geckolib.mixins.json
[25Sep2026 23:36:29.532] [main/WARN] [mixin/]: Reference map 'geckolib.refmap.json' for geckolib.mixins.json could not be read. If this is a development environment you can ignore this message
[25Sep2026 23:36:29.533] [main/DEBUG] [mixin/]: Selecting config playerAnimator-common.mixins.json
[25Sep2026 23:36:29.605] [main/DEBUG] [mixin/]: Selecting config irons_lib.mixins.json
[25Sep2026 23:36:29.656] [main/WARN] [mixin/]: Reference map 'irons_lib.refmap.json' for irons_lib.mixins.json could not be read. If this is a development environment you can ignore this message
[25Sep2026 23:36:29.657] [main/DEBUG] [mixin/]: Selecting config azurelib.mixins.json
[25Sep2026 23:36:29.659] [main/DEBUG] [mixin/]: Selecting config azurelib.neo.mixins.json
[25Sep2026 23:36:29.662] [main/DEBUG] [mixin/]: Selecting config azurelib.neo2.mixins.json
[25Sep2026 23:36:29.664] [main/DEBUG] [mixin/]: Selecting config caelus.mixins.json
[25Sep2026 23:36:29.667] [main/DEBUG] [mixin/]: Selecting config dummmmmmy.mixins.json
[25Sep2026 23:36:29.669] [main/DEBUG] [mixin/]: Selecting config dummmmmmy-common.mixins.json
[25Sep2026 23:36:29.673] [main/DEBUG] [mixin/]: Selecting config curios.neoforge.mixins.json
[25Sep2026 23:36:29.681] [main/WARN] [mixin/]: Reference map 'curios.refmap.json' for curios.neoforge.mixins.json could not be read. If this is a development environment you can ignore this message
[25Sep2026 23:36:29.682] [main/DEBUG] [mixin/]: Selecting config curios.mixins.json
[25Sep2026 23:36:29.686] [main/WARN] [mixin/]: Reference map 'curios.refmap.json' for curios.mixins.json could not be read. If this is a development environment you can ignore this message
[25Sep2026 23:36:29.686] [main/DEBUG] [mixin/]: Selecting config embeddium.mixins.json
[25Sep2026 23:36:29.772] [main/INFO] [Embeddium/]: Loaded configuration file for Embeddium: 63 options available, 0 override(s) found
[25Sep2026 23:36:29.790] [main/INFO] [Embeddium-GraphicsAdapterProbe/]: Searching for graphics cards...
[25Sep2026 23:36:35.555] [main/INFO] [Embeddium-GraphicsAdapterProbe/]: Found graphics card: GraphicsAdapterInfo[vendor=INTEL, name=Intel(R) Iris(R) Plus Graphics, version=31.0.101.2130]
[25Sep2026 23:36:35.691] [main/WARN] [mixin/]: Reference map 'embeddium-refmap.json' for embeddium.mixins.json could not be read. If this is a development environment you can ignore this message
[25Sep2026 23:36:35.692] [main/DEBUG] [mixin/]: Selecting config hazentouvelib.mixins.json
[25Sep2026 23:36:35.772] [main/WARN] [mixin/]: Reference map 'hazentouvelib.refmap.json' for hazentouvelib.mixins.json could not be read. If this is a development environment you can ignore this message
[25Sep2026 23:36:35.772] [main/DEBUG] [mixin/]: Selecting config neoforge.mixins.json
[25Sep2026 23:36:35.774] [main/DEBUG] [mixin/]: Selecting config irons_artifice.mixins.json
[25Sep2026 23:36:35.777] [main/DEBUG] [mixin/]: Selecting config mixinextras.init.mixins.json
[25Sep2026 23:36:36.098] [main/DEBUG] [MixinExtras|Service/]: com.llamalad7.mixinextras.service.MixinExtrasServiceImpl(version=0.5.3) is taking over from null
[25Sep2026 23:36:36.257] [main/DEBUG] [mixin/]: Registering new injector for @Inject with org.spongepowered.asm.mixin.injection.struct.CallbackInjectionInfo
[25Sep2026 23:36:36.261] [main/DEBUG] [mixin/]: Registering new injector for @ModifyArg with org.spongepowered.asm.mixin.injection.struct.ModifyArgInjectionInfo
[25Sep2026 23:36:36.269] [main/DEBUG] [mixin/]: Registering new injector for @ModifyArgs with org.spongepowered.asm.mixin.injection.struct.ModifyArgsInjectionInfo
[25Sep2026 23:36:36.280] [main/DEBUG] [mixin/]: Registering new injector for @Redirect with org.spongepowered.asm.mixin.injection.struct.RedirectInjectionInfo
[25Sep2026 23:36:36.285] [main/DEBUG] [mixin/]: Registering new injector for @ModifyVariable with org.spongepowered.asm.mixin.injection.struct.ModifyVariableInjectionInfo
[25Sep2026 23:36:36.291] [main/DEBUG] [mixin/]: Registering new injector for @ModifyConstant with org.spongepowered.asm.mixin.injection.struct.ModifyConstantInjectionInfo
[25Sep2026 23:36:36.483] [main/DEBUG] [mixin/]: Preparing irons_spellbooks.mixins.json (33)
[25Sep2026 23:36:37.681] [main/DEBUG] [mixin/]: Preparing aces_spell_utils.mixins.json (2)
[25Sep2026 23:36:37.685] [main/DEBUG] [mixin/]: Preparing moonlight.mixins.json (13)
[25Sep2026 23:36:37.806] [main/DEBUG] [mixin/]: Preparing moonlight-common.mixins.json (46)
[25Sep2026 23:36:38.927] [main/DEBUG] [mixin/]: Preparing jade.mixins.json (6)
[25Sep2026 23:36:38.972] [main/DEBUG] [mixin/]: Preparing geckolib.mixins.json (7)
[25Sep2026 23:36:39.128] [main/DEBUG] [mixin/]: Preparing playerAnimator-common.mixins.json (17)
[25Sep2026 23:36:39.231] [main/DEBUG] [mixin/]: Preparing irons_lib.mixins.json (18)
[25Sep2026 23:36:39.322] [main/DEBUG] [mixin/]: Preparing azurelib.mixins.json (0)
[25Sep2026 23:36:39.322] [main/DEBUG] [mixin/]: Preparing azurelib.neo.mixins.json (9)
[25Sep2026 23:36:39.380] [main/DEBUG] [mixin/]: Preparing azurelib.neo2.mixins.json (2)
[25Sep2026 23:36:39.402] [main/DEBUG] [mixin/]: Preparing caelus.mixins.json (4)
[25Sep2026 23:36:39.411] [main/DEBUG] [mixin/]: Preparing dummmmmmy.mixins.json (0)
[25Sep2026 23:36:39.412] [main/DEBUG] [mixin/]: Preparing dummmmmmy-common.mixins.json (6)
[25Sep2026 23:36:39.444] [main/DEBUG] [mixin/]: Preparing curios.neoforge.mixins.json (10)
[25Sep2026 23:36:39.519] [main/DEBUG] [mixin/]: Preparing curios.mixins.json (3)
[25Sep2026 23:36:39.529] [main/DEBUG] [mixin/]: Preparing embeddium.mixins.json (0)
[25Sep2026 23:36:39.529] [main/DEBUG] [mixin/]: Preparing hazentouvelib.mixins.json (4)
[25Sep2026 23:36:39.545] [main/DEBUG] [mixin/]: Preparing neoforge.mixins.json (2)
[25Sep2026 23:36:39.581] [main/DEBUG] [mixin/]: Preparing irons_artifice.mixins.json (9)
[25Sep2026 23:36:39.646] [main/DEBUG] [mixin/]: Preparing mixinextras.init.mixins.json (0)
[25Sep2026 23:36:39.688] [main/DEBUG] [mixin/]: Inner class io/redspace/ironsspellbooks/mixin/DispenserBlockMixin$1 in io/redspace/ironsspellbooks/mixin/DispenserBlockMixin on net/minecraft/world/level/block/DispenserBlock gets unique name net/minecraft/world/level/block/DispenserBlock$Anonymous$cf86d327f37d4ce885b4e433cdd91c03
[25Sep2026 23:36:40.914] [main/DEBUG] [mixin/]: Inner class net/mehvahdjukaar/moonlight/core/mixins/neoforge/ItemMixin$1 in net/mehvahdjukaar/moonlight/core/mixins/neoforge/ItemMixin on net/minecraft/world/item/Item gets unique name net/minecraft/world/item/Item$Anonymous$df7bb70af5494ce4824fbecd1509cd79
[25Sep2026 23:36:43.727] [main/DEBUG] [mixin/]: @Mixin target com/mojang/blaze3d/vertex/VertexMultiConsumer$Double is public in embeddium.mixins.json:core.render.immediate.consumer.VertexConsumersMixin$DualMixin from mod embeddium and should be specified in value
[25Sep2026 23:36:43.733] [main/DEBUG] [mixin/]: @Mixin target net/minecraft/client/renderer/OutlineBufferSource$EntityOutlineGenerator is public in embeddium.mixins.json:core.render.immediate.consumer.OutlineVertexConsumerMixin from mod embeddium and should be specified in value
[25Sep2026 23:36:45.563] [main/DEBUG] [mixin/]: Prepared 188 mixins in 16.224 sec (86.3ms avg) (0ms load, 0ms transform, 0ms plugin)
[25Sep2026 23:36:45.657] [main/INFO] [MixinExtras|Service/]: Initializing MixinExtras via com.llamalad7.mixinextras.service.MixinExtrasServiceImpl(version=0.5.3).
[25Sep2026 23:36:45.759] [main/DEBUG] [mixin/]: Registering new injector for @SugarWrapper with com.llamalad7.mixinextras.sugar.impl.SugarWrapperInjectionInfo
[25Sep2026 23:36:45.764] [main/DEBUG] [mixin/]: Registering new injector for @FactoryRedirectWrapper with com.llamalad7.mixinextras.wrapper.factory.FactoryRedirectWrapperInjectionInfo
[25Sep2026 23:36:45.767] [main/DEBUG] [mixin/]: Registering new injector for @ExpressionInjectorWrapper with com.llamalad7.mixinextras.expression.impl.wrapper.ExpressionInjectorWrapperInjectionInfo
[25Sep2026 23:36:45.944] [main/DEBUG] [mixin/]: Mixing SimpleTextureMixin from irons_spellbooks.mixins.json into net.minecraft.client.renderer.texture.SimpleTexture
[25Sep2026 23:36:46.679] [main/DEBUG] [mixin/]: irons_spellbooks.mixins.json:SimpleTextureMixin from mod irons_spellbooks->@Inject::irons_spellbooks$captureImageData(Lcom/mojang/blaze3d/platform/NativeImage;ZZLorg/spongepowered/asm/mixin/injection/callback/CallbackInfo;)V doesn't use it's CallbackInfo
[25Sep2026 23:36:46.680] [main/DEBUG] [mixin/]: irons_spellbooks.mixins.json:SimpleTextureMixin from mod irons_spellbooks->@Inject::irons_spellbooks$captureImageData(Lcom/mojang/blaze3d/platform/NativeImage;ZZLorg/spongepowered/asm/mixin/injection/callback/CallbackInfo;)V has 0 override(s) in child classes
[25Sep2026 23:36:46.680] [main/DEBUG] [mixin/]: irons_spellbooks.mixins.json:SimpleTextureMixin from mod irons_spellbooks->@Inject::irons_spellbooks$captureImageData(Lcom/mojang/blaze3d/platform/NativeImage;ZZLorg/spongepowered/asm/mixin/injection/callback/CallbackInfo;)V won't be passed a CallbackInfo as a result
[25Sep2026 23:36:46.698] [main/DEBUG] [mixin/]: Mixing features.render.immediate.matrix_stack.VertexConsumerMixin from embeddium.mixins.json into com.mojang.blaze3d.vertex.VertexConsumer
[25Sep2026 23:36:46.699] [main/DEBUG] [mixin/]: embeddium.mixins.json:features.render.immediate.matrix_stack.VertexConsumerMixin from mod embeddium: Class version 65 required is higher than the class version supported by the current version of Mixin (JAVA_17 supports class version 61)
[25Sep2026 23:36:47.864] [main/DEBUG] [mixin/]: Mixing GuiGraphicsMixin from irons_lib.mixins.json into net.minecraft.client.gui.GuiGraphics
[25Sep2026 23:36:48.071] [main/DEBUG] [mixin/]: Mixing features.textures.animations.tracking.DrawContextMixin from embeddium.mixins.json into net.minecraft.client.gui.GuiGraphics
[25Sep2026 23:36:48.080] [main/DEBUG] [mixin/]: embeddium.mixins.json:features.textures.animations.tracking.DrawContextMixin from mod embeddium: Class version 65 required is higher than the class version supported by the current version of Mixin (JAVA_17 supports class version 61)
[25Sep2026 23:36:48.726] [main/DEBUG] [mixin/]: irons_lib.mixins.json:GuiGraphicsMixin from mod irons_lib->@Inject::irons_lib$attachCustomDecorations(Lnet/minecraft/client/gui/Font;Lnet/minecraft/world/item/ItemStack;IILjava/lang/String;Lorg/spongepowered/asm/mixin/injection/callback/CallbackInfo;)V doesn't use it's CallbackInfo
[25Sep2026 23:36:48.727] [main/DEBUG] [mixin/]: irons_lib.mixins.json:GuiGraphicsMixin from mod irons_lib->@Inject::irons_lib$attachCustomDecorations(Lnet/minecraft/client/gui/Font;Lnet/minecraft/world/item/ItemStack;IILjava/lang/String;Lorg/spongepowered/asm/mixin/injection/callback/CallbackInfo;)V has 0 override(s) in child classes
[25Sep2026 23:36:48.727] [main/DEBUG] [mixin/]: irons_lib.mixins.json:GuiGraphicsMixin from mod irons_lib->@Inject::irons_lib$attachCustomDecorations(Lnet/minecraft/client/gui/Font;Lnet/minecraft/world/item/ItemStack;IILjava/lang/String;Lorg/spongepowered/asm/mixin/injection/callback/CallbackInfo;)V won't be passed a CallbackInfo as a result
[25Sep2026 23:36:48.728] [main/DEBUG] [mixin/]: embeddium.mixins.json:features.textures.animations.tracking.DrawContextMixin from mod embeddium->@Inject::preDrawSprite(IIIIILnet/minecraft/client/renderer/texture/TextureAtlasSprite;Lorg/spongepowered/asm/mixin/injection/callback/CallbackInfo;)V doesn't use it's CallbackInfo
[25Sep2026 23:36:48.729] [main/DEBUG] [mixin/]: embeddium.mixins.json:features.textures.animations.tracking.DrawContextMixin from mod embeddium->@Inject::preDrawSprite(IIIIILnet/minecraft/client/renderer/texture/TextureAtlasSprite;Lorg/spongepowered/asm/mixin/injection/callback/CallbackInfo;)V has 0 override(s) in child classes
[25Sep2026 23:36:48.730] [main/DEBUG] [mixin/]: embeddium.mixins.json:features.textures.animations.tracking.DrawContextMixin from mod embeddium->@Inject::preDrawSprite(IIIIILnet/minecraft/client/renderer/texture/TextureAtlasSprite;Lorg/spongepowered/asm/mixin/injection/callback/CallbackInfo;)V won't be passed a CallbackInfo as a result
[25Sep2026 23:36:48.730] [main/DEBUG] [mixin/]: embeddium.mixins.json:features.textures.animations.tracking.DrawContextMixin from mod embeddium->@Inject::preDrawSprite(IIIIILnet/minecraft/client/renderer/texture/TextureAtlasSprite;FFFFLorg/spongepowered/asm/mixin/injection/callback/CallbackInfo;)V doesn't use it's CallbackInfo
[25Sep2026 23:36:48.732] [main/DEBUG] [mixin/]: embeddium.mixins.json:features.textures.animations.tracking.DrawContextMixin from mod embeddium->@Inject::preDrawSprite(IIIIILnet/minecraft/client/renderer/texture/TextureAtlasSprite;FFFFLorg/spongepowered/asm/mixin/injection/callback/CallbackInfo;)V has 0 override(s) in child classes
[25Sep2026 23:36:48.734] [main/DEBUG] [mixin/]: embeddium.mixins.json:features.textures.animations.tracking.DrawContextMixin from mod embeddium->@Inject::preDrawSprite(IIIIILnet/minecraft/client/renderer/texture/TextureAtlasSprite;FFFFLorg/spongepowered/asm/mixin/injection/callback/CallbackInfo;)V won't be passed a CallbackInfo as a result
[25Sep2026 23:36:48.845] [main/DEBUG] [mixin/]: Mixing MinecraftMixin from irons_spellbooks.mixins.json into net.minecraft.client.Minecraft
[25Sep2026 23:36:49.818] [main/DEBUG] [mixin/]: Mixing MinecraftMixin from moonlight-common.mixins.json into net.minecraft.client.Minecraft
[25Sep2026 23:36:49.822] [main/DEBUG] [mixin/]: moonlight-common.mixins.json:MinecraftMixin from mod moonlight: Class version 65 required is higher than the class version supported by the current version of Mixin (JAVA_17 supports class version 61)
[25Sep2026 23:36:49.878] [main/DEBUG] [mixin/]: Mixing MinecraftMixin from azurelib.neo.mixins.json into net.minecraft.client.Minecraft
[25Sep2026 23:36:50.118] [main/DEBUG] [mixin/]: Mixing MinecraftMixin from irons_artifice.mixins.json into net.minecraft.client.Minecraft
[25Sep2026 23:36:50.130] [main/DEBUG] [mixin/]: Mixing core.MinecraftClientMixin from embeddium.mixins.json into net.minecraft.client.Minecraft
[25Sep2026 23:36:50.131] [main/DEBUG] [mixin/]: embeddium.mixins.json:core.MinecraftClientMixin from mod embeddium: Class version 65 required is higher than the class version supported by the current version of Mixin (JAVA_17 supports class version 61)
[25Sep2026 23:36:50.133] [main/DEBUG] [mixin/]: Renaming synthetic method lambda$postInit$0(Lnet/minecraft/client/gui/screens/Screen;)Lnet/minecraft/client/gui/screens/Screen; to mdb288f6$embeddium$lambda$postInit$0$0 in embeddium.mixins.json:core.MinecraftClientMixin from mod embeddium
[25Sep2026 23:36:50.345] [main/DEBUG] [mixin/]: Mixing core.render.MinecraftAccessor from embeddium.mixins.json into net.minecraft.client.Minecraft
[25Sep2026 23:36:50.346] [main/DEBUG] [mixin/]: embeddium.mixins.json:core.render.MinecraftAccessor from mod embeddium: Class version 65 required is higher than the class version supported by the current version of Mixin (JAVA_17 supports class version 61)
[25Sep2026 23:36:51.285] [main/DEBUG] [mixin/]: irons_spellbooks.mixins.json:MinecraftMixin from mod irons_spellbooks->@Inject::irons_spellbooks$changeGlowOutline(Lnet/minecraft/world/entity/Entity;Lorg/spongepowered/asm/mixin/injection/callback/CallbackInfoReturnable;)V does use it's CallbackInfoReturnable
[25Sep2026 23:36:51.288] [main/DEBUG] [mixin/]: moonlight-common.mixins.json:MinecraftMixin from mod moonlight->@Inject::moonlight$onItemLeftClick(Lorg/spongepowered/asm/mixin/injection/callback/CallbackInfoReturnable;)V does use it's CallbackInfoReturnable
[25Sep2026 23:36:51.289] [main/DEBUG] [mixin/]: azurelib.neo.mixins.json:MinecraftMixin from mod azurelib->@Inject::configuration_reloadClientConfigs(Lnet/minecraft/client/gui/screens/Screen;Lorg/spongepowered/asm/mixin/injection/callback/CallbackInfo;)V doesn't use it's CallbackInfo
[25Sep2026 23:36:51.292] [main/DEBUG] [mixin/]: azurelib.neo.mixins.json:MinecraftMixin from mod azurelib->@Inject::configuration_reloadClientConfigs(Lnet/minecraft/client/gui/screens/Screen;Lorg/spongepowered/asm/mixin/injection/callback/CallbackInfo;)V has 0 override(s) in child classes
[25Sep2026 23:36:51.293] [main/DEBUG] [mixin/]: azurelib.neo.mixins.json:MinecraftMixin from mod azurelib->@Inject::configuration_reloadClientConfigs(Lnet/minecraft/client/gui/screens/Screen;Lorg/spongepowered/asm/mixin/injection/callback/CallbackInfo;)V won't be passed a CallbackInfo as a result
[25Sep2026 23:36:51.294] [main/DEBUG] [mixin/]: irons_artifice.mixins.json:MinecraftMixin from mod irons_artifice->@Inject::irons_artifice$suppressGunHeldAttack(ZLorg/spongepowered/asm/mixin/injection/callback/CallbackInfo;)V does use it's CallbackInfo
[25Sep2026 23:36:51.296] [main/DEBUG] [mixin/]: embeddium.mixins.json:core.MinecraftClientMixin from mod embeddium->@Inject::postInit(Lnet/minecraft/client/main/GameConfig;Lorg/spongepowered/asm/mixin/injection/callback/CallbackInfo;)V doesn't use it's CallbackInfo
[25Sep2026 23:36:51.298] [main/DEBUG] [mixin/]: embeddium.mixins.json:core.MinecraftClientMixin from mod embeddium->@Inject::postInit(Lnet/minecraft/client/main/GameConfig;Lorg/spongepowered/asm/mixin/injection/callback/CallbackInfo;)V has 0 override(s) in child classes
[25Sep2026 23:36:51.299] [main/DEBUG] [mixin/]: embeddium.mixins.json:core.MinecraftClientMixin from mod embeddium->@Inject::postInit(Lnet/minecraft/client/main/GameConfig;Lorg/spongepowered/asm/mixin/injection/callback/CallbackInfo;)V won't be passed a CallbackInfo as a result
[25Sep2026 23:36:51.300] [main/DEBUG] [mixin/]: embeddium.mixins.json:core.MinecraftClientMixin from mod embeddium->@Inject::preRender(ZLorg/spongepowered/asm/mixin/injection/callback/CallbackInfo;)V doesn't use it's CallbackInfo
[25Sep2026 23:36:51.301] [main/DEBUG] [mixin/]: embeddium.mixins.json:core.MinecraftClientMixin from mod embeddium->@Inject::preRender(ZLorg/spongepowered/asm/mixin/injection/callback/CallbackInfo;)V has 0 override(s) in child classes
[25Sep2026 23:36:51.301] [main/DEBUG] [mixin/]: embeddium.mixins.json:core.MinecraftClientMixin from mod embeddium->@Inject::preRender(ZLorg/spongepowered/asm/mixin/injection/callback/CallbackInfo;)V won't be passed a CallbackInfo as a result
[25Sep2026 23:36:51.303] [main/DEBUG] [mixin/]: embeddium.mixins.json:core.MinecraftClientMixin from mod embeddium->@Inject::postRender(ZLorg/spongepowered/asm/mixin/injection/callback/CallbackInfo;)V doesn't use it's CallbackInfo
[25Sep2026 23:36:51.328] [main/DEBUG] [mixin/]: embeddium.mixins.json:core.MinecraftClientMixin from mod embeddium->@Inject::postRender(ZLorg/spongepowered/asm/mixin/injection/callback/CallbackInfo;)V has 0 override(s) in child classes
[25Sep2026 23:36:51.330] [main/DEBUG] [mixin/]: embeddium.mixins.json:core.MinecraftClientMixin from mod embeddium->@Inject::postRender(ZLorg/spongepowered/asm/mixin/injection/callback/CallbackInfo;)V won't be passed a CallbackInfo as a result
[25Sep2026 23:36:51.331] [main/DEBUG] [mixin/]: embeddium.mixins.json:core.MinecraftClientMixin from mod embeddium->@Inject::postInit(Lorg/spongepowered/asm/mixin/injection/callback/CallbackInfoReturnable;)V doesn't use it's CallbackInfoReturnable
[25Sep2026 23:36:51.332] [main/DEBUG] [mixin/]: embeddium.mixins.json:core.MinecraftClientMixin from mod embeddium->@Inject::postInit(Lorg/spongepowered/asm/mixin/injection/callback/CallbackInfoReturnable;)V has 0 override(s) in child classes
[25Sep2026 23:36:51.333] [main/DEBUG] [mixin/]: embeddium.mixins.json:core.MinecraftClientMixin from mod embeddium->@Inject::postInit(Lorg/spongepowered/asm/mixin/injection/callback/CallbackInfoReturnable;)V won't be passed a CallbackInfoReturnable as a result
[25Sep2026 23:36:51.349] [main/DEBUG] [mixin/]: embeddium.mixins.json:core.MinecraftClientMixin from mod embeddium->@Inject::postResourceReload(Lorg/spongepowered/asm/mixin/injection/callback/CallbackInfoReturnable;)V doesn't use it's CallbackInfoReturnable
[25Sep2026 23:36:51.351] [main/DEBUG] [mixin/]: embeddium.mixins.json:core.MinecraftClientMixin from mod embeddium->@Inject::postResourceReload(Lorg/spongepowered/asm/mixin/injection/callback/CallbackInfoReturnable;)V has 0 override(s) in child classes
[25Sep2026 23:36:51.353] [main/DEBUG] [mixin/]: embeddium.mixins.json:core.MinecraftClientMixin from mod embeddium->@Inject::postResourceReload(Lorg/spongepowered/asm/mixin/injection/callback/CallbackInfoReturnable;)V won't be passed a CallbackInfoReturnable as a result
[25Sep2026 23:36:53.451] [main/DEBUG] [io.netty.util.internal.logging.InternalLoggerFactory/]: Using SLF4J as the default logging framework
[25Sep2026 23:36:53.463] [main/DEBUG] [io.netty.util.ResourceLeakDetector/]: -Dio.netty.leakDetection.level: simple
[25Sep2026 23:36:53.464] [main/DEBUG] [io.netty.util.ResourceLeakDetector/]: -Dio.netty.leakDetection.targetRecords: 4
[25Sep2026 23:36:56.244] [main/DEBUG] [mixin/]: Mixing MixinV1460 from curios.neoforge.mixins.json into net.minecraft.util.datafix.schemas.V1460
[25Sep2026 23:36:56.272] [main/DEBUG] [mixin/]: curios.neoforge.mixins.json:MixinV1460 from mod curios->@Inject::captureSchema(Lcom/mojang/datafixers/schemas/Schema;Ljava/util/Map;Ljava/util/Map;Lorg/spongepowered/asm/mixin/injection/callback/CallbackInfo;)V doesn't use it's CallbackInfo
[25Sep2026 23:36:56.272] [main/DEBUG] [mixin/]: curios.neoforge.mixins.json:MixinV1460 from mod curios->@Inject::captureSchema(Lcom/mojang/datafixers/schemas/Schema;Ljava/util/Map;Ljava/util/Map;Lorg/spongepowered/asm/mixin/injection/callback/CallbackInfo;)V has 0 override(s) in child classes
[25Sep2026 23:36:56.273] [main/DEBUG] [mixin/]: curios.neoforge.mixins.json:MixinV1460 from mod curios->@Inject::captureSchema(Lcom/mojang/datafixers/schemas/Schema;Ljava/util/Map;Ljava/util/Map;Lorg/spongepowered/asm/mixin/injection/callback/CallbackInfo;)V won't be passed a CallbackInfo as a result
[25Sep2026 23:36:56.353] [main/DEBUG] [mixin/]: Mixing LivingEntityAccessor from irons_spellbooks.mixins.json into net.minecraft.world.entity.LivingEntity
[25Sep2026 23:36:56.355] [main/DEBUG] [mixin/]: Mixing LivingEntityMixin from irons_spellbooks.mixins.json into net.minecraft.world.entity.LivingEntity
[25Sep2026 23:36:56.359] [main/DEBUG] [mixin/]: Renaming synthetic method lambda$filterApplicableAttributes$0(Lnet/minecraft/world/item/component/ItemAttributeModifiers$Entry;)Z to mdb288f6$irons_spellbooks$lambda$filterApplicableAttributes$0$0 in irons_spellbooks.mixins.json:LivingEntityMixin from mod irons_spellbooks
[25Sep2026 23:36:56.476] [main/DEBUG] [mixin/]: Mixing server.LivingEntityMixin from aces_spell_utils.mixins.json into net.minecraft.world.entity.LivingEntity
[25Sep2026 23:36:56.477] [main/DEBUG] [mixin/]: aces_spell_utils.mixins.json:server.LivingEntityMixin from mod aces_spell_utils: Class version 65 required is higher than the class version supported by the current version of Mixin (JAVA_17 supports class version 61)
[25Sep2026 23:36:56.483] [main/DEBUG] [mixin/]: Mixing common.LivingEntityMixin from geckolib.mixins.json into net.minecraft.world.entity.LivingEntity
[25Sep2026 23:36:56.483] [main/DEBUG] [mixin/]: geckolib.mixins.json:common.LivingEntityMixin from mod geckolib: Class version 65 required is higher than the class version supported by the current version of Mixin (JAVA_17 supports class version 61)
[25Sep2026 23:36:56.498] [main/DEBUG] [mixin/]: Mixing CommonLivingEntityMixin from irons_lib.mixins.json into net.minecraft.world.entity.LivingEntity
[25Sep2026 23:36:56.508] [main/DEBUG] [mixin/]: Mixing ClientLivingEntityMixin from irons_lib.mixins.json into net.minecraft.world.entity.LivingEntity
[25Sep2026 23:36:56.531] [main/DEBUG] [mixin/]: Mixing MixinLivingEntity from caelus.mixins.json into net.minecraft.world.entity.LivingEntity
[25Sep2026 23:36:56.532] [main/DEBUG] [mixin/]: caelus.mixins.json:MixinLivingEntity from mod caelus: Class version 65 required is higher than the class version supported by the current version of Mixin (JAVA_17 supports class version 61)
[25Sep2026 23:36:56.544] [main/DEBUG] [mixin/]: Mixing LivingEntityMixin from dummmmmmy-common.mixins.json into net.minecraft.world.entity.LivingEntity
[25Sep2026 23:36:56.545] [main/DEBUG] [mixin/]: dummmmmmy-common.mixins.json:LivingEntityMixin from mod dummmmmmy: Class version 65 required is higher than the class version supported by the current version of Mixin (JAVA_17 supports class version 61)
[25Sep2026 23:36:56.563] [main/DEBUG] [mixin/]: Mixing MixinLivingEntity from curios.neoforge.mixins.json into net.minecraft.world.entity.LivingEntity
[25Sep2026 23:36:56.760] [main/DEBUG] [mixin/]: irons_spellbooks.mixins.json:LivingEntityMixin from mod irons_spellbooks->@Inject::irons_spellbooks$onEffectRemoved(Lnet/minecraft/world/effect/MobEffectInstance;Lorg/spongepowered/asm/mixin/injection/callback/CallbackInfo;)V doesn't use it's CallbackInfo
[25Sep2026 23:36:56.761] [main/DEBUG] [mixin/]: irons_spellbooks.mixins.json:LivingEntityMixin from mod irons_spellbooks->@Inject::irons_spellbooks$onEffectRemoved(Lnet/minecraft/world/effect/MobEffectInstance;Lorg/spongepowered/asm/mixin/injection/callback/CallbackInfo;)V has 0 override(s) in child classes
[25Sep2026 23:36:56.761] [main/DEBUG] [mixin/]: irons_spellbooks.mixins.json:LivingEntityMixin from mod irons_spellbooks->@Inject::irons_spellbooks$onEffectRemoved(Lnet/minecraft/world/effect/MobEffectInstance;Lorg/spongepowered/asm/mixin/injection/callback/CallbackInfo;)V won't be passed a CallbackInfo as a result
[25Sep2026 23:36:56.762] [main/DEBUG] [mixin/]: irons_spellbooks.mixins.json:LivingEntityMixin from mod irons_spellbooks->@Inject::irons_spellbooks$onEffectUpdated(Lnet/minecraft/world/effect/MobEffectInstance;ZLnet/minecraft/world/entity/Entity;Lorg/spongepowered/asm/mixin/injection/callback/CallbackInfo;)V doesn't use it's CallbackInfo
[25Sep2026 23:36:56.762] [main/DEBUG] [mixin/]: irons_spellbooks.mixins.json:LivingEntityMixin from mod irons_spellbooks->@Inject::irons_spellbooks$onEffectUpdated(Lnet/minecraft/world/effect/MobEffectInstance;ZLnet/minecraft/world/entity/Entity;Lorg/spongepowered/asm/mixin/injection/callback/CallbackInfo;)V has 0 override(s) in child classes
[25Sep2026 23:36:56.762] [main/DEBUG] [mixin/]: irons_spellbooks.mixins.json:LivingEntityMixin from mod irons_spellbooks->@Inject::irons_spellbooks$onEffectUpdated(Lnet/minecraft/world/effect/MobEffectInstance;ZLnet/minecraft/world/entity/Entity;Lorg/spongepowered/asm/mixin/injection/callback/CallbackInfo;)V won't be passed a CallbackInfo as a result
[25Sep2026 23:36:56.763] [main/DEBUG] [mixin/]: irons_spellbooks.mixins.json:LivingEntityMixin from mod irons_spellbooks->@Inject::irons_spellbooks$onEffectAdded(Lnet/minecraft/world/effect/MobEffectInstance;Lnet/minecraft/world/entity/Entity;Lorg/spongepowered/asm/mixin/injection/callback/CallbackInfo;)V doesn't use it's CallbackInfo
[25Sep2026 23:36:56.763] [main/DEBUG] [mixin/]: irons_spellbooks.mixins.json:LivingEntityMixin from mod irons_spellbooks->@Inject::irons_spellbooks$onEffectAdded(Lnet/minecraft/world/effect/MobEffectInstance;Lnet/minecraft/world/entity/Entity;Lorg/spongepowered/asm/mixin/injection/callback/CallbackInfo;)V has 0 override(s) in child classes
[25Sep2026 23:36:56.764] [main/DEBUG] [mixin/]: irons_spellbooks.mixins.json:LivingEntityMixin from mod irons_spellbooks->@Inject::irons_spellbooks$onEffectAdded(Lnet/minecraft/world/effect/MobEffectInstance;Lnet/minecraft/world/entity/Entity;Lorg/spongepowered/asm/mixin/injection/callback/CallbackInfo;)V won't be passed a CallbackInfo as a result
[25Sep2026 23:36:56.765] [main/DEBUG] [mixin/]: irons_spellbooks.mixins.json:LivingEntityMixin from mod irons_spellbooks->@Inject::irons_spellbooks$updateInvisibilityStatus(Lorg/spongepowered/asm/mixin/injection/callback/CallbackInfo;)V doesn't use it's CallbackInfo
[25Sep2026 23:36:56.765] [main/DEBUG] [mixin/]: irons_spellbooks.mixins.json:LivingEntityMixin from mod irons_spellbooks->@Inject::irons_spellbooks$updateInvisibilityStatus(Lorg/spongepowered/asm/mixin/injection/callback/CallbackInfo;)V has 0 override(s) in child classes
[25Sep2026 23:36:56.766] [main/DEBUG] [mixin/]: irons_spellbooks.mixins.json:LivingEntityMixin from mod irons_spellbooks->@Inject::irons_spellbooks$updateInvisibilityStatus(Lorg/spongepowered/asm/mixin/injection/callback/CallbackInfo;)V won't be passed a CallbackInfo as a result
[25Sep2026 23:36:56.767] [main/DEBUG] [mixin/]: irons_spellbooks.mixins.json:LivingEntityMixin from mod irons_spellbooks->@Inject::irons_spellbooks$isCurrentlyGlowing(Lorg/spongepowered/asm/mixin/injection/callback/CallbackInfoReturnable;)V does use it's CallbackInfoReturnable
[25Sep2026 23:36:56.768] [main/DEBUG] [mixin/]: irons_spellbooks.mixins.json:LivingEntityMixin from mod irons_spellbooks->@Inject::irons_spellbooks$changeSummonHurtCredit(Lnet/minecraft/world/damagesource/DamageSource;FLorg/spongepowered/asm/mixin/injection/callback/CallbackInfoReturnable;)V doesn't use it's CallbackInfoReturnable
[25Sep2026 23:36:56.768] [main/DEBUG] [mixin/]: irons_spellbooks.mixins.json:LivingEntityMixin from mod irons_spellbooks->@Inject::irons_spellbooks$changeSummonHurtCredit(Lnet/minecraft/world/damagesource/DamageSource;FLorg/spongepowered/asm/mixin/injection/callback/CallbackInfoReturnable;)V has 0 override(s) in child classes
[25Sep2026 23:36:56.768] [main/DEBUG] [mixin/]: irons_spellbooks.mixins.json:LivingEntityMixin from mod irons_spellbooks->@Inject::irons_spellbooks$changeSummonHurtCredit(Lnet/minecraft/world/damagesource/DamageSource;FLorg/spongepowered/asm/mixin/injection/callback/CallbackInfoReturnable;)V won't be passed a CallbackInfoReturnable as a result
[25Sep2026 23:36:56.769] [main/DEBUG] [mixin/]: irons_spellbooks.mixins.json:LivingEntityMixin from mod irons_spellbooks->@Inject::irons_spellbooks$changeSummonHurtCredit(Lnet/minecraft/world/damagesource/DamageSource;FLorg/spongepowered/asm/mixin/injection/callback/CallbackInfoReturnable;)V doesn't use it's CallbackInfoReturnable
[25Sep2026 23:36:56.769] [main/DEBUG] [mixin/]: irons_spellbooks.mixins.json:LivingEntityMixin from mod irons_spellbooks->@Inject::irons_spellbooks$changeSummonHurtCredit(Lnet/minecraft/world/damagesource/DamageSource;FLorg/spongepowered/asm/mixin/injection/callback/CallbackInfoReturnable;)V has 0 override(s) in child classes
[25Sep2026 23:36:56.769] [main/DEBUG] [mixin/]: irons_spellbooks.mixins.json:LivingEntityMixin from mod irons_spellbooks->@Inject::irons_spellbooks$changeSummonHurtCredit(Lnet/minecraft/world/damagesource/DamageSource;FLorg/spongepowered/asm/mixin/injection/callback/CallbackInfoReturnable;)V won't be passed a CallbackInfoReturnable as a result
[25Sep2026 23:36:56.770] [main/DEBUG] [mixin/]: irons_spellbooks.mixins.json:LivingEntityMixin from mod irons_spellbooks->@Inject::irons_spellbooks$changeSummonHurtCredit(Lnet/minecraft/world/damagesource/DamageSource;FLorg/spongepowered/asm/mixin/injection/callback/CallbackInfoReturnable;)V doesn't use it's CallbackInfoReturnable
[25Sep2026 23:36:56.770] [main/DEBUG] [mixin/]: irons_spellbooks.mixins.json:LivingEntityMixin from mod irons_spellbooks->@Inject::irons_spellbooks$changeSummonHurtCredit(Lnet/minecraft/world/damagesource/DamageSource;FLorg/spongepowered/asm/mixin/injection/callback/CallbackInfoReturnable;)V has 0 override(s) in child classes
[25Sep2026 23:36:56.770] [main/DEBUG] [mixin/]: irons_spellbooks.mixins.json:LivingEntityMixin from mod irons_spellbooks->@Inject::irons_spellbooks$changeSummonHurtCredit(Lnet/minecraft/world/damagesource/DamageSource;FLorg/spongepowered/asm/mixin/injection/callback/CallbackInfoReturnable;)V won't be passed a CallbackInfoReturnable as a result
[25Sep2026 23:36:56.771] [main/DEBUG] [mixin/]: irons_spellbooks.mixins.json:LivingEntityMixin from mod irons_spellbooks->@Inject::irons_spellbooks$changeSummonHurtCredit(Lnet/minecraft/world/damagesource/DamageSource;FLorg/spongepowered/asm/mixin/injection/callback/CallbackInfoReturnable;)V doesn't use it's CallbackInfoReturnable
[25Sep2026 23:36:56.771] [main/DEBUG] [mixin/]: irons_spellbooks.mixins.json:LivingEntityMixin from mod irons_spellbooks->@Inject::irons_spellbooks$changeSummonHurtCredit(Lnet/minecraft/world/damagesource/DamageSource;FLorg/spongepowered/asm/mixin/injection/callback/CallbackInfoReturnable;)V has 0 override(s) in child classes
[25Sep2026 23:36:56.771] [main/DEBUG] [mixin/]: irons_spellbooks.mixins.json:LivingEntityMixin from mod irons_spellbooks->@Inject::irons_spellbooks$changeSummonHurtCredit(Lnet/minecraft/world/damagesource/DamageSource;FLorg/spongepowered/asm/mixin/injection/callback/CallbackInfoReturnable;)V won't be passed a CallbackInfoReturnable as a result
[25Sep2026 23:36:56.771] [main/DEBUG] [mixin/]: irons_spellbooks.mixins.json:LivingEntityMixin from mod irons_spellbooks->@Inject::irons_spellbooks$changeSummonHurtCredit(Lnet/minecraft/world/damagesource/DamageSource;FLorg/spongepowered/asm/mixin/injection/callback/CallbackInfoReturnable;)V doesn't use it's CallbackInfoReturnable
[25Sep2026 23:36:56.772] [main/DEBUG] [mixin/]: irons_spellbooks.mixins.json:LivingEntityMixin from mod irons_spellbooks->@Inject::irons_spellbooks$changeSummonHurtCredit(Lnet/minecraft/world/damagesource/DamageSource;FLorg/spongepowered/asm/mixin/injection/callback/CallbackInfoReturnable;)V has 0 override(s) in child classes
[25Sep2026 23:36:56.772] [main/DEBUG] [mixin/]: irons_spellbooks.mixins.json:LivingEntityMixin from mod irons_spellbooks->@Inject::irons_spellbooks$changeSummonHurtCredit(Lnet/minecraft/world/damagesource/DamageSource;FLorg/spongepowered/asm/mixin/injection/callback/CallbackInfoReturnable;)V won't be passed a CallbackInfoReturnable as a result
[25Sep2026 23:36:56.773] [main/DEBUG] [mixin/]: irons_spellbooks.mixins.json:LivingEntityMixin from mod irons_spellbooks->@Inject::irons_spellbooks$changeSummonHurtCredit(Lnet/minecraft/world/damagesource/DamageSource;FLorg/spongepowered/asm/mixin/injection/callback/CallbackInfoReturnable;)V doesn't use it's CallbackInfoReturnable
[25Sep2026 23:36:56.773] [main/DEBUG] [mixin/]: irons_spellbooks.mixins.json:LivingEntityMixin from mod irons_spellbooks->@Inject::irons_spellbooks$changeSummonHurtCredit(Lnet/minecraft/world/damagesource/DamageSource;FLorg/spongepowered/asm/mixin/injection/callback/CallbackInfoReturnable;)V has 0 override(s) in child classes
[25Sep2026 23:36:56.773] [main/DEBUG] [mixin/]: irons_spellbooks.mixins.json:LivingEntityMixin from mod irons_spellbooks->@Inject::irons_spellbooks$changeSummonHurtCredit(Lnet/minecraft/world/damagesource/DamageSource;FLorg/spongepowered/asm/mixin/injection/callback/CallbackInfoReturnable;)V won't be passed a CallbackInfoReturnable as a result
[25Sep2026 23:36:56.773] [main/DEBUG] [mixin/]: irons_spellbooks.mixins.json:LivingEntityMixin from mod irons_spellbooks->@Inject::irons_spellbooks$changeSummonHurtCredit(Lnet/minecraft/world/damagesource/DamageSource;FLorg/spongepowered/asm/mixin/injection/callback/CallbackInfoReturnable;)V doesn't use it's CallbackInfoReturnable
[25Sep2026 23:36:56.774] [main/DEBUG] [mixin/]: irons_spellbooks.mixins.json:LivingEntityMixin from mod irons_spellbooks->@Inject::irons_spellbooks$changeSummonHurtCredit(Lnet/minecraft/world/damagesource/DamageSource;FLorg/spongepowered/asm/mixin/injection/callback/CallbackInfoReturnable;)V has 0 override(s) in child classes
[25Sep2026 23:36:56.774] [main/DEBUG] [mixin/]: irons_spellbooks.mixins.json:LivingEntityMixin from mod irons_spellbooks->@Inject::irons_spellbooks$changeSummonHurtCredit(Lnet/minecraft/world/damagesource/DamageSource;FLorg/spongepowered/asm/mixin/injection/callback/CallbackInfoReturnable;)V won't be passed a CallbackInfoReturnable as a result
[25Sep2026 23:36:56.774] [main/DEBUG] [mixin/]: irons_spellbooks.mixins.json:LivingEntityMixin from mod irons_spellbooks->@Inject::handleEquipmentChanges(Lorg/spongepowered/asm/mixin/injection/callback/CallbackInfoReturnable;)V does use it's CallbackInfoReturnable
[25Sep2026 23:36:56.775] [main/DEBUG] [mixin/]: aces_spell_utils.mixins.json:server.LivingEntityMixin from mod aces_spell_utils->@Inject::hurt(Lnet/minecraft/world/damagesource/DamageSource;FLorg/spongepowered/asm/mixin/injection/callback/CallbackInfoReturnable;)V doesn't use it's CallbackInfoReturnable
[25Sep2026 23:36:56.776] [main/DEBUG] [mixin/]: aces_spell_utils.mixins.json:server.LivingEntityMixin from mod aces_spell_utils->@Inject::hurt(Lnet/minecraft/world/damagesource/DamageSource;FLorg/spongepowered/asm/mixin/injection/callback/CallbackInfoReturnable;)V has 0 override(s) in child classes
[25Sep2026 23:36:56.776] [main/DEBUG] [mixin/]: aces_spell_utils.mixins.json:server.LivingEntityMixin from mod aces_spell_utils->@Inject::hurt(Lnet/minecraft/world/damagesource/DamageSource;FLorg/spongepowered/asm/mixin/injection/callback/CallbackInfoReturnable;)V won't be passed a CallbackInfoReturnable as a result
[25Sep2026 23:36:56.776] [main/DEBUG] [mixin/]: aces_spell_utils.mixins.json:server.LivingEntityMixin from mod aces_spell_utils->@Inject::handleDamageEvent(Lnet/minecraft/world/damagesource/DamageSource;Lorg/spongepowered/asm/mixin/injection/callback/CallbackInfo;)V doesn't use it's CallbackInfo
[25Sep2026 23:36:56.777] [main/DEBUG] [mixin/]: aces_spell_utils.mixins.json:server.LivingEntityMixin from mod aces_spell_utils->@Inject::handleDamageEvent(Lnet/minecraft/world/damagesource/DamageSource;Lorg/spongepowered/asm/mixin/injection/callback/CallbackInfo;)V has 0 override(s) in child classes
[25Sep2026 23:36:56.777] [main/DEBUG] [mixin/]: aces_spell_utils.mixins.json:server.LivingEntityMixin from mod aces_spell_utils->@Inject::handleDamageEvent(Lnet/minecraft/world/damagesource/DamageSource;Lorg/spongepowered/asm/mixin/injection/callback/CallbackInfo;)V won't be passed a CallbackInfo as a result
[25Sep2026 23:36:56.783] [main/DEBUG] [mixin/]: curios.neoforge.mixins.json:MixinLivingEntity from mod curios->@Inject::curio$canFreeze(Lorg/spongepowered/asm/mixin/injection/callback/CallbackInfoReturnable;)V does use it's CallbackInfoReturnable
[25Sep2026 23:36:57.029] [main/DEBUG] [mixin/]: Mixing EntityAccessor from irons_spellbooks.mixins.json into net.minecraft.world.entity.Entity
[25Sep2026 23:36:57.030] [main/DEBUG] [mixin/]: Mixing EntityMixin from irons_spellbooks.mixins.json into net.minecraft.world.entity.Entity
[25Sep2026 23:36:57.050] [main/DEBUG] [mixin/]: Mixing ClientEntityMixin from irons_spellbooks.mixins.json into net.minecraft.world.entity.Entity
[25Sep2026 23:36:57.067] [main/DEBUG] [mixin/]: Mixing EntityAccess from jade.mixins.json into net.minecraft.world.entity.Entity
[25Sep2026 23:36:57.067] [main/DEBUG] [mixin/]: jade.mixins.json:EntityAccess from mod jade: Class version 65 required is higher than the class version supported by the current version of Mixin (JAVA_16 supports class version 60)
[25Sep2026 23:36:57.071] [main/DEBUG] [mixin/]: Mixing SoulFireEntityMixin from irons_lib.mixins.json into net.minecraft.world.entity.Entity
[25Sep2026 23:36:57.079] [main/DEBUG] [mixin/]: Mixing EntityMixin_AzEntityAnimatorCache from azurelib.neo.mixins.json into net.minecraft.world.entity.Entity
[25Sep2026 23:36:57.084] [main/DEBUG] [mixin/]: Mixing AccessorEntity from curios.mixins.json into net.minecraft.world.entity.Entity
[25Sep2026 23:36:57.131] [main/DEBUG] [mixin/]: irons_spellbooks.mixins.json:EntityMixin from mod irons_spellbooks->@Inject::isAlliedTo(Lnet/minecraft/world/entity/Entity;Lorg/spongepowered/asm/mixin/injection/callback/CallbackInfoReturnable;)V does use it's CallbackInfoReturnable
[25Sep2026 23:36:57.131] [main/DEBUG] [mixin/]: irons_spellbooks.mixins.json:EntityMixin from mod irons_spellbooks->@Inject::isInvisibleTo(Lnet/minecraft/world/entity/player/Player;Lorg/spongepowered/asm/mixin/injection/callback/CallbackInfoReturnable;)V does use it's CallbackInfoReturnable
[25Sep2026 23:36:57.132] [main/DEBUG] [mixin/]: irons_spellbooks.mixins.json:ClientEntityMixin from mod irons_spellbooks->@Inject::changeGlowOutline(Lorg/spongepowered/asm/mixin/injection/callback/CallbackInfoReturnable;)V does use it's CallbackInfoReturnable
[25Sep2026 23:36:57.133] [main/DEBUG] [mixin/]: irons_lib.mixins.json:SoulFireEntityMixin from mod irons_lib->@Inject::irons_lib$pickFireType(ILorg/spongepowered/asm/mixin/injection/callback/CallbackInfo;)V doesn't use it's CallbackInfo
[25Sep2026 23:36:57.133] [main/DEBUG] [mixin/]: irons_lib.mixins.json:SoulFireEntityMixin from mod irons_lib->@Inject::irons_lib$pickFireType(ILorg/spongepowered/asm/mixin/injection/callback/CallbackInfo;)V has 0 override(s) in child classes
[25Sep2026 23:36:57.133] [main/DEBUG] [mixin/]: irons_lib.mixins.json:SoulFireEntityMixin from mod irons_lib->@Inject::irons_lib$pickFireType(ILorg/spongepowered/asm/mixin/injection/callback/CallbackInfo;)V won't be passed a CallbackInfo as a result
[25Sep2026 23:36:57.248] [main/DEBUG] [mixin/]: Mixing PlayerMixin from irons_spellbooks.mixins.json into net.minecraft.world.entity.player.Player
[25Sep2026 23:36:57.272] [main/DEBUG] [mixin/]: Mixing server.PlayerMixin from aces_spell_utils.mixins.json into net.minecraft.world.entity.player.Player
[25Sep2026 23:36:57.272] [main/DEBUG] [mixin/]: aces_spell_utils.mixins.json:server.PlayerMixin from mod aces_spell_utils: Class version 65 required is higher than the class version supported by the current version of Mixin (JAVA_17 supports class version 61)
[25Sep2026 23:36:57.276] [main/DEBUG] [mixin/]: Mixing PlayerEntityMixin from playerAnimator-common.mixins.json into net.minecraft.world.entity.player.Player
[25Sep2026 23:36:57.337] [main/DEBUG] [mixin/]: Mixing PlayerAccessor from irons_lib.mixins.json into net.minecraft.world.entity.player.Player
[25Sep2026 23:36:57.339] [main/DEBUG] [mixin/]: Renaming @Accessor method getDataPlayerModeCustomisation()Lnet/minecraft/network/syncher/EntityDataAccessor; to getDataPlayerModeCustomisation$irons_lib_$md$b288f6$0 in irons_lib.mixins.json:PlayerAccessor from mod irons_lib
[25Sep2026 23:36:57.339] [main/DEBUG] [mixin/]: Mixing ClientPlayerMixin from irons_lib.mixins.json into net.minecraft.world.entity.player.Player
[25Sep2026 23:36:57.350] [main/DEBUG] [mixin/]: Mixing PlayerMixin from dummmmmmy-common.mixins.json into net.minecraft.world.entity.player.Player
[25Sep2026 23:36:57.350] [main/DEBUG] [mixin/]: dummmmmmy-common.mixins.json:PlayerMixin from mod dummmmmmy: Class version 65 required is higher than the class version supported by the current version of Mixin (JAVA_17 supports class version 61)
[25Sep2026 23:36:57.410] [main/DEBUG] [mixin/]: irons_spellbooks.mixins.json:PlayerMixin from mod irons_spellbooks->@Inject::canEatForGluttony(ZLorg/spongepowered/asm/mixin/injection/callback/CallbackInfoReturnable;)V does use it's CallbackInfoReturnable
[25Sep2026 23:36:57.413] [main/DEBUG] [mixin/]: irons_spellbooks.mixins.json:PlayerMixin from mod irons_spellbooks->@Inject::irons_spellbooks$hideJacketLayers(Lnet/minecraft/world/entity/player/PlayerModelPart;Lorg/spongepowered/asm/mixin/injection/callback/CallbackInfoReturnable;)V does use it's CallbackInfoReturnable
[25Sep2026 23:36:57.415] [main/DEBUG] [mixin/]: aces_spell_utils.mixins.json:server.PlayerMixin from mod aces_spell_utils->@Inject::dropEquipment(Lorg/spongepowered/asm/mixin/injection/callback/CallbackInfo;)V does use it's CallbackInfo
[25Sep2026 23:36:57.416] [main/DEBUG] [mixin/]: playerAnimator-common.mixins.json:PlayerEntityMixin from mod playeranimator->@Inject::tick(Lorg/spongepowered/asm/mixin/injection/callback/CallbackInfo;)V doesn't use it's CallbackInfo
[25Sep2026 23:36:57.417] [main/DEBUG] [mixin/]: playerAnimator-common.mixins.json:PlayerEntityMixin from mod playeranimator->@Inject::tick(Lorg/spongepowered/asm/mixin/injection/callback/CallbackInfo;)V has 0 override(s) in child classes
[25Sep2026 23:36:57.417] [main/DEBUG] [mixin/]: playerAnimator-common.mixins.json:PlayerEntityMixin from mod playeranimator->@Inject::tick(Lorg/spongepowered/asm/mixin/injection/callback/CallbackInfo;)V won't be passed a CallbackInfo as a result
[25Sep2026 23:36:57.418] [main/DEBUG] [mixin/]: irons_lib.mixins.json:ClientPlayerMixin from mod irons_lib->@Inject::irons_lib$hideJacketLayers(Lnet/minecraft/world/entity/player/PlayerModelPart;Lorg/spongepowered/asm/mixin/injection/callback/CallbackInfoReturnable;)V does use it's CallbackInfoReturnable
[25Sep2026 23:36:57.419] [main/DEBUG] [mixin/]: irons_lib.mixins.json:ClientPlayerMixin from mod irons_lib->@Inject::irons_lib$replaceTransmogStack(Lnet/minecraft/world/entity/EquipmentSlot;Lorg/spongepowered/asm/mixin/injection/callback/CallbackInfoReturnable;)V does use it's CallbackInfoReturnable
[25Sep2026 23:36:57.420] [main/DEBUG] [mixin/]: irons_lib.mixins.json:ClientPlayerMixin from mod irons_lib->@Inject::irons_lib$replaceTransmogStack(Lnet/minecraft/world/entity/EquipmentSlot;Lorg/spongepowered/asm/mixin/injection/callback/CallbackInfoReturnable;)V does use it's CallbackInfoReturnable
[25Sep2026 23:36:57.420] [main/DEBUG] [mixin/]: irons_lib.mixins.json:ClientPlayerMixin from mod irons_lib->@Inject::irons_lib$replaceTransmogStack(Lnet/minecraft/world/entity/EquipmentSlot;Lorg/spongepowered/asm/mixin/injection/callback/CallbackInfoReturnable;)V does use it's CallbackInfoReturnable
[25Sep2026 23:37:00.538] [main/DEBUG] [oshi.util.FileUtil/]: No oshi.properties file found from ClassLoader cpw.mods.modlauncher.TransformingClassLoader@7c6189d5
[25Sep2026 23:37:03.667] [Datafixer Bootstrap/INFO] [com.mojang.datafixers.DataFixerBuilder/]: 229 Datafixer optimizations took 3818 milliseconds
[25Sep2026 23:37:03.956] [main/DEBUG] [oshi.util.FileUtil/]: No oshi.architecture.properties file found from ClassLoader cpw.mods.modlauncher.TransformingClassLoader@7c6189d5
[25Sep2026 23:37:04.821] [main/DEBUG] [mixin/]: Mixing core.CrashReportExtenderMixin from embeddium.mixins.json into net.neoforged.neoforge.logging.CrashReportExtender
[25Sep2026 23:37:04.823] [main/DEBUG] [mixin/]: embeddium.mixins.json:core.CrashReportExtenderMixin from mod embeddium: Class version 65 required is higher than the class version supported by the current version of Mixin (JAVA_17 supports class version 61)
[25Sep2026 23:37:04.851] [main/DEBUG] [mixin/]: embeddium.mixins.json:core.CrashReportExtenderMixin from mod embeddium->@Inject::injectEmbeddiumTaintHeader(Ljava/lang/StringBuilder;Lnet/minecraft/CrashReport;Lorg/spongepowered/asm/mixin/injection/callback/CallbackInfo;)V doesn't use it's CallbackInfo
[25Sep2026 23:37:05.112] [pool-11-thread-1/DEBUG] [mixin/]: Mixing MappedRegistryAccessor from neoforge.mixins.json into net.minecraft.core.MappedRegistry
[25Sep2026 23:37:05.476] [pool-11-thread-1/DEBUG] [mixin/]: Mixing MobEffectMixin from irons_spellbooks.mixins.json into net.minecraft.world.effect.PoisonMobEffect
[25Sep2026 23:37:05.486] [pool-11-thread-1/DEBUG] [mixin/]: irons_spellbooks.mixins.json:MobEffectMixin from mod irons_spellbooks->@Inject::markPoisoned(Lnet/minecraft/world/entity/LivingEntity;ILorg/spongepowered/asm/mixin/injection/callback/CallbackInfoReturnable;)V doesn't use it's CallbackInfoReturnable
[25Sep2026 23:37:05.487] [pool-11-thread-1/DEBUG] [mixin/]: irons_spellbooks.mixins.json:MobEffectMixin from mod irons_spellbooks->@Inject::markPoisoned(Lnet/minecraft/world/entity/LivingEntity;ILorg/spongepowered/asm/mixin/injection/callback/CallbackInfoReturnable;)V has 0 override(s) in child classes
[25Sep2026 23:37:05.487] [pool-11-thread-1/DEBUG] [mixin/]: irons_spellbooks.mixins.json:MobEffectMixin from mod irons_spellbooks->@Inject::markPoisoned(Lnet/minecraft/world/entity/LivingEntity;ILorg/spongepowered/asm/mixin/injection/callback/CallbackInfoReturnable;)V won't be passed a CallbackInfoReturnable as a result
[25Sep2026 23:37:05.745] [pool-11-thread-1/DEBUG] [mixin/]: Mixing FireBlockMixin from moonlight.mixins.json into net.minecraft.world.level.block.FireBlock
[25Sep2026 23:37:05.745] [pool-11-thread-1/DEBUG] [mixin/]: moonlight.mixins.json:FireBlockMixin from mod moonlight: Class version 65 required is higher than the class version supported by the current version of Mixin (JAVA_17 supports class version 61)
[25Sep2026 23:37:05.873] [pool-11-thread-1/DEBUG] [mixin/]: Mixing SoulFireBlockMixin from irons_lib.mixins.json into net.minecraft.world.level.block.BaseFireBlock
[25Sep2026 23:37:05.875] [pool-11-thread-1/DEBUG] [mixin/]: Mixing Blocks.AbstractFireMixin from hazentouvelib.mixins.json into net.minecraft.world.level.block.BaseFireBlock
[25Sep2026 23:37:05.893] [pool-11-thread-1/DEBUG] [mixin/]: irons_lib.mixins.json:SoulFireBlockMixin from mod irons_lib->@Inject::irons_lib$applySoulFireBlock(Lnet/minecraft/world/level/block/state/BlockState;Lnet/minecraft/world/level/Level;Lnet/minecraft/core/BlockPos;Lnet/minecraft/world/entity/Entity;Lorg/spongepowered/asm/mixin/injection/callback/CallbackInfo;)V doesn't use it's CallbackInfo
[25Sep2026 23:37:05.893] [pool-11-thread-1/DEBUG] [mixin/]: irons_lib.mixins.json:SoulFireBlockMixin from mod irons_lib->@Inject::irons_lib$applySoulFireBlock(Lnet/minecraft/world/level/block/state/BlockState;Lnet/minecraft/world/level/Level;Lnet/minecraft/core/BlockPos;Lnet/minecraft/world/entity/Entity;Lorg/spongepowered/asm/mixin/injection/callback/CallbackInfo;)V has 0 override(s) in child classes
[25Sep2026 23:37:05.893] [pool-11-thread-1/DEBUG] [mixin/]: irons_lib.mixins.json:SoulFireBlockMixin from mod irons_lib->@Inject::irons_lib$applySoulFireBlock(Lnet/minecraft/world/level/block/state/BlockState;Lnet/minecraft/world/level/Level;Lnet/minecraft/core/BlockPos;Lnet/minecraft/world/entity/Entity;Lorg/spongepowered/asm/mixin/injection/callback/CallbackInfo;)V won't be passed a CallbackInfo as a result
[25Sep2026 23:37:05.894] [pool-11-thread-1/DEBUG] [mixin/]: hazentouvelib.mixins.json:Blocks.AbstractFireMixin from mod hazentouvelib->@Inject::getFireState(Lnet/minecraft/world/level/BlockGetter;Lnet/minecraft/core/BlockPos;Lorg/spongepowered/asm/mixin/injection/callback/CallbackInfoReturnable;)V does use it's CallbackInfoReturnable
[25Sep2026 23:37:05.917] [pool-11-thread-1/DEBUG] [mixin/]: Mixing BlockBehaviorMixin from moonlight-common.mixins.json into net.minecraft.world.level.block.state.BlockBehaviour
[25Sep2026 23:37:05.918] [pool-11-thread-1/DEBUG] [mixin/]: moonlight-common.mixins.json:BlockBehaviorMixin from mod moonlight: Class version 65 required is higher than the class version supported by the current version of Mixin (JAVA_17 supports class version 61)
[25Sep2026 23:37:05.922] [pool-11-thread-1/DEBUG] [mixin/]: moonlight-common.mixins.json:BlockBehaviorMixin from mod moonlight->@Inject::moonlight$cleanupOptional(Lnet/minecraft/world/level/block/state/BlockState;Lnet/minecraft/world/level/Level;Lnet/minecraft/core/BlockPos;Lnet/minecraft/world/level/block/state/BlockState;ZLorg/spongepowered/asm/mixin/injection/callback/CallbackInfo;)V doesn't use it's CallbackInfo
[25Sep2026 23:37:05.923] [pool-11-thread-1/DEBUG] [mixin/]: moonlight-common.mixins.json:BlockBehaviorMixin from mod moonlight->@Inject::moonlight$cleanupOptional(Lnet/minecraft/world/level/block/state/BlockState;Lnet/minecraft/world/level/Level;Lnet/minecraft/core/BlockPos;Lnet/minecraft/world/level/block/state/BlockState;ZLorg/spongepowered/asm/mixin/injection/callback/CallbackInfo;)V has 0 override(s) in child classes
[25Sep2026 23:37:05.923] [pool-11-thread-1/DEBUG] [mixin/]: moonlight-common.mixins.json:BlockBehaviorMixin from mod moonlight->@Inject::moonlight$cleanupOptional(Lnet/minecraft/world/level/block/state/BlockState;Lnet/minecraft/world/level/Level;Lnet/minecraft/core/BlockPos;Lnet/minecraft/world/level/block/state/BlockState;ZLorg/spongepowered/asm/mixin/injection/callback/CallbackInfo;)V won't be passed a CallbackInfo as a result
[25Sep2026 23:37:05.945] [pool-11-thread-1/DEBUG] [mixin/]: Mixing BlockStateBaseMixin from moonlight-common.mixins.json into net.minecraft.world.level.block.state.BlockBehaviour$BlockStateBase
[25Sep2026 23:37:05.948] [pool-11-thread-1/DEBUG] [mixin/]: moonlight-common.mixins.json:BlockStateBaseMixin from mod moonlight: Class version 65 required is higher than the class version supported by the current version of Mixin (JAVA_17 supports class version 61)
[25Sep2026 23:37:06.048] [pool-11-thread-1/DEBUG] [mixin/]: Mixing LevelMixin from irons_spellbooks.mixins.json into net.minecraft.world.level.Level
[25Sep2026 23:37:06.076] [pool-11-thread-1/DEBUG] [mixin/]: irons_spellbooks.mixins.json:LevelMixin from mod irons_spellbooks->@Inject::noopWorldBorder(Lnet/minecraft/world/level/storage/WritableLevelData;Lnet/minecraft/resources/ResourceKey;Lnet/minecraft/core/RegistryAccess;Lnet/minecraft/core/Holder;Ljava/util/function/Supplier;ZZJILorg/spongepowered/asm/mixin/injection/callback/CallbackInfo;)V doesn't use it's CallbackInfo
[25Sep2026 23:37:06.076] [pool-11-thread-1/DEBUG] [mixin/]: irons_spellbooks.mixins.json:LevelMixin from mod irons_spellbooks->@Inject::noopWorldBorder(Lnet/minecraft/world/level/storage/WritableLevelData;Lnet/minecraft/resources/ResourceKey;Lnet/minecraft/core/RegistryAccess;Lnet/minecraft/core/Holder;Ljava/util/function/Supplier;ZZJILorg/spongepowered/asm/mixin/injection/callback/CallbackInfo;)V has 0 override(s) in child classes
[25Sep2026 23:37:06.076] [pool-11-thread-1/DEBUG] [mixin/]: irons_spellbooks.mixins.json:LevelMixin from mod irons_spellbooks->@Inject::noopWorldBorder(Lnet/minecraft/world/level/storage/WritableLevelData;Lnet/minecraft/resources/ResourceKey;Lnet/minecraft/core/RegistryAccess;Lnet/minecraft/core/Holder;Ljava/util/function/Supplier;ZZJILorg/spongepowered/asm/mixin/injection/callback/CallbackInfo;)V won't be passed a CallbackInfo as a result
[25Sep2026 23:37:06.099] [pool-11-thread-1/DEBUG] [mixin/]: Mixing ServerLevelMixin from moonlight-common.mixins.json into net.minecraft.server.level.ServerLevel
[25Sep2026 23:37:06.100] [pool-11-thread-1/DEBUG] [mixin/]: moonlight-common.mixins.json:ServerLevelMixin from mod moonlight: Class version 65 required is higher than the class version supported by the current version of Mixin (JAVA_17 supports class version 61)
[25Sep2026 23:37:06.182] [pool-11-thread-1/DEBUG] [mixin/]: Mixing features.render.immediate.DirectionMixin from embeddium.mixins.json into net.minecraft.core.Direction
[25Sep2026 23:37:06.182] [pool-11-thread-1/DEBUG] [mixin/]: embeddium.mixins.json:features.render.immediate.DirectionMixin from mod embeddium: Class version 65 required is higher than the class version supported by the current version of Mixin (JAVA_17 supports class version 61)
[25Sep2026 23:37:07.763] [pool-11-thread-1/DEBUG] [mixin/]: Mixing VaultServerDataAccessor from irons_spellbooks.mixins.json into net.minecraft.world.level.block.entity.vault.VaultServerData
[25Sep2026 23:37:07.954] [pool-11-thread-1/DEBUG] [mixin/]: Mixing features.options.render_layers.LeavesBlockMixin from embeddium.mixins.json into net.minecraft.world.level.block.LeavesBlock
[25Sep2026 23:37:07.955] [pool-11-thread-1/DEBUG] [mixin/]: embeddium.mixins.json:features.options.render_layers.LeavesBlockMixin from mod embeddium: Class version 65 required is higher than the class version supported by the current version of Mixin (JAVA_17 supports class version 61)
[25Sep2026 23:37:08.067] [pool-11-thread-1/DEBUG] [mixin/]: Mixing DispenserBlockMixin from irons_spellbooks.mixins.json into net.minecraft.world.level.block.DispenserBlock
[25Sep2026 23:37:08.087] [pool-11-thread-1/DEBUG] [mixin/]: Mixing accessor.DispenserBlockAccessor from moonlight-common.mixins.json into net.minecraft.world.level.block.DispenserBlock
[25Sep2026 23:37:08.088] [pool-11-thread-1/DEBUG] [mixin/]: moonlight-common.mixins.json:accessor.DispenserBlockAccessor from mod moonlight: Class version 65 required is higher than the class version supported by the current version of Mixin (JAVA_17 supports class version 61)
[25Sep2026 23:37:08.089] [pool-11-thread-1/DEBUG] [mixin/]: Renaming @Accessor method getDispenserRegistry()Ljava/util/Map; to getDispenserRegistry$moonlight_$md$b288f6$0 in moonlight-common.mixins.json:accessor.DispenserBlockAccessor from mod moonlight
[25Sep2026 23:37:08.101] [pool-11-thread-1/DEBUG] [mixin/]: irons_spellbooks.mixins.json:DispenserBlockMixin from mod irons_spellbooks->@Inject::irons_spellbooks$captureParameters(Lnet/minecraft/server/level/ServerLevel;Lnet/minecraft/world/level/block/state/BlockState;Lnet/minecraft/core/BlockPos;Lorg/spongepowered/asm/mixin/injection/callback/CallbackInfo;)V doesn't use it's CallbackInfo
[25Sep2026 23:37:08.101] [pool-11-thread-1/DEBUG] [mixin/]: irons_spellbooks.mixins.json:DispenserBlockMixin from mod irons_spellbooks->@Inject::irons_spellbooks$captureParameters(Lnet/minecraft/server/level/ServerLevel;Lnet/minecraft/world/level/block/state/BlockState;Lnet/minecraft/core/BlockPos;Lorg/spongepowered/asm/mixin/injection/callback/CallbackInfo;)V has 0 override(s) in child classes
[25Sep2026 23:37:08.101] [pool-11-thread-1/DEBUG] [mixin/]: irons_spellbooks.mixins.json:DispenserBlockMixin from mod irons_spellbooks->@Inject::irons_spellbooks$captureParameters(Lnet/minecraft/server/level/ServerLevel;Lnet/minecraft/world/level/block/state/BlockState;Lnet/minecraft/core/BlockPos;Lorg/spongepowered/asm/mixin/injection/callback/CallbackInfo;)V won't be passed a CallbackInfo as a result
[25Sep2026 23:37:08.102] [pool-11-thread-1/DEBUG] [mixin/]: irons_spellbooks.mixins.json:DispenserBlockMixin from mod irons_spellbooks->@Inject::irons_spellbooks$forgetParameters(Lnet/minecraft/server/level/ServerLevel;Lnet/minecraft/world/level/block/state/BlockState;Lnet/minecraft/core/BlockPos;Lorg/spongepowered/asm/mixin/injection/callback/CallbackInfo;)V doesn't use it's CallbackInfo
[25Sep2026 23:37:08.102] [pool-11-thread-1/DEBUG] [mixin/]: irons_spellbooks.mixins.json:DispenserBlockMixin from mod irons_spellbooks->@Inject::irons_spellbooks$forgetParameters(Lnet/minecraft/server/level/ServerLevel;Lnet/minecraft/world/level/block/state/BlockState;Lnet/minecraft/core/BlockPos;Lorg/spongepowered/asm/mixin/injection/callback/CallbackInfo;)V has 0 override(s) in child classes
[25Sep2026 23:37:08.102] [pool-11-thread-1/DEBUG] [mixin/]: irons_spellbooks.mixins.json:DispenserBlockMixin from mod irons_spellbooks->@Inject::irons_spellbooks$forgetParameters(Lnet/minecraft/server/level/ServerLevel;Lnet/minecraft/world/level/block/state/BlockState;Lnet/minecraft/core/BlockPos;Lorg/spongepowered/asm/mixin/injection/callback/CallbackInfo;)V won't be passed a CallbackInfo as a result
[25Sep2026 23:37:08.102] [pool-11-thread-1/DEBUG] [mixin/]: irons_spellbooks.mixins.json:DispenserBlockMixin from mod irons_spellbooks->@Inject::irons_spellbooks$injectCauldronInteractions(Lnet/minecraft/world/level/Level;Lnet/minecraft/world/item/ItemStack;Lorg/spongepowered/asm/mixin/injection/callback/CallbackInfoReturnable;)V does use it's CallbackInfoReturnable
[25Sep2026 23:37:08.850] [pool-11-thread-1/DEBUG] [mixin/]: Mixing MixinPowderSnowBlock from curios.neoforge.mixins.json into net.minecraft.world.level.block.PowderSnowBlock
[25Sep2026 23:37:08.858] [pool-11-thread-1/DEBUG] [mixin/]: curios.neoforge.mixins.json:MixinPowderSnowBlock from mod curios->@Inject::curios$canEntityWalkOnPowderSnow(Lnet/minecraft/world/entity/Entity;Lorg/spongepowered/asm/mixin/injection/callback/CallbackInfoReturnable;)V does use it's CallbackInfoReturnable
[25Sep2026 23:37:08.858] [pool-11-thread-1/DEBUG] [mixin/]: curios.neoforge.mixins.json:MixinPowderSnowBlock from mod curios->@Inject::curios$canEntityWalkOnPowderSnow(Lnet/minecraft/world/entity/Entity;Lorg/spongepowered/asm/mixin/injection/callback/CallbackInfoReturnable;)V does use it's CallbackInfoReturnable
[25Sep2026 23:37:10.168] [pool-11-thread-1/DEBUG] [mixin/]: Mixing BlockEntityMixin_AzBlockEntityAnimatorCache from azurelib.neo.mixins.json into net.minecraft.world.level.block.entity.BlockEntity
[25Sep2026 23:37:10.439] [pool-11-thread-1/DEBUG] [mixin/]: Mixing accessor.DispenserBlockEntityAccessor from moonlight-common.mixins.json into net.minecraft.world.level.block.entity.DispenserBlockEntity
[25Sep2026 23:37:10.449] [pool-11-thread-1/DEBUG] [mixin/]: moonlight-common.mixins.json:accessor.DispenserBlockEntityAccessor from mod moonlight: Class version 65 required is higher than the class version supported by the current version of Mixin (JAVA_17 supports class version 61)
[25Sep2026 23:37:11.513] [pool-11-thread-1/DEBUG] [mixin/]: Mixing PistonBlockEntityMixin from moonlight-common.mixins.json into net.minecraft.world.level.block.piston.PistonMovingBlockEntity
[25Sep2026 23:37:11.514] [pool-11-thread-1/DEBUG] [mixin/]: moonlight-common.mixins.json:PistonBlockEntityMixin from mod moonlight: Class version 65 required is higher than the class version supported by the current version of Mixin (JAVA_17 supports class version 61)
[25Sep2026 23:37:11.618] [pool-11-thread-1/DEBUG] [mixin/]: moonlight-common.mixins.json:PistonBlockEntityMixin from mod moonlight->@Inject::whileMoving(Lnet/minecraft/world/level/Level;Lnet/minecraft/core/BlockPos;Lnet/minecraft/world/level/block/state/BlockState;Lnet/minecraft/world/level/block/piston/PistonMovingBlockEntity;Lorg/spongepowered/asm/mixin/injection/callback/CallbackInfo;)V doesn't use it's CallbackInfo
[25Sep2026 23:37:11.619] [pool-11-thread-1/DEBUG] [mixin/]: moonlight-common.mixins.json:PistonBlockEntityMixin from mod moonlight->@Inject::onFinishedShortPulse(Lorg/spongepowered/asm/mixin/injection/callback/CallbackInfo;)V doesn't use it's CallbackInfo
[25Sep2026 23:37:11.619] [pool-11-thread-1/DEBUG] [mixin/]: moonlight-common.mixins.json:PistonBlockEntityMixin from mod moonlight->@Inject::onFinishedShortPulse(Lorg/spongepowered/asm/mixin/injection/callback/CallbackInfo;)V has 0 override(s) in child classes
[25Sep2026 23:37:11.619] [pool-11-thread-1/DEBUG] [mixin/]: moonlight-common.mixins.json:PistonBlockEntityMixin from mod moonlight->@Inject::onFinishedShortPulse(Lorg/spongepowered/asm/mixin/injection/callback/CallbackInfo;)V won't be passed a CallbackInfo as a result
[25Sep2026 23:37:11.619] [pool-11-thread-1/DEBUG] [mixin/]: moonlight-common.mixins.json:PistonBlockEntityMixin from mod moonlight->@Inject::onFinishedMoving(Lnet/minecraft/world/level/Level;Lnet/minecraft/core/BlockPos;Lnet/minecraft/world/level/block/state/BlockState;Lnet/minecraft/world/level/block/piston/PistonMovingBlockEntity;Lorg/spongepowered/asm/mixin/injection/callback/CallbackInfo;)V doesn't use it's CallbackInfo
[25Sep2026 23:37:11.620] [pool-11-thread-1/DEBUG] [mixin/]: moonlight-common.mixins.json:PistonBlockEntityMixin from mod moonlight->@Inject::onFinishedMoving2(Lnet/minecraft/world/level/Level;Lnet/minecraft/core/BlockPos;Lnet/minecraft/world/level/block/state/BlockState;Lnet/minecraft/world/level/block/piston/PistonMovingBlockEntity;Lorg/spongepowered/asm/mixin/injection/callback/CallbackInfo;)V doesn't use it's CallbackInfo
[25Sep2026 23:37:11.719] [pool-11-thread-1/DEBUG] [mixin/]: Mixing ServerPlayerMixin from moonlight-common.mixins.json into net.minecraft.server.level.ServerPlayer
[25Sep2026 23:37:11.720] [pool-11-thread-1/DEBUG] [mixin/]: moonlight-common.mixins.json:ServerPlayerMixin from mod moonlight: Class version 65 required is higher than the class version supported by the current version of Mixin (JAVA_17 supports class version 61)
[25Sep2026 23:37:11.897] [pool-11-thread-1/DEBUG] [mixin/]: Mixing EntityMixin from moonlight-common.mixins.json into net.minecraft.world.entity.Mob
[25Sep2026 23:37:11.898] [pool-11-thread-1/DEBUG] [mixin/]: moonlight-common.mixins.json:EntityMixin from mod moonlight: Class version 65 required is higher than the class version supported by the current version of Mixin (JAVA_17 supports class version 61)
[25Sep2026 23:37:11.900] [pool-11-thread-1/DEBUG] [mixin/]: Mixing MobAccessor from irons_artifice.mixins.json into net.minecraft.world.entity.Mob
[25Sep2026 23:37:13.034] [pool-11-thread-1/DEBUG] [mixin/]: Mixing BlockEntityTypeAccessor from neoforge.mixins.json into net.minecraft.world.level.block.entity.BlockEntityType
[25Sep2026 23:37:13.245] [pool-11-thread-1/DEBUG] [mixin/]: Mixing common.AbstractContainerMenuMixin from geckolib.mixins.json into net.minecraft.world.inventory.AbstractContainerMenu
[25Sep2026 23:37:13.246] [pool-11-thread-1/DEBUG] [mixin/]: geckolib.mixins.json:common.AbstractContainerMenuMixin from mod geckolib: Class version 65 required is higher than the class version supported by the current version of Mixin (JAVA_17 supports class version 61)
[25Sep2026 23:37:13.254] [pool-11-thread-1/DEBUG] [mixin/]: Mixing AbstractContainerMenuMixin_AzItemIDFix from azurelib.neo.mixins.json into net.minecraft.world.inventory.AbstractContainerMenu
[25Sep2026 23:37:13.342] [pool-11-thread-1/DEBUG] [mixin/]: Mixing AbstractFurnaceBlockEntityAccess from jade.mixins.json into net.minecraft.world.level.block.entity.AbstractFurnaceBlockEntity
[25Sep2026 23:37:13.343] [pool-11-thread-1/DEBUG] [mixin/]: jade.mixins.json:AbstractFurnaceBlockEntityAccess from mod jade: Class version 65 required is higher than the class version supported by the current version of Mixin (JAVA_16 supports class version 60)
[25Sep2026 23:37:13.604] [pool-11-thread-1/DEBUG] [mixin/]: Mixing AbstractArrowAccessor from irons_spellbooks.mixins.json into net.minecraft.world.entity.projectile.AbstractArrow
[25Sep2026 23:37:14.057] [pool-11-thread-1/DEBUG] [mixin/]: Mixing ItemStackMixin from irons_spellbooks.mixins.json into net.minecraft.world.item.ItemStack
[25Sep2026 23:37:14.062] [pool-11-thread-1/DEBUG] [mixin/]: Mixing common.ItemStackMixin from geckolib.mixins.json into net.minecraft.world.item.ItemStack
[25Sep2026 23:37:14.063] [pool-11-thread-1/DEBUG] [mixin/]: geckolib.mixins.json:common.ItemStackMixin from mod geckolib: Class version 65 required is higher than the class version supported by the current version of Mixin (JAVA_17 supports class version 61)
[25Sep2026 23:37:14.069] [pool-11-thread-1/DEBUG] [mixin/]: Mixing ItemStackMixin_AzItemStackIdentityRegistry from azurelib.neo.mixins.json into net.minecraft.world.item.ItemStack
[25Sep2026 23:37:14.088] [pool-11-thread-1/DEBUG] [mixin/]: Mixing ItemStackMixin_AzItemAnimatorCache from azurelib.neo.mixins.json into net.minecraft.world.item.ItemStack
[25Sep2026 23:37:14.111] [pool-11-thread-1/DEBUG] [mixin/]: irons_spellbooks.mixins.json:ItemStackMixin from mod irons_spellbooks->@Inject::init(Lnet/minecraft/world/level/ItemLike;ILnet/minecraft/core/component/PatchedDataComponentMap;Lorg/spongepowered/asm/mixin/injection/callback/CallbackInfo;)V doesn't use it's CallbackInfo
[25Sep2026 23:37:14.112] [pool-11-thread-1/DEBUG] [mixin/]: azurelib.neo.mixins.json:ItemStackMixin_AzItemStackIdentityRegistry from mod azurelib->@Inject::az_addIdentityComponent(Lnet/minecraft/world/level/ItemLike;ILnet/minecraft/core/component/PatchedDataComponentMap;Lorg/spongepowered/asm/mixin/injection/callback/CallbackInfo;)V doesn't use it's CallbackInfo
[25Sep2026 23:37:14.135] [pool-11-thread-1/DEBUG] [mixin/]: Mixing IItemExtensionMixin from irons_spellbooks.mixins.json into net.neoforged.neoforge.common.extensions.IItemStackExtension
[25Sep2026 23:37:14.140] [pool-11-thread-1/DEBUG] [mixin/]: irons_spellbooks.mixins.json:IItemExtensionMixin from mod irons_spellbooks->@Inject::canElytraFly(Lnet/minecraft/world/entity/LivingEntity;Lorg/spongepowered/asm/mixin/injection/callback/CallbackInfoReturnable;)V does use it's CallbackInfoReturnable
[25Sep2026 23:37:14.141] [pool-11-thread-1/DEBUG] [mixin/]: irons_spellbooks.mixins.json:IItemExtensionMixin from mod irons_spellbooks->@Inject::elytraFlightTick(Lnet/minecraft/world/entity/LivingEntity;ILorg/spongepowered/asm/mixin/injection/callback/CallbackInfoReturnable;)V does use it's CallbackInfoReturnable
[25Sep2026 23:37:14.212] [pool-11-thread-1/DEBUG] [mixin/]: Mixing features.world.biome.BiomeMixin from embeddium.mixins.json into net.minecraft.world.level.biome.Biome
[25Sep2026 23:37:14.212] [pool-11-thread-1/DEBUG] [mixin/]: embeddium.mixins.json:features.world.biome.BiomeMixin from mod embeddium: Class version 65 required is higher than the class version supported by the current version of Mixin (JAVA_17 supports class version 61)
[25Sep2026 23:37:14.252] [pool-11-thread-1/DEBUG] [mixin/]: embeddium.mixins.json:features.world.biome.BiomeMixin from mod embeddium->@Inject::setupColors(Lorg/spongepowered/asm/mixin/injection/callback/CallbackInfo;)V doesn't use it's CallbackInfo
[25Sep2026 23:37:15.592] [pool-11-thread-1/DEBUG] [mixin/]: Mixing GrindstoneMenuMixin from moonlight-common.mixins.json into net.minecraft.world.inventory.GrindstoneMenu
[25Sep2026 23:37:15.593] [pool-11-thread-1/DEBUG] [mixin/]: moonlight-common.mixins.json:GrindstoneMenuMixin from mod moonlight: Class version 65 required is higher than the class version supported by the current version of Mixin (JAVA_17 supports class version 61)
[25Sep2026 23:37:15.616] [pool-11-thread-1/DEBUG] [mixin/]: Mixing LecternBlockEntityMixin from irons_spellbooks.mixins.json into net.minecraft.world.level.block.entity.LecternBlockEntity
[25Sep2026 23:37:15.651] [pool-11-thread-1/DEBUG] [mixin/]: irons_spellbooks.mixins.json:LecternBlockEntityMixin from mod irons_spellbooks->@Inject::fudgeLecternValidity(Lorg/spongepowered/asm/mixin/injection/callback/CallbackInfoReturnable;)V does use it's CallbackInfoReturnable
[25Sep2026 23:37:15.652] [pool-11-thread-1/DEBUG] [mixin/]: irons_spellbooks.mixins.json:LecternBlockEntityMixin from mod irons_spellbooks->@Inject::getPageCount(Lnet/minecraft/world/item/ItemStack;Lorg/spongepowered/asm/mixin/injection/callback/CallbackInfoReturnable;)V does use it's CallbackInfoReturnable
[25Sep2026 23:37:19.566] [pool-11-thread-1/DEBUG] [mixin/]: Mixing ItemMixin from irons_spellbooks.mixins.json into net.minecraft.world.item.Item
[25Sep2026 23:37:19.577] [pool-11-thread-1/DEBUG] [mixin/]: Mixing ItemMixin from moonlight.mixins.json into net.minecraft.world.item.Item
[25Sep2026 23:37:19.578] [pool-11-thread-1/DEBUG] [mixin/]: moonlight.mixins.json:ItemMixin from mod moonlight: Class version 65 required is higher than the class version supported by the current version of Mixin (JAVA_17 supports class version 61)
[25Sep2026 23:37:19.583] [pool-11-thread-1/DEBUG] [mixin/]: Mixing ItemMixin from moonlight-common.mixins.json into net.minecraft.world.item.Item
[25Sep2026 23:37:19.583] [pool-11-thread-1/DEBUG] [mixin/]: moonlight-common.mixins.json:ItemMixin from mod moonlight: Class version 65 required is higher than the class version supported by the current version of Mixin (JAVA_17 supports class version 61)
[25Sep2026 23:37:19.590] [pool-11-thread-1/DEBUG] [mixin/]: Mixing ItemMixin from irons_lib.mixins.json into net.minecraft.world.item.Item
[25Sep2026 23:37:19.592] [pool-11-thread-1/DEBUG] [mixin/]: Renaming synthetic method lambda$irons_lib$kineticUse$0(Lnet/minecraft/world/level/Level;Lnet/minecraft/world/entity/player/Player;Lnet/minecraft/core/Holder;)V to mdb288f6$irons_lib$lambda$irons_lib$kineticUse$0$0 in irons_lib.mixins.json:ItemMixin from mod irons_lib
[25Sep2026 23:37:19.621] [pool-11-thread-1/DEBUG] [mixin/]: irons_spellbooks.mixins.json:ItemMixin from mod irons_spellbooks->@Inject::getHoverName(Lnet/minecraft/world/item/ItemStack;Lorg/spongepowered/asm/mixin/injection/callback/CallbackInfoReturnable;)V does use it's CallbackInfoReturnable
[25Sep2026 23:37:19.621] [pool-11-thread-1/DEBUG] [mixin/]: moonlight.mixins.json:ItemMixin from mod moonlight->@Inject::initializeClient(Ljava/util/function/Consumer;Lorg/spongepowered/asm/mixin/injection/callback/CallbackInfo;)V doesn't use it's CallbackInfo
[25Sep2026 23:37:19.621] [pool-11-thread-1/DEBUG] [mixin/]: moonlight.mixins.json:ItemMixin from mod moonlight->@Inject::initializeClient(Ljava/util/function/Consumer;Lorg/spongepowered/asm/mixin/injection/callback/CallbackInfo;)V has 0 override(s) in child classes
[25Sep2026 23:37:19.622] [pool-11-thread-1/DEBUG] [mixin/]: moonlight.mixins.json:ItemMixin from mod moonlight->@Inject::initializeClient(Ljava/util/function/Consumer;Lorg/spongepowered/asm/mixin/injection/callback/CallbackInfo;)V won't be passed a CallbackInfo as a result
[25Sep2026 23:37:19.622] [pool-11-thread-1/DEBUG] [mixin/]: moonlight-common.mixins.json:ItemMixin from mod moonlight->@Inject::onUseOnBlock(Lnet/minecraft/world/item/context/UseOnContext;Lorg/spongepowered/asm/mixin/injection/callback/CallbackInfoReturnable;)V does use it's CallbackInfoReturnable
[25Sep2026 23:37:19.622] [pool-11-thread-1/DEBUG] [mixin/]: irons_lib.mixins.json:ItemMixin from mod irons_lib->@Inject::irons_lib$kineticUseDuration(Lnet/minecraft/world/item/ItemStack;Lnet/minecraft/world/entity/LivingEntity;Lorg/spongepowered/asm/mixin/injection/callback/CallbackInfoReturnable;)V does use it's CallbackInfoReturnable
[25Sep2026 23:37:19.623] [pool-11-thread-1/DEBUG] [mixin/]: irons_lib.mixins.json:ItemMixin from mod irons_lib->@Inject::irons_lib$kineticUse(Lnet/minecraft/world/level/Level;Lnet/minecraft/world/entity/player/Player;Lnet/minecraft/world/InteractionHand;Lorg/spongepowered/asm/mixin/injection/callback/CallbackInfoReturnable;)V does use it's CallbackInfoReturnable
[25Sep2026 23:37:19.623] [pool-11-thread-1/DEBUG] [mixin/]: irons_lib.mixins.json:ItemMixin from mod irons_lib->@Inject::irons_lib$kineticUse(Lnet/minecraft/world/level/Level;Lnet/minecraft/world/entity/player/Player;Lnet/minecraft/world/InteractionHand;Lorg/spongepowered/asm/mixin/injection/callback/CallbackInfoReturnable;)V does use it's CallbackInfoReturnable
[25Sep2026 23:37:19.623] [pool-11-thread-1/DEBUG] [mixin/]: irons_lib.mixins.json:ItemMixin from mod irons_lib->@Inject::irons_lib$kineticUse(Lnet/minecraft/world/level/Level;Lnet/minecraft/world/entity/player/Player;Lnet/minecraft/world/InteractionHand;Lorg/spongepowered/asm/mixin/injection/callback/CallbackInfoReturnable;)V does use it's CallbackInfoReturnable
[25Sep2026 23:37:19.641] [pool-11-thread-1/DEBUG] [mixin/]: Mixing BlockItemMixin from moonlight-common.mixins.json into net.minecraft.world.item.BlockItem
[25Sep2026 23:37:19.642] [pool-11-thread-1/DEBUG] [mixin/]: moonlight-common.mixins.json:BlockItemMixin from mod moonlight: Class version 65 required is higher than the class version supported by the current version of Mixin (JAVA_17 supports class version 61)
[25Sep2026 23:37:19.652] [pool-11-thread-1/DEBUG] [mixin/]: moonlight-common.mixins.json:BlockItemMixin from mod moonlight->@Inject::moonlight$getPlacementState(Lnet/minecraft/world/item/context/BlockPlaceContext;Lorg/spongepowered/asm/mixin/injection/callback/CallbackInfoReturnable;)V does use it's CallbackInfoReturnable
[25Sep2026 23:37:19.653] [pool-11-thread-1/DEBUG] [mixin/]: moonlight-common.mixins.json:BlockItemMixin from mod moonlight->@Inject::moonlight$place(Lnet/minecraft/world/item/context/BlockPlaceContext;Lorg/spongepowered/asm/mixin/injection/callback/CallbackInfoReturnable;)V does use it's CallbackInfoReturnable
[25Sep2026 23:37:19.653] [pool-11-thread-1/DEBUG] [mixin/]: moonlight-common.mixins.json:BlockItemMixin from mod moonlight->@Inject::moonlight$updatePlacementContext(Lnet/minecraft/world/item/context/BlockPlaceContext;Lorg/spongepowered/asm/mixin/injection/callback/CallbackInfoReturnable;)V does use it's CallbackInfoReturnable
[25Sep2026 23:37:19.688] [pool-11-thread-1/DEBUG] [mixin/]: Mixing SwordItemMixin from dummmmmmy-common.mixins.json into net.minecraft.world.item.SwordItem
[25Sep2026 23:37:19.689] [pool-11-thread-1/DEBUG] [mixin/]: dummmmmmy-common.mixins.json:SwordItemMixin from mod dummmmmmy: Class version 65 required is higher than the class version supported by the current version of Mixin (JAVA_17 supports class version 61)
[25Sep2026 23:37:19.697] [pool-11-thread-1/DEBUG] [mixin/]: dummmmmmy-common.mixins.json:SwordItemMixin from mod dummmmmmy->@Inject::mm$damageEquipment(Lnet/minecraft/world/item/ItemStack;Lnet/minecraft/world/entity/LivingEntity;Lnet/minecraft/world/entity/LivingEntity;Lorg/spongepowered/asm/mixin/injection/callback/CallbackInfoReturnable;)V does use it's CallbackInfoReturnable
[25Sep2026 23:37:19.703] [pool-11-thread-1/DEBUG] [mixin/]: Mixing ToolItemMixin from dummmmmmy-common.mixins.json into net.minecraft.world.item.DiggerItem
[25Sep2026 23:37:19.703] [pool-11-thread-1/DEBUG] [mixin/]: dummmmmmy-common.mixins.json:ToolItemMixin from mod dummmmmmy: Class version 65 required is higher than the class version supported by the current version of Mixin (JAVA_17 supports class version 61)
[25Sep2026 23:37:19.709] [pool-11-thread-1/DEBUG] [mixin/]: dummmmmmy-common.mixins.json:ToolItemMixin from mod dummmmmmy->@Inject::mm$damageEquipment(Lnet/minecraft/world/item/ItemStack;Lnet/minecraft/world/entity/LivingEntity;Lnet/minecraft/world/entity/LivingEntity;Lorg/spongepowered/asm/mixin/injection/callback/CallbackInfoReturnable;)V does use it's CallbackInfoReturnable
[25Sep2026 23:37:19.760] [pool-11-thread-1/DEBUG] [mixin/]: Mixing MapItemMixin from moonlight-common.mixins.json into net.minecraft.world.item.MapItem
[25Sep2026 23:37:19.761] [pool-11-thread-1/DEBUG] [mixin/]: moonlight-common.mixins.json:MapItemMixin from mod moonlight: Class version 65 required is higher than the class version supported by the current version of Mixin (JAVA_17 supports class version 61)
[25Sep2026 23:37:19.767] [pool-11-thread-1/DEBUG] [mixin/]: Renaming synthetic method lambda$update$1(Lnet/minecraft/world/level/saveddata/maps/MapItemSavedData;Lnet/minecraft/world/entity/Entity;Ljava/util/concurrent/atomic/AtomicBoolean;Lnet/mehvahdjukaar/moonlight/api/map/CustomMapData$Type;Lnet/mehvahdjukaar/moonlight/api/map/CustomMapData;)V to mdb288f6$moonlight$lambda$update$1$0 in moonlight-common.mixins.json:MapItemMixin from mod moonlight
[25Sep2026 23:37:19.768] [pool-11-thread-1/DEBUG] [mixin/]: Renaming synthetic method lambda$appendHoverText$0(Lnet/minecraft/world/level/saveddata/maps/MapItemSavedData;Lnet/minecraft/world/item/ItemStack;Ljava/util/List;Lnet/mehvahdjukaar/moonlight/api/map/CustomMapData$Type;Lnet/mehvahdjukaar/moonlight/api/map/CustomMapData;)V to mdb288f6$moonlight$lambda$appendHoverText$0$1 in moonlight-common.mixins.json:MapItemMixin from mod moonlight
[25Sep2026 23:37:19.797] [pool-11-thread-1/DEBUG] [mixin/]: moonlight-common.mixins.json:MapItemMixin from mod moonlight->@Inject::appendHoverText(Lnet/minecraft/world/item/ItemStack;Lnet/minecraft/world/item/Item$TooltipContext;Ljava/util/List;Lnet/minecraft/world/item/TooltipFlag;Lorg/spongepowered/asm/mixin/injection/callback/CallbackInfo;)V doesn't use it's CallbackInfo
[25Sep2026 23:37:19.798] [pool-11-thread-1/DEBUG] [mixin/]: moonlight-common.mixins.json:MapItemMixin from mod moonlight->@Inject::appendHoverText(Lnet/minecraft/world/item/ItemStack;Lnet/minecraft/world/item/Item$TooltipContext;Ljava/util/List;Lnet/minecraft/world/item/TooltipFlag;Lorg/spongepowered/asm/mixin/injection/callback/CallbackInfo;)V has 0 override(s) in child classes
[25Sep2026 23:37:19.798] [pool-11-thread-1/DEBUG] [mixin/]: moonlight-common.mixins.json:MapItemMixin from mod moonlight->@Inject::appendHoverText(Lnet/minecraft/world/item/ItemStack;Lnet/minecraft/world/item/Item$TooltipContext;Ljava/util/List;Lnet/minecraft/world/item/TooltipFlag;Lorg/spongepowered/asm/mixin/injection/callback/CallbackInfo;)V won't be passed a CallbackInfo as a result
[25Sep2026 23:37:19.798] [pool-11-thread-1/DEBUG] [mixin/]: moonlight-common.mixins.json:MapItemMixin from mod moonlight->@Inject::update(Lnet/minecraft/world/level/Level;Lnet/minecraft/world/entity/Entity;Lnet/minecraft/world/level/saveddata/maps/MapItemSavedData;Lorg/spongepowered/asm/mixin/injection/callback/CallbackInfo;)V does use it's CallbackInfo
[25Sep2026 23:37:19.807] [pool-11-thread-1/DEBUG] [mixin/]: Mixing ShearItemMixin from moonlight-common.mixins.json into net.minecraft.world.item.ShearsItem
[25Sep2026 23:37:19.821] [pool-11-thread-1/DEBUG] [mixin/]: moonlight-common.mixins.json:ShearItemMixin from mod moonlight: Class version 65 required is higher than the class version supported by the current version of Mixin (JAVA_17 supports class version 61)
[25Sep2026 23:37:19.891] [pool-11-thread-1/DEBUG] [mixin/]: Mixing ArmorStandFIxMixin from dummmmmmy-common.mixins.json into net.minecraft.world.item.ArmorStandItem
[25Sep2026 23:37:19.891] [pool-11-thread-1/DEBUG] [mixin/]: dummmmmmy-common.mixins.json:ArmorStandFIxMixin from mod dummmmmmy: Class version 65 required is higher than the class version supported by the current version of Mixin (JAVA_17 supports class version 61)
[25Sep2026 23:37:19.898] [pool-11-thread-1/DEBUG] [mixin/]: dummmmmmy-common.mixins.json:ArmorStandFIxMixin from mod dummmmmmy->@Inject::dummy$fixInitialArmorStandRot(Lnet/minecraft/world/item/context/UseOnContext;Lorg/spongepowered/asm/mixin/injection/callback/CallbackInfoReturnable;)V doesn't use it's CallbackInfoReturnable
[25Sep2026 23:37:19.898] [pool-11-thread-1/DEBUG] [mixin/]: dummmmmmy-common.mixins.json:ArmorStandFIxMixin from mod dummmmmmy->@Inject::dummy$fixInitialArmorStandRot(Lnet/minecraft/world/item/context/UseOnContext;Lorg/spongepowered/asm/mixin/injection/callback/CallbackInfoReturnable;)V has 0 override(s) in child classes
[25Sep2026 23:37:19.898] [pool-11-thread-1/DEBUG] [mixin/]: dummmmmmy-common.mixins.json:ArmorStandFIxMixin from mod dummmmmmy->@Inject::dummy$fixInitialArmorStandRot(Lnet/minecraft/world/item/context/UseOnContext;Lorg/spongepowered/asm/mixin/injection/callback/CallbackInfoReturnable;)V won't be passed a CallbackInfoReturnable as a result
[25Sep2026 23:37:19.942] [pool-11-thread-1/DEBUG] [mixin/]: Mixing TridentItemMixin from irons_spellbooks.mixins.json into net.minecraft.world.item.TridentItem
[25Sep2026 23:37:19.964] [pool-11-thread-1/DEBUG] [mixin/]: irons_spellbooks.mixins.json:TridentItemMixin from mod irons_spellbooks->@Inject::releaseUsing(Lnet/minecraft/world/item/ItemStack;Lnet/minecraft/world/level/Level;Lnet/minecraft/world/entity/LivingEntity;ILorg/spongepowered/asm/mixin/injection/callback/CallbackInfo;)V doesn't use it's CallbackInfo
[25Sep2026 23:37:19.964] [pool-11-thread-1/DEBUG] [mixin/]: irons_spellbooks.mixins.json:TridentItemMixin from mod irons_spellbooks->@Inject::releaseUsing(Lnet/minecraft/world/item/ItemStack;Lnet/minecraft/world/level/Level;Lnet/minecraft/world/entity/LivingEntity;ILorg/spongepowered/asm/mixin/injection/callback/CallbackInfo;)V has 0 override(s) in child classes
[25Sep2026 23:37:19.965] [pool-11-thread-1/DEBUG] [mixin/]: irons_spellbooks.mixins.json:TridentItemMixin from mod irons_spellbooks->@Inject::releaseUsing(Lnet/minecraft/world/item/ItemStack;Lnet/minecraft/world/level/Level;Lnet/minecraft/world/entity/LivingEntity;ILorg/spongepowered/asm/mixin/injection/callback/CallbackInfo;)V won't be passed a CallbackInfo as a result
[25Sep2026 23:37:20.206] [pool-11-thread-1/DEBUG] [mixin/]: Mixing EnchantmentMixin from dummmmmmy-common.mixins.json into net.minecraft.world.item.enchantment.Enchantment
[25Sep2026 23:37:20.207] [pool-11-thread-1/DEBUG] [mixin/]: dummmmmmy-common.mixins.json:EnchantmentMixin from mod dummmmmmy: Class version 65 required is higher than the class version supported by the current version of Mixin (JAVA_17 supports class version 61)
[25Sep2026 23:37:20.380] [pool-11-thread-1/DEBUG] [io.netty.util.internal.PlatformDependent0/]: -Dio.netty.noUnsafe: false
[25Sep2026 23:37:20.381] [pool-11-thread-1/DEBUG] [io.netty.util.internal.PlatformDependent0/]: Java version: 21
[25Sep2026 23:37:20.383] [pool-11-thread-1/DEBUG] [io.netty.util.internal.PlatformDependent0/]: sun.misc.Unsafe.theUnsafe: available
[25Sep2026 23:37:20.385] [pool-11-thread-1/DEBUG] [io.netty.util.internal.PlatformDependent0/]: sun.misc.Unsafe.copyMemory: available
[25Sep2026 23:37:20.387] [pool-11-thread-1/DEBUG] [io.netty.util.internal.PlatformDependent0/]: sun.misc.Unsafe.storeFence: available
[25Sep2026 23:37:20.389] [pool-11-thread-1/DEBUG] [io.netty.util.internal.PlatformDependent0/]: java.nio.Buffer.address: available
[25Sep2026 23:37:20.391] [pool-11-thread-1/DEBUG] [io.netty.util.internal.PlatformDependent0/]: direct buffer constructor: unavailable: Reflective setAccessible(true) disabled
[25Sep2026 23:37:20.393] [pool-11-thread-1/DEBUG] [io.netty.util.internal.PlatformDependent0/]: java.nio.Bits.unaligned: available, true
[25Sep2026 23:37:20.399] [pool-11-thread-1/DEBUG] [io.netty.util.internal.PlatformDependent0/]: jdk.internal.misc.Unsafe.allocateUninitializedArray(int): unavailable: class io.netty.util.internal.PlatformDependent0$7 (in module io.netty.common) cannot access class jdk.internal.misc.Unsafe (in module java.base) because module java.base does not export jdk.internal.misc to module io.netty.common
[25Sep2026 23:37:20.402] [pool-11-thread-1/DEBUG] [io.netty.util.internal.PlatformDependent0/]: java.nio.DirectByteBuffer.<init>(long, {int,long}): unavailable
[25Sep2026 23:37:20.402] [pool-11-thread-1/DEBUG] [io.netty.util.internal.PlatformDependent/]: sun.misc.Unsafe: available
[25Sep2026 23:37:20.405] [pool-11-thread-1/DEBUG] [io.netty.util.internal.PlatformDependent/]: maxDirectMemory: 2040528896 bytes (maybe)
[25Sep2026 23:37:20.407] [pool-11-thread-1/DEBUG] [io.netty.util.internal.PlatformDependent/]: -Dio.netty.tmpdir: C:\Users\darkp\AppData\Local\Temp (java.io.tmpdir)
[25Sep2026 23:37:20.408] [pool-11-thread-1/DEBUG] [io.netty.util.internal.PlatformDependent/]: -Dio.netty.bitMode: 64 (sun.arch.data.model)
[25Sep2026 23:37:20.409] [pool-11-thread-1/DEBUG] [io.netty.util.internal.PlatformDependent/]: Platform: Windows
[25Sep2026 23:37:20.413] [pool-11-thread-1/DEBUG] [io.netty.util.internal.PlatformDependent/]: -Dio.netty.maxDirectMemory: -1 bytes
[25Sep2026 23:37:20.415] [pool-11-thread-1/DEBUG] [io.netty.util.internal.PlatformDependent/]: -Dio.netty.uninitializedArrayAllocationThreshold: -1
[25Sep2026 23:37:20.422] [pool-11-thread-1/DEBUG] [io.netty.util.internal.CleanerJava9/]: java.nio.ByteBuffer.cleaner(): available
[25Sep2026 23:37:20.422] [pool-11-thread-1/DEBUG] [io.netty.util.internal.PlatformDependent/]: -Dio.netty.noPreferDirect: false
[25Sep2026 23:37:20.676] [pool-11-thread-1/DEBUG] [mixin/]: Mixing MixinNbtPredicate from curios.neoforge.mixins.json into net.minecraft.advancements.critereon.NbtPredicate
[25Sep2026 23:37:21.038] [pool-11-thread-1/DEBUG] [mixin/]: Mixing LevelChunkMixin from moonlight-common.mixins.json into net.minecraft.world.level.chunk.LevelChunk
[25Sep2026 23:37:21.039] [pool-11-thread-1/DEBUG] [mixin/]: moonlight-common.mixins.json:LevelChunkMixin from mod moonlight: Class version 65 required is higher than the class version supported by the current version of Mixin (JAVA_17 supports class version 61)
[25Sep2026 23:37:21.334] [pool-11-thread-1/DEBUG] [mixin/]: Mixing FixBlockPlaceContextMixin from moonlight-common.mixins.json into net.minecraft.world.item.context.BlockPlaceContext
[25Sep2026 23:37:21.334] [pool-11-thread-1/DEBUG] [mixin/]: moonlight-common.mixins.json:FixBlockPlaceContextMixin from mod moonlight: Class version 65 required is higher than the class version supported by the current version of Mixin (JAVA_17 supports class version 61)
[25Sep2026 23:37:21.354] [pool-11-thread-1/DEBUG] [mixin/]: moonlight-common.mixins.json:FixBlockPlaceContextMixin from mod moonlight->@Inject::moonlight$fixNotAccountingForNullPlayer1(Lorg/spongepowered/asm/mixin/injection/callback/CallbackInfoReturnable;)V does use it's CallbackInfoReturnable
[25Sep2026 23:37:21.355] [pool-11-thread-1/DEBUG] [mixin/]: moonlight-common.mixins.json:FixBlockPlaceContextMixin from mod moonlight->@Inject::moonlight$fixNotAccountingForNullPlayer2(Lorg/spongepowered/asm/mixin/injection/callback/CallbackInfoReturnable;)V does use it's CallbackInfoReturnable
[25Sep2026 23:37:21.355] [pool-11-thread-1/DEBUG] [mixin/]: moonlight-common.mixins.json:FixBlockPlaceContextMixin from mod moonlight->@Inject::moonlight$fixNotAccountingForNullPlayer3(Lorg/spongepowered/asm/mixin/injection/callback/CallbackInfoReturnable;)V does use it's CallbackInfoReturnable
[25Sep2026 23:37:21.786] [pool-11-thread-1/DEBUG] [mixin/]: Mixing ClientArmorStandMixin from irons_lib.mixins.json into net.minecraft.world.entity.decoration.ArmorStand
[25Sep2026 23:37:21.796] [pool-11-thread-1/DEBUG] [mixin/]: irons_lib.mixins.json:ClientArmorStandMixin from mod irons_lib->@Inject::irons_lib$replaceTransmogStack(Lnet/minecraft/world/entity/EquipmentSlot;Lorg/spongepowered/asm/mixin/injection/callback/CallbackInfoReturnable;)V does use it's CallbackInfoReturnable
[25Sep2026 23:37:21.796] [pool-11-thread-1/DEBUG] [mixin/]: irons_lib.mixins.json:ClientArmorStandMixin from mod irons_lib->@Inject::irons_lib$replaceTransmogStack(Lnet/minecraft/world/entity/EquipmentSlot;Lorg/spongepowered/asm/mixin/injection/callback/CallbackInfoReturnable;)V does use it's CallbackInfoReturnable
[25Sep2026 23:37:21.797] [pool-11-thread-1/DEBUG] [mixin/]: irons_lib.mixins.json:ClientArmorStandMixin from mod irons_lib->@Inject::irons_lib$replaceTransmogStack(Lnet/minecraft/world/entity/EquipmentSlot;Lorg/spongepowered/asm/mixin/injection/callback/CallbackInfoReturnable;)V does use it's CallbackInfoReturnable
[25Sep2026 23:37:21.894] [pool-11-thread-1/DEBUG] [mixin/]: Mixing BeeGoalMixin from moonlight-common.mixins.json into net.minecraft.world.entity.animal.Bee$BeeGrowCropGoal
[25Sep2026 23:37:21.897] [pool-11-thread-1/DEBUG] [mixin/]: moonlight-common.mixins.json:BeeGoalMixin from mod moonlight: Class version 65 required is higher than the class version supported by the current version of Mixin (JAVA_17 supports class version 61)
[25Sep2026 23:37:21.946] [pool-11-thread-1/DEBUG] [mixin/]: moonlight-common.mixins.json:BeeGoalMixin from mod moonlight->@Inject::moonlight$tickBeeGrowable(Lorg/spongepowered/asm/mixin/injection/callback/CallbackInfo;ILnet/minecraft/core/BlockPos;Lnet/minecraft/world/level/block/state/BlockState;Lnet/minecraft/world/level/block/Block;Lnet/minecraft/world/level/block/state/BlockState;)V does use it's CallbackInfo
[25Sep2026 23:37:22.008] [pool-11-thread-1/DEBUG] [mixin/]: Mixing AbstractSkeletonMixin from irons_artifice.mixins.json into net.minecraft.world.entity.monster.AbstractSkeleton
[25Sep2026 23:37:22.034] [pool-11-thread-1/DEBUG] [mixin/]: irons_artifice.mixins.json:AbstractSkeletonMixin from mod irons_artifice->@Inject::irons_artifice$assessGunGoal(Lorg/spongepowered/asm/mixin/injection/callback/CallbackInfo;)V does use it's CallbackInfo
[25Sep2026 23:37:22.261] [pool-11-thread-1/DEBUG] [mixin/]: Mixing CreeperMixin from irons_spellbooks.mixins.json into net.minecraft.world.entity.monster.Creeper
[25Sep2026 23:37:22.267] [pool-11-thread-1/DEBUG] [mixin/]: irons_spellbooks.mixins.json:CreeperMixin from mod irons_spellbooks->@Inject::betterThunderHit(Lnet/minecraft/server/level/ServerLevel;Lnet/minecraft/world/entity/LightningBolt;Lorg/spongepowered/asm/mixin/injection/callback/CallbackInfo;)V doesn't use it's CallbackInfo
[25Sep2026 23:37:22.268] [pool-11-thread-1/DEBUG] [mixin/]: irons_spellbooks.mixins.json:CreeperMixin from mod irons_spellbooks->@Inject::betterThunderHit(Lnet/minecraft/server/level/ServerLevel;Lnet/minecraft/world/entity/LightningBolt;Lorg/spongepowered/asm/mixin/injection/callback/CallbackInfo;)V has 0 override(s) in child classes
[25Sep2026 23:37:22.268] [pool-11-thread-1/DEBUG] [mixin/]: irons_spellbooks.mixins.json:CreeperMixin from mod irons_spellbooks->@Inject::betterThunderHit(Lnet/minecraft/server/level/ServerLevel;Lnet/minecraft/world/entity/LightningBolt;Lorg/spongepowered/asm/mixin/injection/callback/CallbackInfo;)V won't be passed a CallbackInfo as a result
[25Sep2026 23:37:22.323] [pool-11-thread-1/DEBUG] [mixin/]: Mixing DrownedMixin from irons_artifice.mixins.json into net.minecraft.world.entity.monster.Drowned
[25Sep2026 23:37:22.340] [pool-11-thread-1/DEBUG] [mixin/]: irons_artifice.mixins.json:DrownedMixin from mod irons_artifice->@Inject::irons_artifice$addGunGoal(Lorg/spongepowered/asm/mixin/injection/callback/CallbackInfo;)V doesn't use it's CallbackInfo
[25Sep2026 23:37:22.340] [pool-11-thread-1/DEBUG] [mixin/]: irons_artifice.mixins.json:DrownedMixin from mod irons_artifice->@Inject::irons_artifice$addGunGoal(Lorg/spongepowered/asm/mixin/injection/callback/CallbackInfo;)V has 0 override(s) in child classes
[25Sep2026 23:37:22.340] [pool-11-thread-1/DEBUG] [mixin/]: irons_artifice.mixins.json:DrownedMixin from mod irons_artifice->@Inject::irons_artifice$addGunGoal(Lorg/spongepowered/asm/mixin/injection/callback/CallbackInfo;)V won't be passed a CallbackInfo as a result
[25Sep2026 23:37:22.473] [pool-11-thread-1/DEBUG] [mixin/]: Mixing Entities.EnderManMixin from hazentouvelib.mixins.json into net.minecraft.world.entity.monster.EnderMan
[25Sep2026 23:37:22.474] [pool-11-thread-1/DEBUG] [mixin/]: Renaming synthetic method lambda$astralConstructHatred$0(Lnet/minecraft/world/entity/LivingEntity;)Z to mdb288f6$hazentouvelib$lambda$astralConstructHatred$0$0 in hazentouvelib.mixins.json:Entities.EnderManMixin from mod hazentouvelib
[25Sep2026 23:37:22.489] [pool-11-thread-1/DEBUG] [mixin/]: hazentouvelib.mixins.json:Entities.EnderManMixin from mod hazentouvelib->@Inject::astralConstructHatred(Lorg/spongepowered/asm/mixin/injection/callback/CallbackInfo;)V doesn't use it's CallbackInfo
[25Sep2026 23:37:22.489] [pool-11-thread-1/DEBUG] [mixin/]: hazentouvelib.mixins.json:Entities.EnderManMixin from mod hazentouvelib->@Inject::astralConstructHatred(Lorg/spongepowered/asm/mixin/injection/callback/CallbackInfo;)V has 0 override(s) in child classes
[25Sep2026 23:37:22.490] [pool-11-thread-1/DEBUG] [mixin/]: hazentouvelib.mixins.json:Entities.EnderManMixin from mod hazentouvelib->@Inject::astralConstructHatred(Lorg/spongepowered/asm/mixin/injection/callback/CallbackInfo;)V won't be passed a CallbackInfo as a result
[25Sep2026 23:37:22.829] [pool-11-thread-1/DEBUG] [mixin/]: Mixing LightningEntityMixin from moonlight-common.mixins.json into net.minecraft.world.entity.LightningBolt
[25Sep2026 23:37:22.831] [pool-11-thread-1/DEBUG] [mixin/]: moonlight-common.mixins.json:LightningEntityMixin from mod moonlight: Class version 65 required is higher than the class version supported by the current version of Mixin (JAVA_17 supports class version 61)
[25Sep2026 23:37:22.841] [pool-11-thread-1/DEBUG] [mixin/]: moonlight-common.mixins.json:LightningEntityMixin from mod moonlight->@Inject::powerLightningRod(Lorg/spongepowered/asm/mixin/injection/callback/CallbackInfo;)V doesn't use it's CallbackInfo
[25Sep2026 23:37:22.842] [pool-11-thread-1/DEBUG] [mixin/]: moonlight-common.mixins.json:LightningEntityMixin from mod moonlight->@Inject::powerLightningRod(Lorg/spongepowered/asm/mixin/injection/callback/CallbackInfo;)V has 0 override(s) in child classes
[25Sep2026 23:37:22.842] [pool-11-thread-1/DEBUG] [mixin/]: moonlight-common.mixins.json:LightningEntityMixin from mod moonlight->@Inject::powerLightningRod(Lorg/spongepowered/asm/mixin/injection/callback/CallbackInfo;)V won't be passed a CallbackInfo as a result
[25Sep2026 23:37:23.051] [pool-11-thread-1/DEBUG] [mixin/]: Mixing ThrownPotionMixin from moonlight-common.mixins.json into net.minecraft.world.entity.projectile.ThrownPotion
[25Sep2026 23:37:23.067] [pool-11-thread-1/DEBUG] [mixin/]: moonlight-common.mixins.json:ThrownPotionMixin from mod moonlight: Class version 65 required is higher than the class version supported by the current version of Mixin (JAVA_17 supports class version 61)
[25Sep2026 23:37:23.085] [pool-11-thread-1/DEBUG] [mixin/]: moonlight-common.mixins.json:ThrownPotionMixin from mod moonlight->@Inject::moonlight$extinguishILightables(Lnet/minecraft/core/BlockPos;Lorg/spongepowered/asm/mixin/injection/callback/CallbackInfo;)V doesn't use it's CallbackInfo
[25Sep2026 23:37:23.085] [pool-11-thread-1/DEBUG] [mixin/]: moonlight-common.mixins.json:ThrownPotionMixin from mod moonlight->@Inject::moonlight$extinguishILightables(Lnet/minecraft/core/BlockPos;Lorg/spongepowered/asm/mixin/injection/callback/CallbackInfo;)V has 0 override(s) in child classes
[25Sep2026 23:37:23.085] [pool-11-thread-1/DEBUG] [mixin/]: moonlight-common.mixins.json:ThrownPotionMixin from mod moonlight->@Inject::moonlight$extinguishILightables(Lnet/minecraft/core/BlockPos;Lorg/spongepowered/asm/mixin/injection/callback/CallbackInfo;)V won't be passed a CallbackInfo as a result
[25Sep2026 23:37:23.333] [pool-11-thread-1/DEBUG] [mixin/]: Mixing VillagerMixin from moonlight-common.mixins.json into net.minecraft.world.entity.npc.Villager
[25Sep2026 23:37:23.335] [pool-11-thread-1/DEBUG] [mixin/]: moonlight-common.mixins.json:VillagerMixin from mod moonlight: Class version 65 required is higher than the class version supported by the current version of Mixin (JAVA_17 supports class version 61)
[25Sep2026 23:37:23.347] [pool-11-thread-1/DEBUG] [mixin/]: moonlight-common.mixins.json:VillagerMixin from mod moonlight->@Inject::reg(Lnet/minecraft/world/entity/ai/Brain;Lorg/spongepowered/asm/mixin/injection/callback/CallbackInfo;)V doesn't use it's CallbackInfo
[25Sep2026 23:37:23.347] [pool-11-thread-1/DEBUG] [mixin/]: moonlight-common.mixins.json:VillagerMixin from mod moonlight->@Inject::reg(Lnet/minecraft/world/entity/ai/Brain;Lorg/spongepowered/asm/mixin/injection/callback/CallbackInfo;)V has 0 override(s) in child classes
[25Sep2026 23:37:23.347] [pool-11-thread-1/DEBUG] [mixin/]: moonlight-common.mixins.json:VillagerMixin from mod moonlight->@Inject::reg(Lnet/minecraft/world/entity/ai/Brain;Lorg/spongepowered/asm/mixin/injection/callback/CallbackInfo;)V won't be passed a CallbackInfo as a result
[25Sep2026 23:37:26.564] [pool-11-thread-1/DEBUG] [mixin/]: Mixing MixinInventory from curios.neoforge.mixins.json into net.minecraft.world.entity.player.Inventory
[25Sep2026 23:37:26.570] [pool-11-thread-1/DEBUG] [mixin/]: Mixing InventoryMixin from moonlight-common.mixins.json into net.minecraft.world.entity.player.Inventory
[25Sep2026 23:37:26.571] [pool-11-thread-1/DEBUG] [mixin/]: moonlight-common.mixins.json:InventoryMixin from mod moonlight: Class version 65 required is higher than the class version supported by the current version of Mixin (JAVA_17 supports class version 61)
[25Sep2026 23:37:26.588] [pool-11-thread-1/DEBUG] [mixin/]: curios.neoforge.mixins.json:MixinInventory from mod curios->@Inject::curios$containsStack(Lnet/minecraft/world/item/ItemStack;Lorg/spongepowered/asm/mixin/injection/callback/CallbackInfoReturnable;)V does use it's CallbackInfoReturnable
[25Sep2026 23:37:26.588] [pool-11-thread-1/DEBUG] [mixin/]: curios.neoforge.mixins.json:MixinInventory from mod curios->@Inject::curios$containsTag(Lnet/minecraft/tags/TagKey;Lorg/spongepowered/asm/mixin/injection/callback/CallbackInfoReturnable;)V does use it's CallbackInfoReturnable
[25Sep2026 23:37:26.589] [pool-11-thread-1/DEBUG] [mixin/]: curios.neoforge.mixins.json:MixinInventory from mod curios->@Inject::curios$contains(Ljava/util/function/Predicate;Lorg/spongepowered/asm/mixin/injection/callback/CallbackInfoReturnable;)V does use it's CallbackInfoReturnable
[25Sep2026 23:37:26.589] [pool-11-thread-1/DEBUG] [mixin/]: curios.neoforge.mixins.json:MixinInventory from mod curios->@Inject::curios$hasAnyMatching(Ljava/util/function/Predicate;Lorg/spongepowered/asm/mixin/injection/callback/CallbackInfoReturnable;)V does use it's CallbackInfoReturnable
[25Sep2026 23:37:26.590] [pool-11-thread-1/DEBUG] [mixin/]: moonlight-common.mixins.json:InventoryMixin from mod moonlight->@Inject::ml$fireDropEvent(Lorg/spongepowered/asm/mixin/injection/callback/CallbackInfo;Ljava/util/Iterator;Ljava/util/List;I)V doesn't use it's CallbackInfo
[25Sep2026 23:37:26.590] [pool-11-thread-1/DEBUG] [mixin/]: moonlight-common.mixins.json:InventoryMixin from mod moonlight->@Inject::ml$fireDropEvent(Lorg/spongepowered/asm/mixin/injection/callback/CallbackInfo;Ljava/util/Iterator;Ljava/util/List;I)V has 0 override(s) in child classes
[25Sep2026 23:37:26.590] [pool-11-thread-1/DEBUG] [mixin/]: moonlight-common.mixins.json:InventoryMixin from mod moonlight->@Inject::ml$fireDropEvent(Lorg/spongepowered/asm/mixin/injection/callback/CallbackInfo;Ljava/util/Iterator;Ljava/util/List;I)V won't be passed a CallbackInfo as a result
[25Sep2026 23:37:26.590] [pool-11-thread-1/DEBUG] [mixin/]: moonlight-common.mixins.json:InventoryMixin from mod moonlight->@Inject::ml$restoreNotDropped(Lorg/spongepowered/asm/mixin/injection/callback/CallbackInfo;Ljava/util/Iterator;Ljava/util/List;I)V doesn't use it's CallbackInfo
[25Sep2026 23:37:26.590] [pool-11-thread-1/DEBUG] [mixin/]: moonlight-common.mixins.json:InventoryMixin from mod moonlight->@Inject::ml$restoreNotDropped(Lorg/spongepowered/asm/mixin/injection/callback/CallbackInfo;Ljava/util/Iterator;Ljava/util/List;I)V has 0 override(s) in child classes
[25Sep2026 23:37:26.590] [pool-11-thread-1/DEBUG] [mixin/]: moonlight-common.mixins.json:InventoryMixin from mod moonlight->@Inject::ml$restoreNotDropped(Lorg/spongepowered/asm/mixin/injection/callback/CallbackInfo;Ljava/util/Iterator;Ljava/util/List;I)V won't be passed a CallbackInfo as a result
[25Sep2026 23:37:26.638] [pool-11-thread-1/DEBUG] [mixin/]: Mixing GrindstoneMenuSlotMixin from moonlight-common.mixins.json into net.minecraft.world.inventory.GrindstoneMenu$4
[25Sep2026 23:37:26.639] [pool-11-thread-1/DEBUG] [mixin/]: moonlight-common.mixins.json:GrindstoneMenuSlotMixin from mod moonlight: Class version 65 required is higher than the class version supported by the current version of Mixin (JAVA_17 supports class version 61)
[25Sep2026 23:37:26.646] [pool-11-thread-1/DEBUG] [mixin/]: moonlight-common.mixins.json:GrindstoneMenuSlotMixin from mod moonlight->@Inject::onTake(Lnet/minecraft/world/entity/player/Player;Lnet/minecraft/world/item/ItemStack;Lorg/spongepowered/asm/mixin/injection/callback/CallbackInfo;)V doesn't use it's CallbackInfo
[25Sep2026 23:37:26.646] [pool-11-thread-1/DEBUG] [mixin/]: moonlight-common.mixins.json:GrindstoneMenuSlotMixin from mod moonlight->@Inject::onTake(Lnet/minecraft/world/entity/player/Player;Lnet/minecraft/world/item/ItemStack;Lorg/spongepowered/asm/mixin/injection/callback/CallbackInfo;)V has 0 override(s) in child classes
[25Sep2026 23:37:26.646] [pool-11-thread-1/DEBUG] [mixin/]: moonlight-common.mixins.json:GrindstoneMenuSlotMixin from mod moonlight->@Inject::onTake(Lnet/minecraft/world/entity/player/Player;Lnet/minecraft/world/item/ItemStack;Lorg/spongepowered/asm/mixin/injection/callback/CallbackInfo;)V won't be passed a CallbackInfo as a result
[25Sep2026 23:37:27.076] [pool-11-thread-1/DEBUG] [mixin/]: Mixing SmithingRecipeMixin from irons_spellbooks.mixins.json into net.minecraft.world.item.crafting.SmithingTransformRecipe
[25Sep2026 23:37:27.135] [pool-11-thread-1/DEBUG] [mixin/]: irons_spellbooks.mixins.json:SmithingRecipeMixin from mod irons_spellbooks->@Inject::fixSpellbookSlotCount(Lnet/minecraft/world/item/crafting/SmithingRecipeInput;Lnet/minecraft/core/HolderLookup$Provider;Lorg/spongepowered/asm/mixin/injection/callback/CallbackInfoReturnable;)V does use it's CallbackInfoReturnable
[25Sep2026 23:37:27.972] [pool-11-thread-1/DEBUG] [mixin/]: Mixing MixinEnchantedCountIncreaseFunction from curios.neoforge.mixins.json into net.minecraft.world.level.storage.loot.functions.EnchantedCountIncreaseFunction
[25Sep2026 23:37:28.040] [pool-11-thread-1/DEBUG] [mixin/]: Mixing MixinApplyBonusCount from curios.neoforge.mixins.json into net.minecraft.world.level.storage.loot.functions.ApplyBonusCount
[25Sep2026 23:37:28.575] [pool-11-thread-1/DEBUG] [mixin/]: Mixing JigsawReplacementProcessorMixin from moonlight-common.mixins.json into net.minecraft.world.level.levelgen.structure.templatesystem.JigsawReplacementProcessor
[25Sep2026 23:37:28.577] [pool-11-thread-1/DEBUG] [mixin/]: moonlight-common.mixins.json:JigsawReplacementProcessorMixin from mod moonlight: Class version 65 required is higher than the class version supported by the current version of Mixin (JAVA_17 supports class version 61)
[25Sep2026 23:37:28.871] [pool-11-thread-1/DEBUG] [mixin/]: Mixing TemplateStructurePieceMixin from moonlight-common.mixins.json into net.minecraft.world.level.levelgen.structure.TemplateStructurePiece
[25Sep2026 23:37:28.873] [pool-11-thread-1/DEBUG] [mixin/]: moonlight-common.mixins.json:TemplateStructurePieceMixin from mod moonlight: Class version 65 required is higher than the class version supported by the current version of Mixin (JAVA_17 supports class version 61)
[25Sep2026 23:37:28.888] [pool-11-thread-1/DEBUG] [mixin/]: moonlight-common.mixins.json:TemplateStructurePieceMixin from mod moonlight->@Inject::ml$processBoxes(Lnet/minecraft/world/level/WorldGenLevel;Lnet/minecraft/world/level/StructureManager;Lnet/minecraft/world/level/chunk/ChunkGenerator;Lnet/minecraft/util/RandomSource;Lnet/minecraft/world/level/levelgen/structure/BoundingBox;Lnet/minecraft/world/level/ChunkPos;Lnet/minecraft/core/BlockPos;Lorg/spongepowered/asm/mixin/injection/callback/CallbackInfo;)V doesn't use it's CallbackInfo
[25Sep2026 23:37:28.888] [pool-11-thread-1/DEBUG] [mixin/]: moonlight-common.mixins.json:TemplateStructurePieceMixin from mod moonlight->@Inject::ml$processBoxes(Lnet/minecraft/world/level/WorldGenLevel;Lnet/minecraft/world/level/StructureManager;Lnet/minecraft/world/level/chunk/ChunkGenerator;Lnet/minecraft/util/RandomSource;Lnet/minecraft/world/level/levelgen/structure/BoundingBox;Lnet/minecraft/world/level/ChunkPos;Lnet/minecraft/core/BlockPos;Lorg/spongepowered/asm/mixin/injection/callback/CallbackInfo;)V has 0 override(s) in child classes
[25Sep2026 23:37:28.888] [pool-11-thread-1/DEBUG] [mixin/]: moonlight-common.mixins.json:TemplateStructurePieceMixin from mod moonlight->@Inject::ml$processBoxes(Lnet/minecraft/world/level/WorldGenLevel;Lnet/minecraft/world/level/StructureManager;Lnet/minecraft/world/level/chunk/ChunkGenerator;Lnet/minecraft/util/RandomSource;Lnet/minecraft/world/level/levelgen/structure/BoundingBox;Lnet/minecraft/world/level/ChunkPos;Lnet/minecraft/core/BlockPos;Lorg/spongepowered/asm/mixin/injection/callback/CallbackInfo;)V won't be passed a CallbackInfo as a result
[25Sep2026 23:37:28.981] [pool-11-thread-1/DEBUG] [mixin/]: Mixing JigsawStructureMixin from moonlight-common.mixins.json into net.minecraft.world.level.levelgen.structure.structures.JigsawStructure
[25Sep2026 23:37:28.983] [pool-11-thread-1/DEBUG] [mixin/]: moonlight-common.mixins.json:JigsawStructureMixin from mod moonlight: Class version 65 required is higher than the class version supported by the current version of Mixin (JAVA_17 supports class version 61)
[25Sep2026 23:37:29.931] [pool-11-thread-1/DEBUG] [mixin/]: Mixing NoiseChunkGeneratorMixin from irons_spellbooks.mixins.json into net.minecraft.world.level.levelgen.NoiseBasedChunkGenerator
[25Sep2026 23:37:29.931] [pool-11-thread-1/DEBUG] [mixin/]: Renaming synthetic method lambda$irons_spellbooks$detectAquifers$2(I)[Lnet/minecraft/world/level/levelgen/structure/BoundingBox; to mdb288f6$irons_spellbooks$lambda$irons_spellbooks$detectAquifers$2$0 in irons_spellbooks.mixins.json:NoiseChunkGeneratorMixin from mod irons_spellbooks
[25Sep2026 23:37:29.993] [pool-11-thread-1/DEBUG] [mixin/]: Renaming synthetic method lambda$irons_spellbooks$detectAquifers$1(Lnet/minecraft/world/level/levelgen/structure/StructureStart;)Ljava/util/stream/Stream; to mdb288f6$irons_spellbooks$lambda$irons_spellbooks$detectAquifers$1$1 in irons_spellbooks.mixins.json:NoiseChunkGeneratorMixin from mod irons_spellbooks
[25Sep2026 23:37:29.993] [pool-11-thread-1/DEBUG] [mixin/]: Renaming synthetic method lambda$irons_spellbooks$detectAquifers$0(Lnet/minecraft/world/level/StructureManager;Lnet/minecraft/world/level/levelgen/structure/Structure;)Z to mdb288f6$irons_spellbooks$lambda$irons_spellbooks$detectAquifers$0$2 in irons_spellbooks.mixins.json:NoiseChunkGeneratorMixin from mod irons_spellbooks
[25Sep2026 23:37:30.000] [pool-11-thread-1/DEBUG] [mixin/]: irons_spellbooks.mixins.json:NoiseChunkGeneratorMixin from mod irons_spellbooks->@Inject::irons_spellbooks$detectAquifers(Lnet/minecraft/world/level/chunk/ChunkAccess;Lnet/minecraft/world/level/StructureManager;Lnet/minecraft/world/level/levelgen/blending/Blender;Lnet/minecraft/world/level/levelgen/RandomState;Lorg/spongepowered/asm/mixin/injection/callback/CallbackInfoReturnable;)V does use it's CallbackInfoReturnable
[25Sep2026 23:37:30.005] [pool-11-thread-1/DEBUG] [mixin/]: Mixing ChunkGeneratorMixin from moonlight-common.mixins.json into net.minecraft.world.level.chunk.ChunkGenerator
[25Sep2026 23:37:30.005] [pool-11-thread-1/DEBUG] [mixin/]: moonlight-common.mixins.json:ChunkGeneratorMixin from mod moonlight: Class version 65 required is higher than the class version supported by the current version of Mixin (JAVA_17 supports class version 61)
[25Sep2026 23:37:30.011] [pool-11-thread-1/DEBUG] [mixin/]: moonlight-common.mixins.json:ChunkGeneratorMixin from mod moonlight->@Inject::ml$getSpecialSpawnsOverrides(Lnet/minecraft/core/Holder;Lnet/minecraft/world/level/StructureManager;Lnet/minecraft/world/entity/MobCategory;Lnet/minecraft/core/BlockPos;Lorg/spongepowered/asm/mixin/injection/callback/CallbackInfoReturnable;)V does use it's CallbackInfoReturnable
[25Sep2026 23:37:31.932] [main/DEBUG] [mixin/]: Mixing MinecraftServerMixin from moonlight.mixins.json into net.minecraft.server.MinecraftServer
[25Sep2026 23:37:31.932] [main/DEBUG] [mixin/]: moonlight.mixins.json:MinecraftServerMixin from mod moonlight: Class version 65 required is higher than the class version supported by the current version of Mixin (JAVA_17 supports class version 61)
[25Sep2026 23:37:32.003] [main/DEBUG] [mixin/]: moonlight.mixins.json:MinecraftServerMixin from mod moonlight->@Inject::moonlight$serverDynamicPackEarlyReload(Lcom/google/common/collect/ImmutableList;Lorg/spongepowered/asm/mixin/injection/callback/CallbackInfoReturnable;)V doesn't use it's CallbackInfoReturnable
[25Sep2026 23:37:32.003] [main/DEBUG] [mixin/]: moonlight.mixins.json:MinecraftServerMixin from mod moonlight->@Inject::moonlight$serverDynamicPackEarlyReload(Lcom/google/common/collect/ImmutableList;Lorg/spongepowered/asm/mixin/injection/callback/CallbackInfoReturnable;)V has 0 override(s) in child classes
[25Sep2026 23:37:32.003] [main/DEBUG] [mixin/]: moonlight.mixins.json:MinecraftServerMixin from mod moonlight->@Inject::moonlight$serverDynamicPackEarlyReload(Lcom/google/common/collect/ImmutableList;Lorg/spongepowered/asm/mixin/injection/callback/CallbackInfoReturnable;)V won't be passed a CallbackInfoReturnable as a result
[25Sep2026 23:37:32.238] [main/DEBUG] [mixin/]: Mixing MapDataMixin from moonlight-common.mixins.json into net.minecraft.world.level.saveddata.maps.MapItemSavedData
[25Sep2026 23:37:32.239] [main/DEBUG] [mixin/]: moonlight-common.mixins.json:MapDataMixin from mod moonlight: Class version 65 required is higher than the class version supported by the current version of Mixin (JAVA_17 supports class version 61)
[25Sep2026 23:37:32.239] [main/DEBUG] [mixin/]: Renaming synthetic method lambda$save$5(Lnet/minecraft/nbt/CompoundTag;Lnet/minecraft/core/HolderLookup$Provider;Lnet/mehvahdjukaar/moonlight/api/map/CustomMapData$Type;Lnet/mehvahdjukaar/moonlight/api/map/CustomMapData;)V to mdb288f6$moonlight$lambda$save$5$0 in moonlight-common.mixins.json:MapDataMixin from mod moonlight
[25Sep2026 23:37:32.240] [main/DEBUG] [mixin/]: Renaming synthetic method lambda$load$4(Lnet/minecraft/nbt/CompoundTag;Lnet/minecraft/core/HolderLookup$Provider;Lnet/mehvahdjukaar/moonlight/api/map/CustomMapData;)V to mdb288f6$moonlight$lambda$load$4$1 in moonlight-common.mixins.json:MapDataMixin from mod moonlight
[25Sep2026 23:37:32.240] [main/DEBUG] [mixin/]: Renaming synthetic method lambda$load$3(Lnet/mehvahdjukaar/moonlight/api/map/ExpandedMapData;Lnet/mehvahdjukaar/moonlight/api/map/decoration/MLMapMarker;)V to mdb288f6$moonlight$lambda$load$3$2 in moonlight-common.mixins.json:MapDataMixin from mod moonlight
[25Sep2026 23:37:32.240] [main/DEBUG] [mixin/]: Renaming synthetic method lambda$load$2(Ljava/lang/String;)V to mdb288f6$moonlight$lambda$load$2$3 in moonlight-common.mixins.json:MapDataMixin from mod moonlight
[25Sep2026 23:37:32.240] [main/DEBUG] [mixin/]: Renaming synthetic method lambda$ml$setCustomDataDirty$1(Lnet/mehvahdjukaar/moonlight/api/map/CustomMapData$Type;Ljava/util/function/Consumer;Lnet/minecraft/world/level/saveddata/maps/MapItemSavedData$HoldingPlayer;)V to mdb288f6$moonlight$lambda$ml$setCustomDataDirty$1$4 in moonlight-common.mixins.json:MapDataMixin from mod moonlight
[25Sep2026 23:37:32.240] [main/DEBUG] [mixin/]: Renaming synthetic method lambda$ml$setCustomDecorationsDirty$0(Lnet/minecraft/world/level/saveddata/maps/MapItemSavedData$HoldingPlayer;)V to mdb288f6$moonlight$lambda$ml$setCustomDecorationsDirty$0$5 in moonlight-common.mixins.json:MapDataMixin from mod moonlight
[25Sep2026 23:37:32.480] [main/DEBUG] [mixin/]: moonlight-common.mixins.json:MapDataMixin from mod moonlight->@Inject::locked(Lorg/spongepowered/asm/mixin/injection/callback/CallbackInfoReturnable;)V does use it's CallbackInfoReturnable
[25Sep2026 23:37:32.480] [main/DEBUG] [mixin/]: moonlight-common.mixins.json:MapDataMixin from mod moonlight->@Inject::scaled(Lorg/spongepowered/asm/mixin/injection/callback/CallbackInfoReturnable;)V does use it's CallbackInfoReturnable
[25Sep2026 23:37:32.480] [main/DEBUG] [mixin/]: moonlight-common.mixins.json:MapDataMixin from mod moonlight->@Inject::tickCarriedBy(Lnet/minecraft/world/entity/player/Player;Lnet/minecraft/world/item/ItemStack;Lorg/spongepowered/asm/mixin/injection/callback/CallbackInfo;)V doesn't use it's CallbackInfo
[25Sep2026 23:37:32.480] [main/DEBUG] [mixin/]: moonlight-common.mixins.json:MapDataMixin from mod moonlight->@Inject::tickCarriedBy(Lnet/minecraft/world/entity/player/Player;Lnet/minecraft/world/item/ItemStack;Lorg/spongepowered/asm/mixin/injection/callback/CallbackInfo;)V has 0 override(s) in child classes
[25Sep2026 23:37:32.480] [main/DEBUG] [mixin/]: moonlight-common.mixins.json:MapDataMixin from mod moonlight->@Inject::tickCarriedBy(Lnet/minecraft/world/entity/player/Player;Lnet/minecraft/world/item/ItemStack;Lorg/spongepowered/asm/mixin/injection/callback/CallbackInfo;)V won't be passed a CallbackInfo as a result
[25Sep2026 23:37:32.481] [main/DEBUG] [mixin/]: moonlight-common.mixins.json:MapDataMixin from mod moonlight->@Inject::load(Lnet/minecraft/nbt/CompoundTag;Lnet/minecraft/core/HolderLookup$Provider;Lorg/spongepowered/asm/mixin/injection/callback/CallbackInfoReturnable;)V does use it's CallbackInfoReturnable
[25Sep2026 23:37:32.481] [main/DEBUG] [mixin/]: moonlight-common.mixins.json:MapDataMixin from mod moonlight->@Inject::save(Lnet/minecraft/nbt/CompoundTag;Lnet/minecraft/core/HolderLookup$Provider;Lorg/spongepowered/asm/mixin/injection/callback/CallbackInfoReturnable;)V does use it's CallbackInfoReturnable
[25Sep2026 23:37:32.481] [main/DEBUG] [mixin/]: moonlight-common.mixins.json:MapDataMixin from mod moonlight->@Inject::checkCustomDeco(Lnet/minecraft/world/level/BlockGetter;IILorg/spongepowered/asm/mixin/injection/callback/CallbackInfo;)V doesn't use it's CallbackInfo
[25Sep2026 23:37:32.481] [main/DEBUG] [mixin/]: moonlight-common.mixins.json:MapDataMixin from mod moonlight->@Inject::checkCustomDeco(Lnet/minecraft/world/level/BlockGetter;IILorg/spongepowered/asm/mixin/injection/callback/CallbackInfo;)V has 0 override(s) in child classes
[25Sep2026 23:37:32.481] [main/DEBUG] [mixin/]: moonlight-common.mixins.json:MapDataMixin from mod moonlight->@Inject::checkCustomDeco(Lnet/minecraft/world/level/BlockGetter;IILorg/spongepowered/asm/mixin/injection/callback/CallbackInfo;)V won't be passed a CallbackInfo as a result
[25Sep2026 23:37:32.481] [main/DEBUG] [mixin/]: moonlight-common.mixins.json:MapDataMixin from mod moonlight->@Inject::initCustomData(IIBZZZLnet/minecraft/resources/ResourceKey;Lorg/spongepowered/asm/mixin/injection/callback/CallbackInfo;)V doesn't use it's CallbackInfo
[25Sep2026 23:37:32.481] [main/DEBUG] [mixin/]: moonlight-common.mixins.json:MapDataMixin from mod moonlight->@Inject::initCustomData(IIBZZZLnet/minecraft/resources/ResourceKey;Lorg/spongepowered/asm/mixin/injection/callback/CallbackInfo;)V has 0 override(s) in child classes
[25Sep2026 23:37:32.481] [main/DEBUG] [mixin/]: moonlight-common.mixins.json:MapDataMixin from mod moonlight->@Inject::initCustomData(IIBZZZLnet/minecraft/resources/ResourceKey;Lorg/spongepowered/asm/mixin/injection/callback/CallbackInfo;)V won't be passed a CallbackInfo as a result
[25Sep2026 23:37:34.284] [main/DEBUG] [mixin/]: Mixing PlaceStructureCommandMixin from moonlight-common.mixins.json into net.minecraft.server.commands.PlaceCommand
[25Sep2026 23:37:34.285] [main/DEBUG] [mixin/]: moonlight-common.mixins.json:PlaceStructureCommandMixin from mod moonlight: Class version 65 required is higher than the class version supported by the current version of Mixin (JAVA_17 supports class version 61)
[25Sep2026 23:37:34.293] [main/DEBUG] [mixin/]: moonlight-common.mixins.json:PlaceStructureCommandMixin from mod moonlight->@Inject::ml$addDebugRenderers(Lnet/minecraft/commands/CommandSourceStack;Lnet/minecraft/core/Holder$Reference;Lnet/minecraft/core/BlockPos;Lorg/spongepowered/asm/mixin/injection/callback/CallbackInfoReturnable;)V doesn't use it's CallbackInfoReturnable
[25Sep2026 23:37:34.446] [main/DEBUG] [mixin/]: Mixing TeleportCommandMixin from moonlight-common.mixins.json into net.minecraft.server.commands.TeleportCommand
[25Sep2026 23:37:34.447] [main/DEBUG] [mixin/]: moonlight-common.mixins.json:TeleportCommandMixin from mod moonlight: Class version 65 required is higher than the class version supported by the current version of Mixin (JAVA_17 supports class version 61)
[25Sep2026 23:37:35.132] [main/WARN] [net.minecraft.commands.Commands/]: Ambiguity between arguments [teleport, location] and [teleport, destination] with inputs: [0.1 -0.5 .9, 0 0 0]
[25Sep2026 23:37:35.138] [main/WARN] [net.minecraft.commands.Commands/]: Ambiguity between arguments [teleport, location] and [teleport, targets] with inputs: [0.1 -0.5 .9, 0 0 0]
[25Sep2026 23:37:35.151] [main/WARN] [net.minecraft.commands.Commands/]: Ambiguity between arguments [teleport, destination] and [teleport, targets] with inputs: [Player, 0123, @e, dd12be42-52a9-4a91-a8a1-11c01849e498]
[25Sep2026 23:37:35.156] [main/WARN] [net.minecraft.commands.Commands/]: Ambiguity between arguments [teleport, targets] and [teleport, destination] with inputs: [Player, 0123, dd12be42-52a9-4a91-a8a1-11c01849e498]
[25Sep2026 23:37:35.162] [main/WARN] [net.minecraft.commands.Commands/]: Ambiguity between arguments [teleport, targets, location] and [teleport, targets, destination] with inputs: [0.1 -0.5 .9, 0 0 0]
[25Sep2026 23:37:35.224] [Render thread/DEBUG] [mixin/]: Mixing workarounds.event_loop.RenderSystemMixin from embeddium.mixins.json into com.mojang.blaze3d.systems.RenderSystem
[25Sep2026 23:37:35.225] [Render thread/DEBUG] [mixin/]: embeddium.mixins.json:workarounds.event_loop.RenderSystemMixin from mod embeddium: Class version 65 required is higher than the class version supported by the current version of Mixin (JAVA_17 supports class version 61)
[25Sep2026 23:37:35.263] [Render thread/DEBUG] [mixin/]: Mixing features.render.immediate.buffer_builder.sorting.VertexSorterMixin from embeddium.mixins.json into com.mojang.blaze3d.vertex.VertexSorting
[25Sep2026 23:37:35.264] [Render thread/DEBUG] [mixin/]: embeddium.mixins.json:features.render.immediate.buffer_builder.sorting.VertexSorterMixin from mod embeddium: Class version 65 required is higher than the class version supported by the current version of Mixin (JAVA_17 supports class version 61)
[25Sep2026 23:37:35.348] [Render thread/DEBUG] [mixin/]: Mixing features.render.world.ClientLevelMixin from embeddium.mixins.json into net.minecraft.client.multiplayer.ClientLevel
[25Sep2026 23:37:35.349] [Render thread/DEBUG] [mixin/]: embeddium.mixins.json:features.render.world.ClientLevelMixin from mod embeddium: Class version 65 required is higher than the class version supported by the current version of Mixin (JAVA_17 supports class version 61)
[25Sep2026 23:37:35.351] [Render thread/DEBUG] [mixin/]: Renaming synthetic method lambda$new$0(Lnet/minecraft/world/level/biome/AmbientParticleSettings;)V to mdb288f6$embeddium$lambda$new$0$0 in embeddium.mixins.json:features.render.world.ClientLevelMixin from mod embeddium
[25Sep2026 23:37:35.365] [Render thread/DEBUG] [mixin/]: Mixing core.world.biome.ClientWorldMixin from embeddium.mixins.json into net.minecraft.client.multiplayer.ClientLevel
[25Sep2026 23:37:35.366] [Render thread/DEBUG] [mixin/]: embeddium.mixins.json:core.world.biome.ClientWorldMixin from mod embeddium: Class version 65 required is higher than the class version supported by the current version of Mixin (JAVA_17 supports class version 61)
[25Sep2026 23:37:35.368] [Render thread/DEBUG] [mixin/]: Mixing core.world.map.ClientWorldMixin from embeddium.mixins.json into net.minecraft.client.multiplayer.ClientLevel
[25Sep2026 23:37:35.368] [Render thread/DEBUG] [mixin/]: embeddium.mixins.json:core.world.map.ClientWorldMixin from mod embeddium: Class version 65 required is higher than the class version supported by the current version of Mixin (JAVA_17 supports class version 61)
[25Sep2026 23:37:35.376] [Render thread/DEBUG] [mixin/]: Mixing features.render.world.sky.ClientWorldMixin from embeddium.mixins.json into net.minecraft.client.multiplayer.ClientLevel
[25Sep2026 23:37:35.377] [Render thread/DEBUG] [mixin/]: embeddium.mixins.json:features.render.world.sky.ClientWorldMixin from mod embeddium: Class version 65 required is higher than the class version supported by the current version of Mixin (JAVA_17 supports class version 61)
[25Sep2026 23:37:35.378] [Render thread/DEBUG] [mixin/]: Renaming synthetic method lambda$redirectSampleColor$0(Lnet/minecraft/world/level/Level;III)I to mdb288f6$embeddium$lambda$redirectSampleColor$0$1 in embeddium.mixins.json:features.render.world.sky.ClientWorldMixin from mod embeddium
[25Sep2026 23:37:35.403] [Render thread/DEBUG] [mixin/]: embeddium.mixins.json:core.world.biome.ClientWorldMixin from mod embeddium->@Inject::captureSeed(Lnet/minecraft/client/multiplayer/ClientPacketListener;Lnet/minecraft/client/multiplayer/ClientLevel$ClientLevelData;Lnet/minecraft/resources/ResourceKey;Lnet/minecraft/core/Holder;IILjava/util/function/Supplier;Lnet/minecraft/client/renderer/LevelRenderer;ZJLorg/spongepowered/asm/mixin/injection/callback/CallbackInfo;)V doesn't use it's CallbackInfo
[25Sep2026 23:37:35.403] [Render thread/DEBUG] [mixin/]: embeddium.mixins.json:core.world.biome.ClientWorldMixin from mod embeddium->@Inject::captureSeed(Lnet/minecraft/client/multiplayer/ClientPacketListener;Lnet/minecraft/client/multiplayer/ClientLevel$ClientLevelData;Lnet/minecraft/resources/ResourceKey;Lnet/minecraft/core/Holder;IILjava/util/function/Supplier;Lnet/minecraft/client/renderer/LevelRenderer;ZJLorg/spongepowered/asm/mixin/injection/callback/CallbackInfo;)V has 0 override(s) in child classes
[25Sep2026 23:37:35.403] [Render thread/DEBUG] [mixin/]: embeddium.mixins.json:core.world.biome.ClientWorldMixin from mod embeddium->@Inject::captureSeed(Lnet/minecraft/client/multiplayer/ClientPacketListener;Lnet/minecraft/client/multiplayer/ClientLevel$ClientLevelData;Lnet/minecraft/resources/ResourceKey;Lnet/minecraft/core/Holder;IILjava/util/function/Supplier;Lnet/minecraft/client/renderer/LevelRenderer;ZJLorg/spongepowered/asm/mixin/injection/callback/CallbackInfo;)V won't be passed a CallbackInfo as a result
[25Sep2026 23:37:35.404] [Render thread/DEBUG] [mixin/]: embeddium.mixins.json:core.world.map.ClientWorldMixin from mod embeddium->@Inject::markLoaded(Lnet/minecraft/world/level/ChunkPos;Lorg/spongepowered/asm/mixin/injection/callback/CallbackInfo;)V doesn't use it's CallbackInfo
[25Sep2026 23:37:35.404] [Render thread/DEBUG] [mixin/]: embeddium.mixins.json:core.world.map.ClientWorldMixin from mod embeddium->@Inject::markLoaded(Lnet/minecraft/world/level/ChunkPos;Lorg/spongepowered/asm/mixin/injection/callback/CallbackInfo;)V has 0 override(s) in child classes
[25Sep2026 23:37:35.409] [Render thread/DEBUG] [mixin/]: embeddium.mixins.json:core.world.map.ClientWorldMixin from mod embeddium->@Inject::markLoaded(Lnet/minecraft/world/level/ChunkPos;Lorg/spongepowered/asm/mixin/injection/callback/CallbackInfo;)V won't be passed a CallbackInfo as a result
[25Sep2026 23:37:35.410] [Render thread/DEBUG] [mixin/]: embeddium.mixins.json:core.world.map.ClientWorldMixin from mod embeddium->@Inject::markUnloaded(Lnet/minecraft/world/level/chunk/LevelChunk;Lorg/spongepowered/asm/mixin/injection/callback/CallbackInfo;)V doesn't use it's CallbackInfo
[25Sep2026 23:37:35.410] [Render thread/DEBUG] [mixin/]: embeddium.mixins.json:core.world.map.ClientWorldMixin from mod embeddium->@Inject::markUnloaded(Lnet/minecraft/world/level/chunk/LevelChunk;Lorg/spongepowered/asm/mixin/injection/callback/CallbackInfo;)V has 0 override(s) in child classes
[25Sep2026 23:37:35.410] [Render thread/DEBUG] [mixin/]: embeddium.mixins.json:core.world.map.ClientWorldMixin from mod embeddium->@Inject::markUnloaded(Lnet/minecraft/world/level/chunk/LevelChunk;Lorg/spongepowered/asm/mixin/injection/callback/CallbackInfo;)V won't be passed a CallbackInfo as a result
[25Sep2026 23:37:35.483] [Render thread/DEBUG] [mixin/]: Mixing LocalPlayerMixin from irons_lib.mixins.json into net.minecraft.client.player.LocalPlayer
[25Sep2026 23:37:35.486] [Render thread/DEBUG] [mixin/]: Mixing MixinLocalPlayer from caelus.mixins.json into net.minecraft.client.player.LocalPlayer
[25Sep2026 23:37:35.486] [Render thread/DEBUG] [mixin/]: caelus.mixins.json:MixinLocalPlayer from mod caelus: Class version 65 required is higher than the class version supported by the current version of Mixin (JAVA_17 supports class version 61)
[25Sep2026 23:37:35.504] [Render thread/DEBUG] [mixin/]: caelus.mixins.json:MixinLocalPlayer from mod caelus->@Inject::caelus$checkFlight(Lorg/spongepowered/asm/mixin/injection/callback/CallbackInfo;)V doesn't use it's CallbackInfo
[25Sep2026 23:37:35.504] [Render thread/DEBUG] [mixin/]: caelus.mixins.json:MixinLocalPlayer from mod caelus->@Inject::caelus$checkFlight(Lorg/spongepowered/asm/mixin/injection/callback/CallbackInfo;)V has 0 override(s) in child classes
[25Sep2026 23:37:35.504] [Render thread/DEBUG] [mixin/]: caelus.mixins.json:MixinLocalPlayer from mod caelus->@Inject::caelus$checkFlight(Lorg/spongepowered/asm/mixin/injection/callback/CallbackInfo;)V won't be passed a CallbackInfo as a result
[25Sep2026 23:37:35.516] [Render thread/DEBUG] [mixin/]: Mixing AbstractClientPlayerMixin from irons_artifice.mixins.json into net.minecraft.client.player.AbstractClientPlayer
[25Sep2026 23:37:35.522] [Render thread/DEBUG] [mixin/]: irons_artifice.mixins.json:AbstractClientPlayerMixin from mod irons_artifice->@Inject::irons_artifice$handleScopingFov(Lorg/spongepowered/asm/mixin/injection/callback/CallbackInfoReturnable;)V does use it's CallbackInfoReturnable
[25Sep2026 23:37:35.563] [Render thread/DEBUG] [mixin/]: Mixing features.gui.screen.LevelLoadingScreenMixin from embeddium.mixins.json into net.minecraft.client.gui.screens.LevelLoadingScreen
[25Sep2026 23:37:35.564] [Render thread/DEBUG] [mixin/]: embeddium.mixins.json:features.gui.screen.LevelLoadingScreenMixin from mod embeddium: Class version 65 required is higher than the class version supported by the current version of Mixin (JAVA_17 supports class version 61)
[25Sep2026 23:37:35.565] [Render thread/DEBUG] [mixin/]: Renaming synthetic method lambda$renderChunks$0(Lit/unimi/dsi/fastutil/objects/Object2IntMap$Entry;)V to mdb288f6$embeddium$lambda$renderChunks$0$0 in embeddium.mixins.json:features.gui.screen.LevelLoadingScreenMixin from mod embeddium
[25Sep2026 23:37:35.707] [Render thread/DEBUG] [mixin/]: Mixing ConditionHackMixin from moonlight.mixins.json into net.minecraft.server.packs.resources.SimplePreparableReloadListener
[25Sep2026 23:37:35.708] [Render thread/DEBUG] [mixin/]: moonlight.mixins.json:ConditionHackMixin from mod moonlight: Class version 65 required is higher than the class version supported by the current version of Mixin (JAVA_17 supports class version 61)
[25Sep2026 23:37:35.726] [Render thread/DEBUG] [mixin/]: moonlight.mixins.json:ConditionHackMixin from mod moonlight->@Inject::applyResourceConditions(Lnet/minecraft/server/packs/resources/ResourceManager;Lnet/minecraft/util/profiling/ProfilerFiller;Ljava/lang/Object;Lorg/spongepowered/asm/mixin/injection/callback/CallbackInfo;)V doesn't use it's CallbackInfo
[25Sep2026 23:37:35.726] [Render thread/DEBUG] [mixin/]: moonlight.mixins.json:ConditionHackMixin from mod moonlight->@Inject::applyResourceConditions(Lnet/minecraft/server/packs/resources/ResourceManager;Lnet/minecraft/util/profiling/ProfilerFiller;Ljava/lang/Object;Lorg/spongepowered/asm/mixin/injection/callback/CallbackInfo;)V has 0 override(s) in child classes
[25Sep2026 23:37:35.727] [Render thread/DEBUG] [mixin/]: moonlight.mixins.json:ConditionHackMixin from mod moonlight->@Inject::applyResourceConditions(Lnet/minecraft/server/packs/resources/ResourceManager;Lnet/minecraft/util/profiling/ProfilerFiller;Ljava/lang/Object;Lorg/spongepowered/asm/mixin/injection/callback/CallbackInfo;)V won't be passed a CallbackInfo as a result
[25Sep2026 23:37:35.729] [Render thread/DEBUG] [mixin/]: Mixing ContextAwareReloadListenerAccessor from moonlight.mixins.json into net.neoforged.neoforge.resource.ContextAwareReloadListener
[25Sep2026 23:37:35.730] [Render thread/DEBUG] [mixin/]: moonlight.mixins.json:ContextAwareReloadListenerAccessor from mod moonlight: Class version 65 required is higher than the class version supported by the current version of Mixin (JAVA_17 supports class version 61)
[25Sep2026 23:37:36.063] [Render thread/WARN] [net.minecraft.server.packs.VanillaPackResourcesBuilder/]: Assets URL 'union:/D:/Hazens%20InteliJ/HAHA-1.21.1/build/moddev/artifacts/neoforge-21.1.224.jar%23189!/assets/.mcassetsroot' uses unexpected schema
[25Sep2026 23:37:36.064] [Render thread/WARN] [net.minecraft.server.packs.VanillaPackResourcesBuilder/]: Assets URL 'union:/D:/Hazens%20InteliJ/HAHA-1.21.1/build/moddev/artifacts/neoforge-21.1.224.jar%23189!/data/.mcassetsroot' uses unexpected schema
[25Sep2026 23:37:36.200] [Render thread/INFO] [com.mojang.authlib.yggdrasil.YggdrasilAuthenticationService/]: Environment: Environment[sessionHost=https://sessionserver.mojang.com, servicesHost=https://api.minecraftservices.com, name=PROD]
[25Sep2026 23:37:36.262] [Render thread/INFO] [net.minecraft.client.Minecraft/]: Setting user: Dev
[25Sep2026 23:37:36.740] [Render thread/INFO] [net.minecraft.client.Minecraft/]: Backend library: LWJGL version 3.3.3+5
[25Sep2026 23:37:36.743] [Render thread/DEBUG] [mixin/]: Mixing workarounds.context_creation.WindowMixin from embeddium.mixins.json into com.mojang.blaze3d.platform.Window
[25Sep2026 23:37:36.743] [Render thread/DEBUG] [mixin/]: embeddium.mixins.json:workarounds.context_creation.WindowMixin from mod embeddium: Class version 65 required is higher than the class version supported by the current version of Mixin (JAVA_17 supports class version 61)
[25Sep2026 23:37:36.960] [Render thread/DEBUG] [mixin/]: embeddium.mixins.json:workarounds.context_creation.WindowMixin from mod embeddium->@Inject::preSwapBuffers(Lorg/spongepowered/asm/mixin/injection/callback/CallbackInfo;)V doesn't use it's CallbackInfo
[25Sep2026 23:37:37.891] [Render thread/INFO] [Embeddium-PostlaunchChecks/]: OpenGL Vendor: Intel
[25Sep2026 23:37:37.892] [Render thread/INFO] [Embeddium-PostlaunchChecks/]: OpenGL Renderer: Intel(R) Iris(R) Plus Graphics
[25Sep2026 23:37:37.893] [Render thread/INFO] [Embeddium-PostlaunchChecks/]: OpenGL Version: 4.6.0 - Build 31.0.101.2130
[25Sep2026 23:37:39.576] [Render thread/DEBUG] [mixin/]: Mixing features.textures.NativeImageAccessor from embeddium.mixins.json into com.mojang.blaze3d.platform.NativeImage
[25Sep2026 23:37:39.578] [Render thread/DEBUG] [mixin/]: embeddium.mixins.json:features.textures.NativeImageAccessor from mod embeddium: Class version 65 required is higher than the class version supported by the current version of Mixin (JAVA_17 supports class version 61)
[25Sep2026 23:37:40.587] [Render thread/DEBUG] [mixin/]: Mixing ReloadableClientResourcesMixin from moonlight-common.mixins.json into net.minecraft.server.packs.resources.ReloadableResourceManager
[25Sep2026 23:37:40.614] [Render thread/DEBUG] [mixin/]: moonlight-common.mixins.json:ReloadableClientResourcesMixin from mod moonlight: Class version 65 required is higher than the class version supported by the current version of Mixin (JAVA_17 supports class version 61)
[25Sep2026 23:37:40.616] [Render thread/DEBUG] [mixin/]: Renaming synthetic method lambda$moonlight$clientDynamicPackEarlyReload$0(Lcom/llamalad7/mixinextras/injector/wrapoperation/Operation;Lnet/minecraft/server/packs/resources/ResourceManager;Ljava/util/List;Ljava/util/concurrent/Executor;Ljava/util/concurrent/Executor;Ljava/util/concurrent/CompletableFuture;Z)Lnet/minecraft/server/packs/resources/ReloadInstance; to mdb288f6$moonlight$lambda$moonlight$clientDynamicPackEarlyReload$0$0 in moonlight-common.mixins.json:ReloadableClientResourcesMixin from mod moonlight
[25Sep2026 23:37:41.163] [Render thread/DEBUG] [net.neoforged.fml.ModWorkManager/LOADING]: Using 8 threads for parallel mod-loading
[25Sep2026 23:37:41.260] [Render thread/DEBUG] [net.neoforged.fml.javafmlmod.FMLModContainer/LOADING]: Creating FMLModContainer instance for [io.redspace.ironsspellbooks.IronsSpellbooks]
[25Sep2026 23:37:41.274] [Render thread/DEBUG] [net.neoforged.fml.javafmlmod.FMLModContainer/LOADING]: Creating FMLModContainer instance for [net.acetheeldritchking.aces_spell_utils.AcesSpellUtils, net.acetheeldritchking.aces_spell_utils.events.AcesSpellUtilsClient]
[25Sep2026 23:37:41.279] [Render thread/DEBUG] [net.neoforged.fml.javafmlmod.FMLModContainer/LOADING]: Creating FMLModContainer instance for [net.mehvahdjukaar.moonlight.neoforge.MoonlightForge]
[25Sep2026 23:37:41.283] [Render thread/DEBUG] [net.neoforged.fml.javafmlmod.FMLModContainer/LOADING]: Creating FMLModContainer instance for [snownee.jade.util.CommonProxy]
[25Sep2026 23:37:41.291] [Render thread/DEBUG] [net.neoforged.fml.javafmlmod.FMLModContainer/LOADING]: Creating FMLModContainer instance for [software.bernie.geckolib.GeckoLib]
[25Sep2026 23:37:41.293] [Render thread/DEBUG] [net.neoforged.fml.javafmlmod.FMLModContainer/LOADING]: Creating FMLModContainer instance for [dev.kosmx.playerAnim.forge.ForgeClientEvent]
[25Sep2026 23:37:41.295] [Render thread/DEBUG] [net.neoforged.fml.javafmlmod.FMLModContainer/LOADING]: Creating FMLModContainer instance for [mezz.jei.neoforge.JustEnoughItems]
[25Sep2026 23:37:41.297] [Render thread/DEBUG] [net.neoforged.fml.javafmlmod.FMLModContainer/LOADING]: Creating FMLModContainer instance for [io.redspace.ironslib.IronsLib]
[25Sep2026 23:37:41.301] [Render thread/DEBUG] [net.neoforged.fml.javafmlmod.FMLModContainer/LOADING]: Creating FMLModContainer instance for [mod.azure.azurelib.neoforge.NeoForgeAzureLibMod]
[25Sep2026 23:37:41.303] [Render thread/DEBUG] [net.neoforged.fml.javafmlmod.FMLModContainer/LOADING]: Creating FMLModContainer instance for [com.illusivesoulworks.caelus.CaelusNeoForgeMod]
[25Sep2026 23:37:41.306] [Render thread/DEBUG] [net.neoforged.fml.javafmlmod.FMLModContainer/LOADING]: Creating FMLModContainer instance for [net.mehvahdjukaar.dummmmmmy.neoforge.DummmmmmyForge]
[25Sep2026 23:37:41.308] [Render thread/DEBUG] [net.neoforged.fml.javafmlmod.FMLModContainer/LOADING]: Creating FMLModContainer instance for [top.theillusivec4.curios.Curios]
[25Sep2026 23:37:41.312] [Render thread/DEBUG] [net.neoforged.fml.javafmlmod.FMLModContainer/LOADING]: Creating FMLModContainer instance for [org.embeddedt.embeddium.impl.Embeddium]
[25Sep2026 23:37:41.314] [Render thread/DEBUG] [net.neoforged.fml.javafmlmod.FMLModContainer/LOADING]: Creating FMLModContainer instance for [net.hazen.hazentouvelib.HazentouveLib]
[25Sep2026 23:37:41.318] [Render thread/DEBUG] [net.neoforged.fml.javafmlmod.FMLModContainer/LOADING]: Creating FMLModContainer instance for [net.neoforged.neoforge.common.NeoForgeMod, net.neoforged.neoforge.client.ClientNeoForgeMod]
[25Sep2026 23:37:41.331] [Render thread/DEBUG] [net.neoforged.fml.javafmlmod.FMLModContainer/LOADING]: Creating FMLModContainer instance for [io.redspace.irons_artifice.IronsArtifice, io.redspace.irons_artifice.IronsArtificeClient]
[25Sep2026 23:37:41.336] [Render thread/DEBUG] [net.neoforged.fml.javafmlmod.FMLModContainer/LOADING]: Creating FMLModContainer instance for [net.hazen.hazens_archaic_hexerei_armaments.HazensArchaicHexereiArmaments, net.hazen.hazens_archaic_hexerei_armaments.HAHAClient]
[25Sep2026 23:37:41.478] [modloading-worker-0/DEBUG] [net.neoforged.fml.javafmlmod.AutomaticEventSubscriber/LOADING]: Attempting to inject @EventBusSubscriber classes into the eventbus for playeranimator
[25Sep2026 23:37:41.499] [modloading-worker-0/DEBUG] [GeckoLib/]: Loaded software.bernie.geckolib.platform.GeckoLibNeoForge@3e25438e for service interface software.bernie.geckolib.service.GeckoLibPlatform
[25Sep2026 23:37:41.499] [modloading-worker-0/DEBUG] [GeckoLib/]: Loaded software.bernie.geckolib.network.GeckoLibNetworkingNeoForge@7087592a for service interface software.bernie.geckolib.service.GeckoLibNetworking
[25Sep2026 23:37:41.564] [modloading-worker-0/DEBUG] [net.neoforged.fml.javafmlmod.AutomaticEventSubscriber/LOADING]: Attempting to inject @EventBusSubscriber classes into the eventbus for geckolib
[25Sep2026 23:37:41.573] [modloading-worker-0/DEBUG] [mixin/]: Mixing MixinCaelusApi from caelus.mixins.json into com.illusivesoulworks.caelus.api.CaelusApi
[25Sep2026 23:37:41.574] [modloading-worker-0/DEBUG] [mixin/]: caelus.mixins.json:MixinCaelusApi from mod caelus: Class version 65 required is higher than the class version supported by the current version of Mixin (JAVA_17 supports class version 61)
[25Sep2026 23:37:41.589] [modloading-worker-0/DEBUG] [mixin/]: caelus.mixins.json:MixinCaelusApi from mod caelus->@Inject::caelus$getInstance(Lorg/spongepowered/asm/mixin/injection/callback/CallbackInfoReturnable;)V does use it's CallbackInfoReturnable
[25Sep2026 23:37:41.617] [modloading-worker-0/DEBUG] [Caelus API/]: Loaded com.illusivesoulworks.caelus.platform.services.CaelusNeoForgeRegistry@6cc91809 for service interface com.illusivesoulworks.caelus.platform.services.IRegistryFactory
[25Sep2026 23:37:41.621] [modloading-worker-0/DEBUG] [net.neoforged.fml.config.ConfigTracker/CONFIG]: Config file jei-server.toml for jei tracking
[25Sep2026 23:37:41.623] [modloading-worker-0/DEBUG] [Caelus API/]: Loaded com.illusivesoulworks.caelus.platform.services.CaelusNeoForge@2d82279e for service interface com.illusivesoulworks.caelus.platform.services.ICaelusPlatform
[25Sep2026 23:37:41.650] [modloading-worker-0/DEBUG] [net.neoforged.fml.javafmlmod.AutomaticEventSubscriber/LOADING]: Attempting to inject @EventBusSubscriber classes into the eventbus for caelus
[25Sep2026 23:37:41.677] [modloading-worker-0/DEBUG] [net.neoforged.fml.javafmlmod.AutomaticEventSubscriber/LOADING]: Attempting to inject @EventBusSubscriber classes into the eventbus for jade
[25Sep2026 23:37:41.696] [modloading-worker-0/DEBUG] [net.neoforged.fml.javafmlmod.AutomaticEventSubscriber/LOADING]: Attempting to inject @EventBusSubscriber classes into the eventbus for irons_lib
[25Sep2026 23:37:41.696] [modloading-worker-0/DEBUG] [net.neoforged.fml.javafmlmod.AutomaticEventSubscriber/LOADING]: Scanning class io.redspace.ironslib.soulfire.SoulFireHooks for @SubscribeEvent-annotated methods
[25Sep2026 23:37:41.710] [modloading-worker-0/DEBUG] [net.neoforged.fml.javafmlmod.AutomaticEventSubscriber/]: Subscribing @EventBusSubscriber class Lio/redspace/ironslib/soulfire/SoulFireHooks; to the game event bus
[25Sep2026 23:37:41.745] [modloading-worker-0/DEBUG] [net.neoforged.fml.javafmlmod.AutomaticEventSubscriber/LOADING]: Scanning class io.redspace.ironslib.registry.IronsLibRegistries$AttributeRegistry for @SubscribeEvent-annotated methods
[25Sep2026 23:37:41.746] [modloading-worker-0/DEBUG] [net.neoforged.fml.javafmlmod.AutomaticEventSubscriber/]: Subscribing @EventBusSubscriber class Lio/redspace/ironslib/registry/IronsLibRegistries$AttributeRegistry; to the mod event bus of mod irons_lib
[25Sep2026 23:37:41.750] [modloading-worker-0/DEBUG] [net.neoforged.fml.javafmlmod.AutomaticEventSubscriber/LOADING]: Scanning class io.redspace.ironslib.kinetic_weapon.KineticWeaponHandler for @SubscribeEvent-annotated methods
[25Sep2026 23:37:41.773] [modloading-worker-0/DEBUG] [net.neoforged.fml.javafmlmod.AutomaticEventSubscriber/]: Subscribing @EventBusSubscriber class Lio/redspace/ironslib/kinetic_weapon/KineticWeaponHandler; to the game event bus
[25Sep2026 23:37:41.781] [modloading-worker-0/DEBUG] [net.neoforged.fml.javafmlmod.AutomaticEventSubscriber/LOADING]: Scanning class io.redspace.ironslib.internal.registry.CommandHandler for @SubscribeEvent-annotated methods
[25Sep2026 23:37:41.796] [modloading-worker-0/DEBUG] [net.neoforged.fml.config.ConfigTracker/CONFIG]: Config file curios-client.toml for curios tracking
[25Sep2026 23:37:41.796] [modloading-worker-0/DEBUG] [net.neoforged.fml.javafmlmod.AutomaticEventSubscriber/]: Subscribing @EventBusSubscriber class Lio/redspace/ironslib/internal/registry/CommandHandler; to the game event bus
[25Sep2026 23:37:41.798] [modloading-worker-0/DEBUG] [net.neoforged.fml.javafmlmod.AutomaticEventSubscriber/LOADING]: Scanning class io.redspace.ironslib.internal.network.PayloadHandler for @SubscribeEvent-annotated methods
[25Sep2026 23:37:41.802] [modloading-worker-0/DEBUG] [net.neoforged.fml.javafmlmod.AutomaticEventSubscriber/]: Subscribing @EventBusSubscriber class Lio/redspace/ironslib/internal/network/PayloadHandler; to the mod event bus of mod irons_lib
[25Sep2026 23:37:41.805] [modloading-worker-0/DEBUG] [net.neoforged.fml.javafmlmod.AutomaticEventSubscriber/LOADING]: Scanning class io.redspace.ironslib.internal.client.ClientSetup for @SubscribeEvent-annotated methods
[25Sep2026 23:37:41.821] [modloading-worker-0/DEBUG] [net.neoforged.fml.config.ConfigTracker/CONFIG]: Config file curios-common.toml for curios tracking
[25Sep2026 23:37:41.822] [modloading-worker-0/DEBUG] [net.neoforged.fml.config.ConfigTracker/CONFIG]: Config file curios-server.toml for curios tracking
[25Sep2026 23:37:41.822] [modloading-worker-0/DEBUG] [net.neoforged.fml.javafmlmod.AutomaticEventSubscriber/LOADING]: Attempting to inject @EventBusSubscriber classes into the eventbus for curios
[25Sep2026 23:37:41.822] [modloading-worker-0/DEBUG] [net.neoforged.fml.javafmlmod.AutomaticEventSubscriber/LOADING]: Scanning class top.theillusivec4.curios.Curios$ClientProxy for @SubscribeEvent-annotated methods
[25Sep2026 23:37:41.825] [modloading-worker-0/DEBUG] [net.neoforged.fml.javafmlmod.AutomaticEventSubscriber/]: Subscribing @EventBusSubscriber class Lio/redspace/ironslib/internal/client/ClientSetup; to the mod event bus of mod irons_lib
[25Sep2026 23:37:41.832] [modloading-worker-0/DEBUG] [net.neoforged.fml.javafmlmod.AutomaticEventSubscriber/LOADING]: Scanning class io.redspace.ironslib.internal.client.ClientInputEvents for @SubscribeEvent-annotated methods
[25Sep2026 23:37:41.832] [modloading-worker-0/DEBUG] [net.neoforged.fml.config.ConfigTracker/CONFIG]: Config file moonlight-common.toml for moonlight tracking
[25Sep2026 23:37:41.832] [modloading-worker-0/DEBUG] [mixin/]: Mixing FeatureRendererMixin from playerAnimator-common.mixins.json into net.minecraft.client.renderer.entity.layers.RenderLayer
[25Sep2026 23:37:41.840] [modloading-worker-0/DEBUG] [mixin/]: playerAnimator-common.mixins.json:FeatureRendererMixin from mod playeranimator->@Inject::init(Lnet/minecraft/client/renderer/entity/RenderLayerParent;Lorg/spongepowered/asm/mixin/injection/callback/CallbackInfo;)V doesn't use it's CallbackInfo
[25Sep2026 23:37:41.840] [modloading-worker-0/DEBUG] [mixin/]: playerAnimator-common.mixins.json:FeatureRendererMixin from mod playeranimator->@Inject::init(Lnet/minecraft/client/renderer/entity/RenderLayerParent;Lorg/spongepowered/asm/mixin/injection/callback/CallbackInfo;)V has 0 override(s) in child classes
[25Sep2026 23:37:41.840] [modloading-worker-0/DEBUG] [mixin/]: playerAnimator-common.mixins.json:FeatureRendererMixin from mod playeranimator->@Inject::init(Lnet/minecraft/client/renderer/entity/RenderLayerParent;Lorg/spongepowered/asm/mixin/injection/callback/CallbackInfo;)V won't be passed a CallbackInfo as a result
[25Sep2026 23:37:41.848] [modloading-worker-0/DEBUG] [net.neoforged.fml.javafmlmod.AutomaticEventSubscriber/]: Subscribing @EventBusSubscriber class Lio/redspace/ironslib/internal/client/ClientInputEvents; to the game event bus
[25Sep2026 23:37:41.851] [modloading-worker-0/DEBUG] [net.neoforged.fml.javafmlmod.AutomaticEventSubscriber/LOADING]: Scanning class io.redspace.ironslib.internal.client.ClientEvents for @SubscribeEvent-annotated methods
[25Sep2026 23:37:41.855] [modloading-worker-0/DEBUG] [net.neoforged.fml.javafmlmod.AutomaticEventSubscriber/]: Subscribing @EventBusSubscriber class Lio/redspace/ironslib/internal/client/ClientEvents; to the game event bus
[25Sep2026 23:37:41.856] [modloading-worker-0/DEBUG] [net.neoforged.fml.javafmlmod.AutomaticEventSubscriber/]: Subscribing @EventBusSubscriber class Ltop/theillusivec4/curios/Curios$ClientProxy; to the mod event bus of mod curios
[25Sep2026 23:37:41.860] [modloading-worker-0/DEBUG] [net.neoforged.fml.javafmlmod.AutomaticEventSubscriber/LOADING]: Scanning class io.redspace.ironslib.attribute.AttributeEventsHandler for @SubscribeEvent-annotated methods
[25Sep2026 23:37:41.874] [modloading-worker-0/DEBUG] [net.neoforged.fml.javafmlmod.AutomaticEventSubscriber/]: Subscribing @EventBusSubscriber class Lio/redspace/ironslib/attribute/AttributeEventsHandler; to the game event bus
[25Sep2026 23:37:41.897] [modloading-worker-0/DEBUG] [azurelib/IO]: Attached new value listener method 'onUpdate' for config value stringArray
[25Sep2026 23:37:41.900] [modloading-worker-0/DEBUG] [azurelib/IO]: Attached new value listener method 'onUpdate' for config value testInt
[25Sep2026 23:37:41.922] [modloading-worker-0/DEBUG] [azurelib/IO]: Starting processing of config azurelib
[25Sep2026 23:37:41.925] [modloading-worker-0/DEBUG] [azurelib/IO]: Reading config azurelib
[25Sep2026 23:37:41.962] [modloading-worker-0/DEBUG] [net.neoforged.fml.javafmlmod.AutomaticEventSubscriber/LOADING]: Attempting to inject @EventBusSubscriber classes into the eventbus for embeddium
[25Sep2026 23:37:41.962] [modloading-worker-0/DEBUG] [net.neoforged.fml.javafmlmod.AutomaticEventSubscriber/LOADING]: Scanning class org.embeddedt.embeddium.compat.ccl.CCLCompatBootstrap for @SubscribeEvent-annotated methods
[25Sep2026 23:37:41.967] [modloading-worker-0/DEBUG] [net.neoforged.fml.javafmlmod.AutomaticEventSubscriber/]: Subscribing @EventBusSubscriber class Lorg/embeddedt/embeddium/compat/ccl/CCLCompatBootstrap; to the mod event bus of mod embeddium
[25Sep2026 23:37:41.970] [modloading-worker-0/DEBUG] [net.neoforged.fml.javafmlmod.AutomaticEventSubscriber/LOADING]: Scanning class org.embeddedt.embeddium.impl.chunk.AddSectionGeometryHandler for @SubscribeEvent-annotated methods
[25Sep2026 23:37:41.979] [modloading-worker-0/DEBUG] [mixin/]: Mixing core.render.MatrixStackMixin from embeddium.mixins.json into com.mojang.blaze3d.vertex.PoseStack
[25Sep2026 23:37:41.979] [modloading-worker-0/DEBUG] [mixin/]: embeddium.mixins.json:core.render.MatrixStackMixin from mod embeddium: Class version 65 required is higher than the class version supported by the current version of Mixin (JAVA_17 supports class version 61)
[25Sep2026 23:37:42.001] [modloading-worker-0/INFO] [Moonlight/]: Detected config change in moonlight-common.toml, from neoforge config event
[25Sep2026 23:37:42.003] [modloading-worker-0/DEBUG] [azurelib/IO]: Writing config azurelib
[25Sep2026 23:37:42.013] [modloading-worker-0/DEBUG] [azurelib/IO]: Processing of config azurelib has finished
[25Sep2026 23:37:42.015] [modloading-worker-0/INFO] [azurelib/FileWatching]: Registered azurelib config for auto-sync function
[25Sep2026 23:37:42.023] [modloading-worker-0/DEBUG] [net.neoforged.fml.javafmlmod.AutomaticEventSubscriber/LOADING]: Attempting to inject @EventBusSubscriber classes into the eventbus for azurelib
[25Sep2026 23:37:42.024] [modloading-worker-0/DEBUG] [net.neoforged.fml.javafmlmod.AutomaticEventSubscriber/LOADING]: Scanning class mod.azure.azurelib.neoforge.ClientModListener for @SubscribeEvent-annotated methods
[25Sep2026 23:37:42.032] [modloading-worker-0/DEBUG] [net.neoforged.fml.javafmlmod.AutomaticEventSubscriber/]: Subscribing @EventBusSubscriber class Lmod/azure/azurelib/neoforge/ClientModListener; to the mod event bus of mod azurelib
[25Sep2026 23:37:42.041] [modloading-worker-0/DEBUG] [net.neoforged.fml.javafmlmod.AutomaticEventSubscriber/]: Subscribing @EventBusSubscriber class Lorg/embeddedt/embeddium/impl/chunk/AddSectionGeometryHandler; to the game event bus
[25Sep2026 23:37:42.045] [modloading-worker-0/DEBUG] [net.neoforged.fml.javafmlmod.AutomaticEventSubscriber/LOADING]: Scanning class org.embeddedt.embeddium.impl.render.frapi.SpriteFinderCache for @SubscribeEvent-annotated methods
[25Sep2026 23:37:42.051] [modloading-worker-0/DEBUG] [mezz.jei.common.platform.Services/]: Loaded mezz.jei.neoforge.platform.PlatformHelper@24d1e684 for service interface mezz.jei.common.platform.IPlatformHelper
[25Sep2026 23:37:42.053] [modloading-worker-0/DEBUG] [mixin/]: Mixing features.textures.animations.tracking.SpriteMixin from embeddium.mixins.json into net.minecraft.client.renderer.texture.TextureAtlasSprite
[25Sep2026 23:37:42.054] [modloading-worker-0/DEBUG] [mixin/]: embeddium.mixins.json:features.textures.animations.tracking.SpriteMixin from mod embeddium: Class version 65 required is higher than the class version supported by the current version of Mixin (JAVA_17 supports class version 61)
[25Sep2026 23:37:42.075] [modloading-worker-0/DEBUG] [net.neoforged.fml.javafmlmod.AutomaticEventSubscriber/]: Subscribing @EventBusSubscriber class Lorg/embeddedt/embeddium/impl/render/frapi/SpriteFinderCache; to the mod event bus of mod embeddium
[25Sep2026 23:37:42.138] [modloading-worker-0/DEBUG] [net.neoforged.fml.config.ConfigTracker/CONFIG]: Config file dummmmmmy-client.toml for dummmmmmy tracking
[25Sep2026 23:37:42.197] [modloading-worker-0/DEBUG] [mezz.jei.common.config.file.ConfigSerializer/]: Loading config file: D:\Hazens InteliJ\HAHA-1.21.1\run\config\jei\jei-debug.ini
[25Sep2026 23:37:42.204] [modloading-worker-0/DEBUG] [net.neoforged.fml.javafmlmod.AutomaticEventSubscriber/LOADING]: Attempting to inject @EventBusSubscriber classes into the eventbus for hazentouvelib
[25Sep2026 23:37:42.205] [modloading-worker-0/DEBUG] [net.neoforged.fml.javafmlmod.AutomaticEventSubscriber/LOADING]: Scanning class net.hazen.hazentouvelib.HazentouveLib$ClientModEvents for @SubscribeEvent-annotated methods
[25Sep2026 23:37:42.206] [modloading-worker-0/DEBUG] [net.neoforged.fml.javafmlmod.AutomaticEventSubscriber/]: Subscribing @EventBusSubscriber class Lnet/hazen/hazentouvelib/HazentouveLib$ClientModEvents; to the mod event bus of mod hazentouvelib
[25Sep2026 23:37:42.208] [modloading-worker-0/DEBUG] [net.neoforged.fml.config.ConfigTracker/CONFIG]: Config file dummmmmmy-common.toml for dummmmmmy tracking
[25Sep2026 23:37:42.230] [modloading-worker-0/DEBUG] [net.neoforged.fml.javafmlmod.AutomaticEventSubscriber/LOADING]: Scanning class net.hazen.hazentouvelib.Spells.HLDamageSources for @SubscribeEvent-annotated methods
[25Sep2026 23:37:42.233] [modloading-worker-0/DEBUG] [net.neoforged.fml.javafmlmod.AutomaticEventSubscriber/]: Subscribing @EventBusSubscriber class Lnet/hazen/hazentouvelib/Spells/HLDamageSources; to the game event bus
[25Sep2026 23:37:42.236] [modloading-worker-0/DEBUG] [net.neoforged.fml.javafmlmod.AutomaticEventSubscriber/LOADING]: Scanning class net.hazen.hazentouvelib.Setup.HnSClientSetup for @SubscribeEvent-annotated methods
[25Sep2026 23:37:42.239] [modloading-worker-0/DEBUG] [net.neoforged.fml.javafmlmod.AutomaticEventSubscriber/]: Subscribing @EventBusSubscriber class Lnet/hazen/hazentouvelib/Setup/HnSClientSetup; to the mod event bus of mod hazentouvelib
[25Sep2026 23:37:42.248] [modloading-worker-0/DEBUG] [net.neoforged.fml.javafmlmod.AutomaticEventSubscriber/LOADING]: Scanning class net.hazen.hazentouvelib.Setup.HLServerEvents for @SubscribeEvent-annotated methods
[25Sep2026 23:37:42.256] [modloading-worker-0/DEBUG] [net.neoforged.fml.javafmlmod.AutomaticEventSubscriber/]: Subscribing @EventBusSubscriber class Lnet/hazen/hazentouvelib/Setup/HLServerEvents; to the game event bus
[25Sep2026 23:37:42.261] [modloading-worker-0/DEBUG] [net.neoforged.fml.javafmlmod.AutomaticEventSubscriber/LOADING]: Scanning class net.hazen.hazentouvelib.Setup.HLPayloadHandler for @SubscribeEvent-annotated methods
[25Sep2026 23:37:42.272] [modloading-worker-0/DEBUG] [net.neoforged.fml.javafmlmod.AutomaticEventSubscriber/]: Subscribing @EventBusSubscriber class Lnet/hazen/hazentouvelib/Setup/HLPayloadHandler; to the mod event bus of mod hazentouvelib
[25Sep2026 23:37:42.274] [modloading-worker-0/DEBUG] [net.neoforged.fml.javafmlmod.AutomaticEventSubscriber/LOADING]: Attempting to inject @EventBusSubscriber classes into the eventbus for dummmmmmy
[25Sep2026 23:37:42.277] [modloading-worker-0/DEBUG] [net.neoforged.fml.javafmlmod.AutomaticEventSubscriber/LOADING]: Scanning class net.hazen.hazentouvelib.Datagen.HLDataGenerators for @SubscribeEvent-annotated methods
[25Sep2026 23:37:42.285] [modloading-worker-0/DEBUG] [mezz.jei.common.config.file.ConfigSchema/]: Localization has not loaded yet, waiting to save the config file until JEI starts.
[25Sep2026 23:37:42.308] [modloading-worker-0/DEBUG] [net.neoforged.fml.javafmlmod.AutomaticEventSubscriber/]: Subscribing @EventBusSubscriber class Lnet/hazen/hazentouvelib/Datagen/HLDataGenerators; to the mod event bus of mod hazentouvelib
[25Sep2026 23:37:42.312] [modloading-worker-0/DEBUG] [net.neoforged.fml.javafmlmod.AutomaticEventSubscriber/LOADING]: Scanning class net.hazen.hazentouvelib.Registries.HLKeybinds for @SubscribeEvent-annotated methods
[25Sep2026 23:37:42.320] [modloading-worker-0/DEBUG] [net.neoforged.fml.javafmlmod.AutomaticEventSubscriber/]: Subscribing @EventBusSubscriber class Lnet/hazen/hazentouvelib/Registries/HLKeybinds; to the mod event bus of mod hazentouvelib
[25Sep2026 23:37:42.335] [modloading-worker-0/DEBUG] [net.neoforged.fml.javafmlmod.AutomaticEventSubscriber/LOADING]: Scanning class net.hazen.hazentouvelib.Registries.HLAttributeRegistry for @SubscribeEvent-annotated methods
[25Sep2026 23:37:42.337] [modloading-worker-0/DEBUG] [net.neoforged.fml.javafmlmod.AutomaticEventSubscriber/]: Subscribing @EventBusSubscriber class Lnet/hazen/hazentouvelib/Registries/HLAttributeRegistry; to the mod event bus of mod hazentouvelib
[25Sep2026 23:37:42.339] [modloading-worker-0/DEBUG] [mezz.jei.common.config.file.ConfigSerializer/]: Loading config file: D:\Hazens InteliJ\HAHA-1.21.1\run\config\jei\jei-mod-id-format.ini
[25Sep2026 23:37:42.345] [modloading-worker-0/DEBUG] [net.neoforged.neoforge.internal.versions.neoforge.NeoForgeVersion/CORE]: Found NeoForge version 21.1.224
[25Sep2026 23:37:42.349] [modloading-worker-0/DEBUG] [net.neoforged.neoforge.internal.versions.neoforge.NeoForgeVersion/CORE]: Found FML version 4.0.42
[25Sep2026 23:37:42.350] [modloading-worker-0/INFO] [net.neoforged.neoforge.common.NeoForgeMod/NEOFORGE-MOD]: NeoForge mod loading, version 21.1.224, for MC 1.21.1
[25Sep2026 23:37:42.357] [modloading-worker-0/DEBUG] [mezz.jei.common.config.file.ConfigSchema/]: Localization has not loaded yet, waiting to save the config file until JEI starts.
[25Sep2026 23:37:42.375] [modloading-worker-0/DEBUG] [net.neoforged.fml.config.ConfigTracker/CONFIG]: Config file irons_artifice-client.toml for irons_artifice tracking
[25Sep2026 23:37:42.380] [modloading-worker-0/DEBUG] [net.neoforged.fml.config.ConfigTracker/CONFIG]: Config file irons_artifice-server.toml for irons_artifice tracking
[25Sep2026 23:37:42.398] [modloading-worker-0/DEBUG] [mezz.jei.common.config.file.ConfigSerializer/]: Loading config file: D:\Hazens InteliJ\HAHA-1.21.1\run\config\jei\jei-colors.ini
[25Sep2026 23:37:42.414] [modloading-worker-0/DEBUG] [mezz.jei.common.config.file.ConfigSchema/]: Localization has not loaded yet, waiting to save the config file until JEI starts.
[25Sep2026 23:37:42.442] [modloading-worker-0/DEBUG] [net.neoforged.fml.config.ConfigTracker/CONFIG]: Config file neoforge-client.toml for neoforge tracking
[25Sep2026 23:37:42.442] [modloading-worker-0/DEBUG] [net.neoforged.fml.config.ConfigTracker/CONFIG]: Config file neoforge-server.toml for neoforge tracking
[25Sep2026 23:37:42.443] [modloading-worker-0/DEBUG] [net.neoforged.fml.config.ConfigTracker/CONFIG]: Config file neoforge-common.toml for neoforge tracking
[25Sep2026 23:37:42.511] [modloading-worker-0/DEBUG] [mezz.jei.common.config.file.ConfigSerializer/]: Loading config file: D:\Hazens InteliJ\HAHA-1.21.1\run\config\jei\jei-client.ini
[25Sep2026 23:37:42.518] [modloading-worker-0/DEBUG] [net.neoforged.fml.javafmlmod.AutomaticEventSubscriber/LOADING]: Attempting to inject @EventBusSubscriber classes into the eventbus for irons_artifice
[25Sep2026 23:37:42.519] [modloading-worker-0/DEBUG] [net.neoforged.fml.javafmlmod.AutomaticEventSubscriber/LOADING]: Scanning class io.redspace.irons_artifice.modifier.modifiers.MechanicalAccelerator for @SubscribeEvent-annotated methods
[25Sep2026 23:37:42.554] [modloading-worker-0/DEBUG] [net.neoforged.fml.config.ConfigTracker/CONFIG]: Config file aces_spell_utils-common.toml for aces_spell_utils tracking
[25Sep2026 23:37:42.556] [modloading-worker-0/DEBUG] [net.neoforged.fml.javafmlmod.AutomaticEventSubscriber/LOADING]: Attempting to inject @EventBusSubscriber classes into the eventbus for aces_spell_utils
[25Sep2026 23:37:42.556] [modloading-worker-0/DEBUG] [net.neoforged.fml.javafmlmod.AutomaticEventSubscriber/LOADING]: Scanning class net.acetheeldritchking.aces_spell_utils.utils.boss_music.UniqueBossMusicManager for @SubscribeEvent-annotated methods
[25Sep2026 23:37:42.594] [modloading-worker-0/DEBUG] [net.neoforged.fml.javafmlmod.AutomaticEventSubscriber/]: Subscribing @EventBusSubscriber class Lnet/acetheeldritchking/aces_spell_utils/utils/boss_music/UniqueBossMusicManager; to the game event bus
[25Sep2026 23:37:42.597] [modloading-worker-0/DEBUG] [net.neoforged.fml.javafmlmod.AutomaticEventSubscriber/LOADING]: Scanning class net.acetheeldritchking.aces_spell_utils.utils.boss_music.BossMusicManager for @SubscribeEvent-annotated methods
[25Sep2026 23:37:42.609] [modloading-worker-0/DEBUG] [net.neoforged.fml.javafmlmod.AutomaticEventSubscriber/]: Subscribing @EventBusSubscriber class Lnet/acetheeldritchking/aces_spell_utils/utils/boss_music/BossMusicManager; to the game event bus
[25Sep2026 23:37:42.618] [modloading-worker-0/DEBUG] [mezz.jei.common.config.file.ConfigSchema/]: Localization has not loaded yet, waiting to save the config file until JEI starts.
[25Sep2026 23:37:42.625] [modloading-worker-0/DEBUG] [net.neoforged.fml.javafmlmod.AutomaticEventSubscriber/LOADING]: Scanning class net.acetheeldritchking.aces_spell_utils.utils.AcesSpellUtilsConfig for @SubscribeEvent-annotated methods
[25Sep2026 23:37:42.625] [modloading-worker-0/DEBUG] [net.neoforged.fml.javafmlmod.AutomaticEventSubscriber/]: Subscribing @EventBusSubscriber class Lnet/acetheeldritchking/aces_spell_utils/utils/AcesSpellUtilsConfig; to the mod event bus of mod aces_spell_utils
[25Sep2026 23:37:42.628] [modloading-worker-0/DEBUG] [net.neoforged.fml.javafmlmod.AutomaticEventSubscriber/LOADING]: Scanning class net.acetheeldritchking.aces_spell_utils.registries.ASAttributeRegistry for @SubscribeEvent-annotated methods
[25Sep2026 23:37:42.629] [modloading-worker-0/DEBUG] [net.neoforged.fml.javafmlmod.AutomaticEventSubscriber/]: Subscribing @EventBusSubscriber class Lnet/acetheeldritchking/aces_spell_utils/registries/ASAttributeRegistry; to the mod event bus of mod aces_spell_utils
[25Sep2026 23:37:42.631] [modloading-worker-0/DEBUG] [net.neoforged.fml.javafmlmod.AutomaticEventSubscriber/LOADING]: Scanning class net.acetheeldritchking.aces_spell_utils.network.PayloadHandler for @SubscribeEvent-annotated methods
[25Sep2026 23:37:42.636] [modloading-worker-0/DEBUG] [net.neoforged.fml.javafmlmod.AutomaticEventSubscriber/]: Subscribing @EventBusSubscriber class Lnet/acetheeldritchking/aces_spell_utils/network/PayloadHandler; to the mod event bus of mod aces_spell_utils
[25Sep2026 23:37:42.639] [modloading-worker-0/DEBUG] [net.neoforged.fml.javafmlmod.AutomaticEventSubscriber/LOADING]: Scanning class net.acetheeldritchking.aces_spell_utils.items.example.items.curios.ExampleSheathCurioItem for @SubscribeEvent-annotated methods
[25Sep2026 23:37:42.640] [modloading-worker-0/DEBUG] [net.neoforged.fml.javafmlmod.AutomaticEventSubscriber/]: Subscribing @EventBusSubscriber class Lio/redspace/irons_artifice/modifier/modifiers/MechanicalAccelerator; to the game event bus
[25Sep2026 23:37:42.643] [modloading-worker-0/DEBUG] [net.neoforged.fml.javafmlmod.AutomaticEventSubscriber/LOADING]: Scanning class io.redspace.irons_artifice.modifier.modifiers.LeechModifier for @SubscribeEvent-annotated methods
[25Sep2026 23:37:42.649] [modloading-worker-0/DEBUG] [net.neoforged.fml.javafmlmod.AutomaticEventSubscriber/]: Subscribing @EventBusSubscriber class Lnet/acetheeldritchking/aces_spell_utils/items/example/items/curios/ExampleSheathCurioItem; to the game event bus
[25Sep2026 23:37:42.658] [modloading-worker-0/INFO] [mezz.jei.library.load.PluginCaller/]: Sending ConfigManager...
[25Sep2026 23:37:42.672] [modloading-worker-0/DEBUG] [mezz.jei.library.load.PluginCallerTimerRunnable/]: Sending ConfigManager: jei:minecraft...
[25Sep2026 23:37:42.673] [modloading-worker-0/DEBUG] [mezz.jei.library.load.PluginCallerTimerRunnable/]: Sending ConfigManager: irons_spellbooks:jei_plugin...
[25Sep2026 23:37:42.673] [modloading-worker-0/DEBUG] [mezz.jei.library.load.PluginCallerTimerRunnable/]: Sending ConfigManager: jade:main...
[25Sep2026 23:37:42.673] [modloading-worker-0/DEBUG] [mezz.jei.library.load.PluginCallerTimerRunnable/]: Sending ConfigManager: jei:neoforge_gui...
[25Sep2026 23:37:42.673] [modloading-worker-0/DEBUG] [mezz.jei.library.load.PluginCallerTimerRunnable/]: Sending ConfigManager: jei:debug...
[25Sep2026 23:37:42.673] [modloading-worker-0/DEBUG] [mezz.jei.library.load.PluginCallerTimerRunnable/]: Sending ConfigManager: jei:gui...
[25Sep2026 23:37:42.673] [modloading-worker-0/DEBUG] [mezz.jei.library.load.PluginCallerTimerRunnable/]: Sending ConfigManager: curios:curios...
[25Sep2026 23:37:42.673] [modloading-worker-0/DEBUG] [mezz.jei.library.load.PluginCallerTimerRunnable/]: Sending ConfigManager: jei:internal...
[25Sep2026 23:37:42.679] [modloading-worker-0/INFO] [mezz.jei.library.load.PluginCaller/]: Sending ConfigManager took 14.50 milliseconds
[25Sep2026 23:37:42.682] [modloading-worker-0/DEBUG] [net.neoforged.fml.javafmlmod.AutomaticEventSubscriber/]: Subscribing @EventBusSubscriber class Lio/redspace/irons_artifice/modifier/modifiers/LeechModifier; to the game event bus
[25Sep2026 23:37:42.692] [modloading-worker-0/DEBUG] [net.neoforged.fml.javafmlmod.AutomaticEventSubscriber/LOADING]: Scanning class io.redspace.irons_artifice.modifier.modifiers.EnchantedBulletModifier for @SubscribeEvent-annotated methods
[25Sep2026 23:37:42.707] [modloading-worker-0/DEBUG] [net.neoforged.fml.javafmlmod.AutomaticEventSubscriber/]: Subscribing @EventBusSubscriber class Lio/redspace/irons_artifice/modifier/modifiers/EnchantedBulletModifier; to the game event bus
[25Sep2026 23:37:42.710] [modloading-worker-0/DEBUG] [net.neoforged.fml.javafmlmod.AutomaticEventSubscriber/LOADING]: Scanning class io.redspace.irons_artifice.item.TricorneItem for @SubscribeEvent-annotated methods
[25Sep2026 23:37:42.715] [modloading-worker-0/DEBUG] [net.neoforged.fml.javafmlmod.AutomaticEventSubscriber/LOADING]: Scanning class net.acetheeldritchking.aces_spell_utils.events.SpellbookAbilities for @SubscribeEvent-annotated methods
[25Sep2026 23:37:42.718] [modloading-worker-0/DEBUG] [net.neoforged.fml.javafmlmod.AutomaticEventSubscriber/]: Subscribing @EventBusSubscriber class Lio/redspace/irons_artifice/item/TricorneItem; to the game event bus
[25Sep2026 23:37:42.721] [modloading-worker-0/DEBUG] [net.neoforged.fml.javafmlmod.AutomaticEventSubscriber/]: Subscribing @EventBusSubscriber class Lnet/acetheeldritchking/aces_spell_utils/events/SpellbookAbilities; to the game event bus
[25Sep2026 23:37:42.732] [modloading-worker-0/DEBUG] [net.neoforged.fml.javafmlmod.AutomaticEventSubscriber/LOADING]: Scanning class net.acetheeldritchking.aces_spell_utils.events.AcesSpellUtilsServerEvents for @SubscribeEvent-annotated methods
[25Sep2026 23:37:42.734] [modloading-worker-0/DEBUG] [net.neoforged.fml.javafmlmod.AutomaticEventSubscriber/LOADING]: Scanning class io.redspace.irons_artifice.item.CowboyHatItem for @SubscribeEvent-annotated methods
[25Sep2026 23:37:42.745] [modloading-worker-0/DEBUG] [net.neoforged.fml.javafmlmod.AutomaticEventSubscriber/LOADING]: Attempting to inject @EventBusSubscriber classes into the eventbus for jei
[25Sep2026 23:37:42.749] [modloading-worker-0/DEBUG] [net.neoforged.fml.javafmlmod.AutomaticEventSubscriber/]: Subscribing @EventBusSubscriber class Lio/redspace/irons_artifice/item/CowboyHatItem; to the game event bus
[25Sep2026 23:37:42.754] [modloading-worker-0/DEBUG] [net.neoforged.fml.javafmlmod.AutomaticEventSubscriber/LOADING]: Scanning class io.redspace.irons_artifice.gun.BlockDamageManager for @SubscribeEvent-annotated methods
[25Sep2026 23:37:42.762] [modloading-worker-0/DEBUG] [net.neoforged.fml.javafmlmod.AutomaticEventSubscriber/]: Subscribing @EventBusSubscriber class Lnet/acetheeldritchking/aces_spell_utils/events/AcesSpellUtilsServerEvents; to the game event bus
[25Sep2026 23:37:42.772] [modloading-worker-0/DEBUG] [net.neoforged.fml.javafmlmod.AutomaticEventSubscriber/]: Subscribing @EventBusSubscriber class Lio/redspace/irons_artifice/gun/BlockDamageManager; to the game event bus
[25Sep2026 23:37:42.776] [modloading-worker-0/DEBUG] [net.neoforged.fml.javafmlmod.AutomaticEventSubscriber/LOADING]: Scanning class io.redspace.irons_artifice.events.ServerEvents for @SubscribeEvent-annotated methods
[25Sep2026 23:37:42.781] [modloading-worker-0/DEBUG] [net.neoforged.fml.javafmlmod.AutomaticEventSubscriber/]: Subscribing @EventBusSubscriber class Lio/redspace/irons_artifice/events/ServerEvents; to the game event bus
[25Sep2026 23:37:42.796] [modloading-worker-0/DEBUG] [net.neoforged.fml.javafmlmod.AutomaticEventSubscriber/LOADING]: Scanning class net.acetheeldritchking.aces_spell_utils.events.AcesSpellUtilsClient for @SubscribeEvent-annotated methods
[25Sep2026 23:37:42.800] [modloading-worker-0/DEBUG] [net.neoforged.fml.javafmlmod.AutomaticEventSubscriber/LOADING]: Scanning class io.redspace.irons_artifice.events.GunslingerMobEvents for @SubscribeEvent-annotated methods
[25Sep2026 23:37:42.802] [modloading-worker-0/DEBUG] [net.neoforged.fml.javafmlmod.AutomaticEventSubscriber/]: Subscribing @EventBusSubscriber class Lio/redspace/irons_artifice/events/GunslingerMobEvents; to the game event bus
[25Sep2026 23:37:42.805] [modloading-worker-0/DEBUG] [net.neoforged.fml.javafmlmod.AutomaticEventSubscriber/LOADING]: Scanning class io.redspace.irons_artifice.entity.Illificer for @SubscribeEvent-annotated methods
[25Sep2026 23:37:42.806] [modloading-worker-0/DEBUG] [net.neoforged.fml.javafmlmod.AutomaticEventSubscriber/LOADING]: Found mix of game bus and mod bus listeners in @EventBusSubscriber class Lnet/acetheeldritchking/aces_spell_utils/events/AcesSpellUtilsClient;, registering them separately
[25Sep2026 23:37:42.807] [modloading-worker-0/DEBUG] [net.neoforged.fml.javafmlmod.AutomaticEventSubscriber/LOADING]: Subscribing method static void net.acetheeldritchking.aces_spell_utils.events.AcesSpellUtilsClient.onClientSetup(net.neoforged.fml.event.lifecycle.FMLClientSetupEvent) to the event bus of mod aces_spell_utils
[25Sep2026 23:37:42.809] [modloading-worker-0/DEBUG] [net.neoforged.fml.javafmlmod.AutomaticEventSubscriber/LOADING]: Subscribing method public static void net.acetheeldritchking.aces_spell_utils.events.AcesSpellUtilsClient.onComputeCameraAngles(net.neoforged.neoforge.client.event.ViewportEvent$ComputeCameraAngles) to the game event bus
[25Sep2026 23:37:42.811] [modloading-worker-0/DEBUG] [net.neoforged.fml.javafmlmod.AutomaticEventSubscriber/LOADING]: Subscribing method public static void net.acetheeldritchking.aces_spell_utils.events.AcesSpellUtilsClient.onClientTick(net.neoforged.neoforge.client.event.ClientTickEvent$Post) to the game event bus
[25Sep2026 23:37:42.814] [modloading-worker-0/DEBUG] [net.neoforged.fml.javafmlmod.AutomaticEventSubscriber/LOADING]: Subscribing method public static void net.acetheeldritchking.aces_spell_utils.events.AcesSpellUtilsClient.onPlayerLogout(net.neoforged.neoforge.client.event.ClientPlayerNetworkEvent$LoggingOut) to the game event bus
[25Sep2026 23:37:42.816] [modloading-worker-0/DEBUG] [net.neoforged.fml.javafmlmod.AutomaticEventSubscriber/LOADING]: Subscribing method public static void net.acetheeldritchking.aces_spell_utils.events.AcesSpellUtilsClient.itemTooltipsEvents(net.neoforged.neoforge.event.entity.player.ItemTooltipEvent) to the game event bus
[25Sep2026 23:37:42.817] [modloading-worker-0/DEBUG] [net.neoforged.fml.javafmlmod.AutomaticEventSubscriber/LOADING]: Subscribing method public static void net.acetheeldritchking.aces_spell_utils.events.AcesSpellUtilsClient.onRenderGui(net.neoforged.neoforge.client.event.RenderGuiEvent$Pre) to the game event bus
[25Sep2026 23:37:42.818] [modloading-worker-0/DEBUG] [net.neoforged.fml.javafmlmod.AutomaticEventSubscriber/LOADING]: Subscribing method public static void net.acetheeldritchking.aces_spell_utils.events.AcesSpellUtilsClient.onRenderLevelStage(net.neoforged.neoforge.client.event.RenderLevelStageEvent) to the game event bus
[25Sep2026 23:37:42.821] [modloading-worker-0/DEBUG] [net.neoforged.fml.javafmlmod.AutomaticEventSubscriber/LOADING]: Scanning class net.acetheeldritchking.aces_spell_utils.commands.RoarCommand for @SubscribeEvent-annotated methods
[25Sep2026 23:37:42.835] [modloading-worker-0/DEBUG] [net.neoforged.fml.javafmlmod.AutomaticEventSubscriber/]: Subscribing @EventBusSubscriber class Lio/redspace/irons_artifice/entity/Illificer; to the game event bus
[25Sep2026 23:37:42.840] [modloading-worker-0/DEBUG] [net.neoforged.fml.javafmlmod.AutomaticEventSubscriber/]: Subscribing @EventBusSubscriber class Lnet/acetheeldritchking/aces_spell_utils/commands/RoarCommand; to the game event bus
[25Sep2026 23:37:42.843] [modloading-worker-0/DEBUG] [net.neoforged.fml.javafmlmod.AutomaticEventSubscriber/LOADING]: Scanning class net.acetheeldritchking.aces_spell_utils.AcesSpellUtils$ClientModEvents for @SubscribeEvent-annotated methods
[25Sep2026 23:37:42.847] [modloading-worker-0/DEBUG] [net.neoforged.fml.javafmlmod.AutomaticEventSubscriber/]: Subscribing @EventBusSubscriber class Lnet/acetheeldritchking/aces_spell_utils/AcesSpellUtils$ClientModEvents; to the mod event bus of mod aces_spell_utils
[25Sep2026 23:37:43.028] [modloading-worker-0/DEBUG] [net.neoforged.fml.ModContainer/]: Attempted to register an empty config for type COMMON on mod hazens_archaic_hexerei_armaments
[25Sep2026 23:37:43.030] [modloading-worker-0/DEBUG] [net.neoforged.fml.javafmlmod.AutomaticEventSubscriber/LOADING]: Attempting to inject @EventBusSubscriber classes into the eventbus for hazens_archaic_hexerei_armaments
[25Sep2026 23:37:43.030] [modloading-worker-0/DEBUG] [net.neoforged.fml.javafmlmod.AutomaticEventSubscriber/LOADING]: Scanning class net.hazen.hazens_archaic_hexerei_armaments.HazensArchaicHexereiArmaments$ClientModEvents for @SubscribeEvent-annotated methods
[25Sep2026 23:37:43.040] [modloading-worker-0/DEBUG] [mixin/]: Mixing accessor.BrainAccessor from moonlight-common.mixins.json into net.minecraft.world.entity.ai.Brain
[25Sep2026 23:37:43.041] [modloading-worker-0/DEBUG] [mixin/]: moonlight-common.mixins.json:accessor.BrainAccessor from mod moonlight: Class version 65 required is higher than the class version supported by the current version of Mixin (JAVA_17 supports class version 61)
[25Sep2026 23:37:43.068] [modloading-worker-0/DEBUG] [net.neoforged.fml.config.ConfigTracker/CONFIG]: Config file moonlight-client.toml for moonlight tracking
[25Sep2026 23:37:43.112] [modloading-worker-0/DEBUG] [net.neoforged.fml.javafmlmod.AutomaticEventSubscriber/LOADING]: Scanning class io.redspace.irons_artifice.datagen.DataGenerators for @SubscribeEvent-annotated methods
[25Sep2026 23:37:43.115] [modloading-worker-0/DEBUG] [net.neoforged.fml.javafmlmod.AutomaticEventSubscriber/]: Subscribing @EventBusSubscriber class Lio/redspace/irons_artifice/datagen/DataGenerators; to the mod event bus of mod irons_artifice
[25Sep2026 23:37:43.117] [modloading-worker-0/DEBUG] [net.neoforged.fml.javafmlmod.AutomaticEventSubscriber/LOADING]: Scanning class io.redspace.irons_artifice.command.DebugCommands for @SubscribeEvent-annotated methods
[25Sep2026 23:37:43.119] [modloading-worker-0/DEBUG] [net.neoforged.fml.javafmlmod.AutomaticEventSubscriber/LOADING]: Attempting to inject @EventBusSubscriber classes into the eventbus for neoforge
[25Sep2026 23:37:43.120] [modloading-worker-0/DEBUG] [net.neoforged.fml.javafmlmod.AutomaticEventSubscriber/LOADING]: Scanning class net.neoforged.neoforge.server.command.ConfigCommand for @SubscribeEvent-annotated methods
[25Sep2026 23:37:43.120] [modloading-worker-0/DEBUG] [net.neoforged.fml.javafmlmod.AutomaticEventSubscriber/]: Subscribing @EventBusSubscriber class Lio/redspace/irons_artifice/command/DebugCommands; to the game event bus
[25Sep2026 23:37:43.121] [modloading-worker-0/DEBUG] [net.neoforged.fml.javafmlmod.AutomaticEventSubscriber/LOADING]: Scanning class io.redspace.irons_artifice.client.gui.GunScopeOverlay for @SubscribeEvent-annotated methods
[25Sep2026 23:37:43.122] [modloading-worker-0/DEBUG] [net.neoforged.fml.javafmlmod.AutomaticEventSubscriber/]: Subscribing @EventBusSubscriber class Lnet/neoforged/neoforge/server/command/ConfigCommand; to the game event bus
[25Sep2026 23:37:43.123] [modloading-worker-0/DEBUG] [net.neoforged.fml.javafmlmod.AutomaticEventSubscriber/LOADING]: Scanning class net.neoforged.neoforge.network.filters.GenericPacketSplitter for @SubscribeEvent-annotated methods
[25Sep2026 23:37:43.140] [modloading-worker-0/DEBUG] [net.neoforged.fml.javafmlmod.AutomaticEventSubscriber/]: Subscribing @EventBusSubscriber class Lio/redspace/irons_artifice/client/gui/GunScopeOverlay; to the game event bus
[25Sep2026 23:37:43.143] [modloading-worker-0/DEBUG] [net.neoforged.fml.javafmlmod.AutomaticEventSubscriber/LOADING]: Scanning class io.redspace.irons_artifice.client.gui.CrosshairRenderer for @SubscribeEvent-annotated methods
[25Sep2026 23:37:43.150] [modloading-worker-0/DEBUG] [net.neoforged.fml.javafmlmod.AutomaticEventSubscriber/]: Subscribing @EventBusSubscriber class Lio/redspace/irons_artifice/client/gui/CrosshairRenderer; to the game event bus
[25Sep2026 23:37:43.152] [modloading-worker-0/DEBUG] [net.neoforged.fml.javafmlmod.AutomaticEventSubscriber/LOADING]: Scanning class io.redspace.irons_artifice.client.gui.AmmoCountHudOverlay for @SubscribeEvent-annotated methods
[25Sep2026 23:37:43.166] [modloading-worker-0/DEBUG] [mixin/]: Mixing FontMixin from jade.mixins.json into net.minecraft.client.gui.Font
[25Sep2026 23:37:43.167] [modloading-worker-0/DEBUG] [mixin/]: jade.mixins.json:FontMixin from mod jade: Class version 65 required is higher than the class version supported by the current version of Mixin (JAVA_16 supports class version 60)
[25Sep2026 23:37:43.258] [modloading-worker-0/DEBUG] [mixin/]: jade.mixins.json:FontMixin from mod jade->@Inject::jade$renderChar(Lnet/minecraft/client/gui/font/glyphs/BakedGlyph;ZZFFFLorg/joml/Matrix4f;Lcom/mojang/blaze3d/vertex/VertexConsumer;FFFFILorg/spongepowered/asm/mixin/injection/callback/CallbackInfo;)V does use it's CallbackInfo
[25Sep2026 23:37:43.266] [modloading-worker-0/DEBUG] [net.neoforged.fml.javafmlmod.AutomaticEventSubscriber/]: Subscribing @EventBusSubscriber class Lio/redspace/irons_artifice/client/gui/AmmoCountHudOverlay; to the game event bus
[25Sep2026 23:37:43.269] [modloading-worker-0/DEBUG] [net.neoforged.fml.javafmlmod.AutomaticEventSubscriber/LOADING]: Scanning class io.redspace.irons_artifice.client.armor.ArmorRenderProviders for @SubscribeEvent-annotated methods
[25Sep2026 23:37:43.271] [modloading-worker-0/DEBUG] [net.neoforged.fml.javafmlmod.AutomaticEventSubscriber/]: Subscribing @EventBusSubscriber class Lio/redspace/irons_artifice/client/armor/ArmorRenderProviders; to the mod event bus of mod irons_artifice
[25Sep2026 23:37:43.273] [modloading-worker-0/DEBUG] [net.neoforged.fml.javafmlmod.AutomaticEventSubscriber/LOADING]: Scanning class io.redspace.irons_artifice.client.RecoilManager for @SubscribeEvent-annotated methods
[25Sep2026 23:37:43.275] [modloading-worker-0/DEBUG] [net.neoforged.fml.javafmlmod.AutomaticEventSubscriber/]: Subscribing @EventBusSubscriber class Lnet/hazen/hazens_archaic_hexerei_armaments/HazensArchaicHexereiArmaments$ClientModEvents; to the mod event bus of mod hazens_archaic_hexerei_armaments
[25Sep2026 23:37:43.278] [modloading-worker-0/DEBUG] [net.neoforged.fml.javafmlmod.AutomaticEventSubscriber/LOADING]: Scanning class net.hazen.hazens_archaic_hexerei_armaments.Client.HnSClientSetup for @SubscribeEvent-annotated methods
[25Sep2026 23:37:43.279] [modloading-worker-0/DEBUG] [net.neoforged.fml.javafmlmod.AutomaticEventSubscriber/]: Subscribing @EventBusSubscriber class Lio/redspace/irons_artifice/client/RecoilManager; to the game event bus
[25Sep2026 23:37:43.283] [modloading-worker-0/DEBUG] [net.neoforged.fml.javafmlmod.AutomaticEventSubscriber/LOADING]: Scanning class io.redspace.irons_artifice.client.MuzzleFlashEmitter for @SubscribeEvent-annotated methods
[25Sep2026 23:37:43.287] [modloading-worker-0/DEBUG] [net.neoforged.fml.javafmlmod.AutomaticEventSubscriber/]: Subscribing @EventBusSubscriber class Lnet/hazen/hazens_archaic_hexerei_armaments/Client/HnSClientSetup; to the mod event bus of mod hazens_archaic_hexerei_armaments
[25Sep2026 23:37:43.288] [modloading-worker-0/DEBUG] [net.neoforged.fml.javafmlmod.AutomaticEventSubscriber/LOADING]: Scanning class net.hazen.hazens_archaic_hexerei_armaments.Events.ArmorSetBonuses.IroncladSetBonusHandler for @SubscribeEvent-annotated methods
[25Sep2026 23:37:43.294] [modloading-worker-0/DEBUG] [net.neoforged.fml.javafmlmod.AutomaticEventSubscriber/]: Subscribing @EventBusSubscriber class Lnet/hazen/hazens_archaic_hexerei_armaments/Events/ArmorSetBonuses/IroncladSetBonusHandler; to the game event bus
[25Sep2026 23:37:43.296] [modloading-worker-0/DEBUG] [net.neoforged.fml.javafmlmod.AutomaticEventSubscriber/LOADING]: Scanning class net.hazen.hazens_archaic_hexerei_armaments.Events.ArmorSetBonuses.DesertProwlerSetBonusHandler for @SubscribeEvent-annotated methods
[25Sep2026 23:37:43.301] [modloading-worker-0/DEBUG] [net.neoforged.fml.javafmlmod.AutomaticEventSubscriber/]: Subscribing @EventBusSubscriber class Lnet/hazen/hazens_archaic_hexerei_armaments/Events/ArmorSetBonuses/DesertProwlerSetBonusHandler; to the game event bus
[25Sep2026 23:37:43.303] [modloading-worker-0/DEBUG] [net.neoforged.fml.javafmlmod.AutomaticEventSubscriber/LOADING]: Scanning class net.hazen.hazens_archaic_hexerei_armaments.Datagen.HAHADataGenerators for @SubscribeEvent-annotated methods
[25Sep2026 23:37:43.315] [modloading-worker-0/DEBUG] [net.neoforged.fml.javafmlmod.AutomaticEventSubscriber/]: Subscribing @EventBusSubscriber class Lnet/hazen/hazens_archaic_hexerei_armaments/Datagen/HAHADataGenerators; to the mod event bus of mod hazens_archaic_hexerei_armaments
[25Sep2026 23:37:43.317] [modloading-worker-0/DEBUG] [net.neoforged.fml.javafmlmod.AutomaticEventSubscriber/LOADING]: Scanning class net.hazen.hazens_archaic_hexerei_armaments.HAHAClient for @SubscribeEvent-annotated methods
[25Sep2026 23:37:43.317] [modloading-worker-0/DEBUG] [net.neoforged.fml.javafmlmod.AutomaticEventSubscriber/]: Subscribing @EventBusSubscriber class Lnet/hazen/hazens_archaic_hexerei_armaments/HAHAClient; to the mod event bus of mod hazens_archaic_hexerei_armaments
[25Sep2026 23:37:43.318] [modloading-worker-0/DEBUG] [net.neoforged.fml.javafmlmod.AutomaticEventSubscriber/]: Subscribing @EventBusSubscriber class Lio/redspace/irons_artifice/client/MuzzleFlashEmitter; to the game event bus
[25Sep2026 23:37:43.319] [modloading-worker-0/DEBUG] [net.neoforged.fml.javafmlmod.AutomaticEventSubscriber/LOADING]: Scanning class io.redspace.irons_artifice.client.InputHandler for @SubscribeEvent-annotated methods
[25Sep2026 23:37:43.322] [modloading-worker-0/DEBUG] [net.neoforged.fml.javafmlmod.AutomaticEventSubscriber/]: Subscribing @EventBusSubscriber class Lio/redspace/irons_artifice/client/InputHandler; to the game event bus
[25Sep2026 23:37:43.325] [modloading-worker-0/DEBUG] [net.neoforged.fml.javafmlmod.AutomaticEventSubscriber/LOADING]: Scanning class io.redspace.irons_artifice.advancement.GunCriteria for @SubscribeEvent-annotated methods
[25Sep2026 23:37:43.332] [modloading-worker-0/DEBUG] [net.neoforged.fml.javafmlmod.AutomaticEventSubscriber/]: Subscribing @EventBusSubscriber class Lio/redspace/irons_artifice/advancement/GunCriteria; to the game event bus
[25Sep2026 23:37:43.335] [modloading-worker-0/DEBUG] [net.neoforged.fml.javafmlmod.AutomaticEventSubscriber/LOADING]: Scanning class io.redspace.irons_artifice.IronsArtificeClient for @SubscribeEvent-annotated methods
[25Sep2026 23:37:43.339] [modloading-worker-0/DEBUG] [net.neoforged.fml.javafmlmod.AutomaticEventSubscriber/LOADING]: Found mix of game bus and mod bus listeners in @EventBusSubscriber class Lio/redspace/irons_artifice/IronsArtificeClient;, registering them separately
[25Sep2026 23:37:43.340] [modloading-worker-0/DEBUG] [net.neoforged.fml.javafmlmod.AutomaticEventSubscriber/LOADING]: Subscribing method static void io.redspace.irons_artifice.IronsArtificeClient.registerClientExtensions(net.neoforged.neoforge.client.extensions.common.RegisterClientExtensionsEvent) to the event bus of mod irons_artifice
[25Sep2026 23:37:43.341] [modloading-worker-0/DEBUG] [net.neoforged.fml.javafmlmod.AutomaticEventSubscriber/LOADING]: Subscribing method static void io.redspace.irons_artifice.IronsArtificeClient.registerMenuScreens(net.neoforged.neoforge.client.event.RegisterMenuScreensEvent) to the event bus of mod irons_artifice
[25Sep2026 23:37:43.342] [modloading-worker-0/DEBUG] [net.neoforged.fml.javafmlmod.AutomaticEventSubscriber/LOADING]: Subscribing method static void io.redspace.irons_artifice.IronsArtificeClient.registerEntityRenderers(net.neoforged.neoforge.client.event.EntityRenderersEvent$RegisterRenderers) to the event bus of mod irons_artifice
[25Sep2026 23:37:43.344] [modloading-worker-0/DEBUG] [net.neoforged.fml.javafmlmod.AutomaticEventSubscriber/LOADING]: Subscribing method static void io.redspace.irons_artifice.IronsArtificeClient.registerKeyMappings(net.neoforged.neoforge.client.event.RegisterKeyMappingsEvent) to the event bus of mod irons_artifice
[25Sep2026 23:37:43.346] [modloading-worker-0/DEBUG] [net.neoforged.fml.javafmlmod.AutomaticEventSubscriber/LOADING]: Subscribing method static void io.redspace.irons_artifice.IronsArtificeClient.registerParticleProviders(net.neoforged.neoforge.client.event.RegisterParticleProvidersEvent) to the event bus of mod irons_artifice
[25Sep2026 23:37:43.347] [modloading-worker-0/DEBUG] [net.neoforged.fml.javafmlmod.AutomaticEventSubscriber/LOADING]: Subscribing method static void io.redspace.irons_artifice.IronsArtificeClient.onClientSetup(net.neoforged.fml.event.lifecycle.FMLClientSetupEvent) to the event bus of mod irons_artifice
[25Sep2026 23:37:43.349] [modloading-worker-0/DEBUG] [net.neoforged.fml.javafmlmod.AutomaticEventSubscriber/LOADING]: Subscribing method public static void io.redspace.irons_artifice.IronsArtificeClient.registerGuiLayers(net.neoforged.neoforge.client.event.RegisterGuiLayersEvent) to the event bus of mod irons_artifice
[25Sep2026 23:37:43.350] [modloading-worker-0/DEBUG] [net.neoforged.fml.javafmlmod.AutomaticEventSubscriber/LOADING]: Subscribing method public static void io.redspace.irons_artifice.IronsArtificeClient.registerRenderers(net.neoforged.neoforge.client.event.EntityRenderersEvent$RegisterRenderers) to the event bus of mod irons_artifice
[25Sep2026 23:37:43.352] [modloading-worker-0/DEBUG] [net.neoforged.fml.javafmlmod.AutomaticEventSubscriber/LOADING]: Subscribing method public static void io.redspace.irons_artifice.IronsArtificeClient.onLogOut(net.neoforged.neoforge.client.event.ClientPlayerNetworkEvent$LoggingOut) to the game event bus
[25Sep2026 23:37:43.413] [modloading-worker-0/DEBUG] [io.netty.buffer.AbstractByteBuf/]: -Dio.netty.buffer.checkAccessible: true
[25Sep2026 23:37:43.413] [modloading-worker-0/DEBUG] [io.netty.buffer.AbstractByteBuf/]: -Dio.netty.buffer.checkBounds: true
[25Sep2026 23:37:43.431] [modloading-worker-0/DEBUG] [io.netty.util.ResourceLeakDetectorFactory/]: Loaded default ResourceLeakDetector: io.netty.util.ResourceLeakDetector@52fc3ab8
[25Sep2026 23:37:43.441] [modloading-worker-0/DEBUG] [net.neoforged.fml.javafmlmod.AutomaticEventSubscriber/LOADING]: Attempting to inject @EventBusSubscriber classes into the eventbus for moonlight
[25Sep2026 23:37:43.442] [modloading-worker-0/DEBUG] [net.neoforged.fml.javafmlmod.AutomaticEventSubscriber/LOADING]: Scanning class net.mehvahdjukaar.moonlight.api.client.neoforge.ForgeFluidTypeHelper for @SubscribeEvent-annotated methods
[25Sep2026 23:37:43.456] [modloading-worker-0/DEBUG] [mixin/]: Mixing SelfModFlowingFluidMixin from moonlight.mixins.json into net.mehvahdjukaar.moonlight.api.fluids.ModFlowingFluid
[25Sep2026 23:37:43.461] [modloading-worker-0/DEBUG] [mixin/]: moonlight.mixins.json:SelfModFlowingFluidMixin from mod moonlight: Class version 65 required is higher than the class version supported by the current version of Mixin (JAVA_17 supports class version 61)
[25Sep2026 23:37:43.462] [modloading-worker-0/DEBUG] [mixin/]: Renaming synthetic method lambda$afterInit$0(Lnet/neoforged/neoforge/fluids/FluidType;)Lnet/neoforged/neoforge/fluids/FluidType; to mdb288f6$moonlight$lambda$afterInit$0$0 in moonlight.mixins.json:SelfModFlowingFluidMixin from mod moonlight
[25Sep2026 23:37:43.478] [modloading-worker-0/DEBUG] [net.neoforged.fml.javafmlmod.AutomaticEventSubscriber/]: Subscribing @EventBusSubscriber class Lnet/mehvahdjukaar/moonlight/api/client/neoforge/ForgeFluidTypeHelper; to the mod event bus of mod moonlight
[25Sep2026 23:37:43.507] [modloading-worker-0/DEBUG] [io.netty.util.internal.InternalThreadLocalMap/]: -Dio.netty.threadLocalMap.stringBuilder.initialSize: 1024
[25Sep2026 23:37:43.507] [modloading-worker-0/DEBUG] [io.netty.util.internal.InternalThreadLocalMap/]: -Dio.netty.threadLocalMap.stringBuilder.maxSize: 4096
[25Sep2026 23:37:43.521] [modloading-worker-0/DEBUG] [io.netty.buffer.PooledByteBufAllocator/]: -Dio.netty.allocator.numHeapArenas: 16
[25Sep2026 23:37:43.522] [modloading-worker-0/DEBUG] [io.netty.buffer.PooledByteBufAllocator/]: -Dio.netty.allocator.numDirectArenas: 16
[25Sep2026 23:37:43.522] [modloading-worker-0/DEBUG] [io.netty.buffer.PooledByteBufAllocator/]: -Dio.netty.allocator.pageSize: 8192
[25Sep2026 23:37:43.522] [modloading-worker-0/DEBUG] [io.netty.buffer.PooledByteBufAllocator/]: -Dio.netty.allocator.maxOrder: 9
[25Sep2026 23:37:43.522] [modloading-worker-0/DEBUG] [io.netty.buffer.PooledByteBufAllocator/]: -Dio.netty.allocator.chunkSize: 4194304
[25Sep2026 23:37:43.522] [modloading-worker-0/DEBUG] [io.netty.buffer.PooledByteBufAllocator/]: -Dio.netty.allocator.smallCacheSize: 256
[25Sep2026 23:37:43.523] [modloading-worker-0/DEBUG] [io.netty.buffer.PooledByteBufAllocator/]: -Dio.netty.allocator.normalCacheSize: 64
[25Sep2026 23:37:43.523] [modloading-worker-0/DEBUG] [io.netty.buffer.PooledByteBufAllocator/]: -Dio.netty.allocator.maxCachedBufferCapacity: 32768
[25Sep2026 23:37:43.523] [modloading-worker-0/DEBUG] [io.netty.buffer.PooledByteBufAllocator/]: -Dio.netty.allocator.cacheTrimInterval: 8192
[25Sep2026 23:37:43.523] [modloading-worker-0/DEBUG] [io.netty.buffer.PooledByteBufAllocator/]: -Dio.netty.allocator.cacheTrimIntervalMillis: 0
[25Sep2026 23:37:43.524] [modloading-worker-0/DEBUG] [io.netty.buffer.PooledByteBufAllocator/]: -Dio.netty.allocator.useCacheForAllThreads: false
[25Sep2026 23:37:43.524] [modloading-worker-0/DEBUG] [io.netty.buffer.PooledByteBufAllocator/]: -Dio.netty.allocator.maxCachedByteBuffersPerChunk: 1023
[25Sep2026 23:37:43.549] [modloading-worker-0/DEBUG] [net.neoforged.fml.config.ConfigTracker/CONFIG]: Config file irons_spellbooks-client.toml for irons_spellbooks tracking
[25Sep2026 23:37:43.559] [modloading-worker-0/DEBUG] [io.netty.buffer.ByteBufUtil/]: -Dio.netty.allocator.type: pooled
[25Sep2026 23:37:43.560] [modloading-worker-0/DEBUG] [io.netty.buffer.ByteBufUtil/]: -Dio.netty.threadLocalDirectBufferSize: 0
[25Sep2026 23:37:43.560] [modloading-worker-0/DEBUG] [io.netty.buffer.ByteBufUtil/]: -Dio.netty.maxThreadLocalCharBufferSize: 16384
[25Sep2026 23:37:43.570] [modloading-worker-0/DEBUG] [net.neoforged.fml.config.ConfigTracker/CONFIG]: Config file irons_spellbooks-server.toml for irons_spellbooks tracking
[25Sep2026 23:37:43.570] [modloading-worker-0/DEBUG] [net.neoforged.fml.javafmlmod.AutomaticEventSubscriber/LOADING]: Attempting to inject @EventBusSubscriber classes into the eventbus for irons_spellbooks
[25Sep2026 23:37:43.571] [modloading-worker-0/DEBUG] [net.neoforged.fml.javafmlmod.AutomaticEventSubscriber/LOADING]: Scanning class io.redspace.ironsspellbooks.worldgen.VillageAddition for @SubscribeEvent-annotated methods
[25Sep2026 23:37:43.573] [modloading-worker-0/DEBUG] [net.neoforged.fml.javafmlmod.AutomaticEventSubscriber/]: Subscribing @EventBusSubscriber class Lio/redspace/ironsspellbooks/worldgen/VillageAddition; to the game event bus
[25Sep2026 23:37:43.575] [modloading-worker-0/DEBUG] [net.neoforged.fml.javafmlmod.AutomaticEventSubscriber/LOADING]: Scanning class io.redspace.ironsspellbooks.setup.PayloadHandler for @SubscribeEvent-annotated methods
[25Sep2026 23:37:43.577] [modloading-worker-0/DEBUG] [net.neoforged.fml.javafmlmod.AutomaticEventSubscriber/]: Subscribing @EventBusSubscriber class Lio/redspace/ironsspellbooks/setup/PayloadHandler; to the mod event bus of mod irons_spellbooks
[25Sep2026 23:37:43.579] [modloading-worker-0/DEBUG] [net.neoforged.fml.javafmlmod.AutomaticEventSubscriber/LOADING]: Scanning class io.redspace.ironsspellbooks.setup.CommonSetup for @SubscribeEvent-annotated methods
[25Sep2026 23:37:43.593] [modloading-worker-0/DEBUG] [net.neoforged.fml.javafmlmod.AutomaticEventSubscriber/]: Subscribing @EventBusSubscriber class Lnet/neoforged/neoforge/network/filters/GenericPacketSplitter; to the mod event bus of mod neoforge
[25Sep2026 23:37:43.593] [modloading-worker-0/DEBUG] [net.neoforged.fml.javafmlmod.AutomaticEventSubscriber/]: Subscribing @EventBusSubscriber class Lio/redspace/ironsspellbooks/setup/CommonSetup; to the mod event bus of mod irons_spellbooks
[25Sep2026 23:37:43.599] [modloading-worker-0/DEBUG] [net.neoforged.fml.javafmlmod.AutomaticEventSubscriber/LOADING]: Scanning class io.redspace.ironsspellbooks.setup.ClientSetup for @SubscribeEvent-annotated methods
[25Sep2026 23:37:43.609] [modloading-worker-0/DEBUG] [net.neoforged.fml.javafmlmod.AutomaticEventSubscriber/LOADING]: Scanning class net.neoforged.neoforge.network.NetworkInitialization for @SubscribeEvent-annotated methods
[25Sep2026 23:37:43.612] [modloading-worker-0/DEBUG] [net.neoforged.fml.javafmlmod.AutomaticEventSubscriber/]: Subscribing @EventBusSubscriber class Lnet/neoforged/neoforge/network/NetworkInitialization; to the mod event bus of mod neoforge
[25Sep2026 23:37:43.613] [modloading-worker-0/DEBUG] [net.neoforged.fml.javafmlmod.AutomaticEventSubscriber/LOADING]: Scanning class net.neoforged.neoforge.network.ConfigurationInitialization for @SubscribeEvent-annotated methods
[25Sep2026 23:37:43.616] [modloading-worker-0/DEBUG] [mixin/]: Mixing EntityRendererMixin from irons_spellbooks.mixins.json into net.minecraft.client.renderer.entity.EntityRenderer
[25Sep2026 23:37:43.619] [modloading-worker-0/DEBUG] [mixin/]: Mixing features.render.entity.cull.EntityRendererMixin from embeddium.mixins.json into net.minecraft.client.renderer.entity.EntityRenderer
[25Sep2026 23:37:43.619] [modloading-worker-0/DEBUG] [mixin/]: embeddium.mixins.json:features.render.entity.cull.EntityRendererMixin from mod embeddium: Class version 65 required is higher than the class version supported by the current version of Mixin (JAVA_17 supports class version 61)
[25Sep2026 23:37:43.638] [modloading-worker-0/DEBUG] [mixin/]: irons_spellbooks.mixins.json:EntityRendererMixin from mod irons_spellbooks->@Inject::renderRayOverride(Lnet/minecraft/world/entity/Entity;Lnet/minecraft/client/renderer/culling/Frustum;DDDLorg/spongepowered/asm/mixin/injection/callback/CallbackInfoReturnable;)V does use it's CallbackInfoReturnable
[25Sep2026 23:37:43.658] [modloading-worker-0/DEBUG] [net.neoforged.fml.javafmlmod.AutomaticEventSubscriber/]: Subscribing @EventBusSubscriber class Lnet/neoforged/neoforge/network/ConfigurationInitialization; to the mod event bus of mod neoforge
[25Sep2026 23:37:43.659] [modloading-worker-0/DEBUG] [net.neoforged.fml.javafmlmod.AutomaticEventSubscriber/LOADING]: Scanning class net.neoforged.neoforge.common.MonsterRoomHooks for @SubscribeEvent-annotated methods
[25Sep2026 23:37:43.663] [modloading-worker-0/DEBUG] [net.neoforged.fml.javafmlmod.AutomaticEventSubscriber/]: Subscribing @EventBusSubscriber class Lnet/neoforged/neoforge/common/MonsterRoomHooks; to the game event bus
[25Sep2026 23:37:43.664] [modloading-worker-0/DEBUG] [net.neoforged.fml.javafmlmod.AutomaticEventSubscriber/LOADING]: Scanning class net.neoforged.neoforge.common.DeferredSpawnEggItem$CommonHandler for @SubscribeEvent-annotated methods
[25Sep2026 23:37:43.666] [modloading-worker-0/DEBUG] [net.neoforged.fml.javafmlmod.AutomaticEventSubscriber/]: Subscribing @EventBusSubscriber class Lnet/neoforged/neoforge/common/DeferredSpawnEggItem$CommonHandler; to the mod event bus of mod neoforge
[25Sep2026 23:37:43.667] [modloading-worker-0/DEBUG] [net.neoforged.fml.javafmlmod.AutomaticEventSubscriber/LOADING]: Scanning class net.neoforged.neoforge.common.DeferredSpawnEggItem$ColorRegisterHandler for @SubscribeEvent-annotated methods
[25Sep2026 23:37:43.670] [modloading-worker-0/DEBUG] [net.neoforged.fml.javafmlmod.AutomaticEventSubscriber/]: Subscribing @EventBusSubscriber class Lnet/neoforged/neoforge/common/DeferredSpawnEggItem$ColorRegisterHandler; to the mod event bus of mod neoforge
[25Sep2026 23:37:43.671] [modloading-worker-0/DEBUG] [net.neoforged.fml.javafmlmod.AutomaticEventSubscriber/LOADING]: Scanning class net.neoforged.neoforge.client.model.data.ModelDataManager for @SubscribeEvent-annotated methods
[25Sep2026 23:37:43.680] [modloading-worker-0/DEBUG] [net.neoforged.fml.javafmlmod.AutomaticEventSubscriber/]: Subscribing @EventBusSubscriber class Lnet/neoforged/neoforge/client/model/data/ModelDataManager; to the game event bus
[25Sep2026 23:37:43.681] [modloading-worker-0/DEBUG] [net.neoforged.fml.javafmlmod.AutomaticEventSubscriber/LOADING]: Scanning class net.neoforged.neoforge.client.ParticleBoundsDebugRenderer for @SubscribeEvent-annotated methods
[25Sep2026 23:37:43.688] [modloading-worker-0/DEBUG] [mixin/]: Mixing ParticleAccessor from irons_spellbooks.mixins.json into net.minecraft.client.particle.Particle
[25Sep2026 23:37:43.690] [modloading-worker-0/DEBUG] [mixin/]: Mixing ParticleMixin from irons_spellbooks.mixins.json into net.minecraft.client.particle.Particle
[25Sep2026 23:37:43.709] [modloading-worker-0/DEBUG] [net.neoforged.fml.javafmlmod.AutomaticEventSubscriber/]: Subscribing @EventBusSubscriber class Lnet/neoforged/neoforge/client/ParticleBoundsDebugRenderer; to the game event bus
[25Sep2026 23:37:43.712] [modloading-worker-0/DEBUG] [net.neoforged.fml.javafmlmod.AutomaticEventSubscriber/LOADING]: Scanning class net.neoforged.neoforge.client.ClientHooks$ClientEvents for @SubscribeEvent-annotated methods
[25Sep2026 23:37:43.717] [modloading-worker-0/DEBUG] [mixin/]: Mixing features.shader.uniform.ShaderProgramMixin from embeddium.mixins.json into net.minecraft.client.renderer.ShaderInstance
[25Sep2026 23:37:43.717] [modloading-worker-0/DEBUG] [mixin/]: embeddium.mixins.json:features.shader.uniform.ShaderProgramMixin from mod embeddium: Class version 65 required is higher than the class version supported by the current version of Mixin (JAVA_17 supports class version 61)
[25Sep2026 23:37:43.810] [modloading-worker-0/DEBUG] [net.neoforged.fml.javafmlmod.AutomaticEventSubscriber/]: Subscribing @EventBusSubscriber class Lio/redspace/ironsspellbooks/setup/ClientSetup; to the mod event bus of mod irons_spellbooks
[25Sep2026 23:37:43.812] [modloading-worker-0/DEBUG] [net.neoforged.fml.javafmlmod.AutomaticEventSubscriber/]: Subscribing @EventBusSubscriber class Lnet/neoforged/neoforge/client/ClientHooks$ClientEvents; to the mod event bus of mod neoforge
[25Sep2026 23:37:43.814] [modloading-worker-0/DEBUG] [net.neoforged.fml.javafmlmod.AutomaticEventSubscriber/LOADING]: Scanning class net.neoforged.neoforge.client.BlockEntityRenderBoundsDebugRenderer for @SubscribeEvent-annotated methods
[25Sep2026 23:37:43.818] [modloading-worker-0/DEBUG] [net.neoforged.fml.javafmlmod.AutomaticEventSubscriber/]: Subscribing @EventBusSubscriber class Lnet/neoforged/neoforge/client/BlockEntityRenderBoundsDebugRenderer; to the game event bus
[25Sep2026 23:37:43.820] [modloading-worker-0/DEBUG] [net.neoforged.fml.javafmlmod.AutomaticEventSubscriber/LOADING]: Scanning class net.neoforged.neoforge.attachment.AttachmentSync for @SubscribeEvent-annotated methods
[25Sep2026 23:37:43.822] [modloading-worker-0/DEBUG] [net.neoforged.fml.javafmlmod.AutomaticEventSubscriber/LOADING]: Scanning class io.redspace.ironsspellbooks.registries.PotionRegistry for @SubscribeEvent-annotated methods
[25Sep2026 23:37:43.824] [modloading-worker-0/DEBUG] [net.neoforged.fml.javafmlmod.AutomaticEventSubscriber/]: Subscribing @EventBusSubscriber class Lio/redspace/ironsspellbooks/registries/PotionRegistry; to the game event bus
[25Sep2026 23:37:43.825] [modloading-worker-0/DEBUG] [net.neoforged.fml.javafmlmod.AutomaticEventSubscriber/LOADING]: Scanning class io.redspace.ironsspellbooks.registries.OverlayRegistry for @SubscribeEvent-annotated methods
[25Sep2026 23:37:43.827] [modloading-worker-0/DEBUG] [net.neoforged.fml.javafmlmod.AutomaticEventSubscriber/]: Subscribing @EventBusSubscriber class Lio/redspace/ironsspellbooks/registries/OverlayRegistry; to the mod event bus of mod irons_spellbooks
[25Sep2026 23:37:43.829] [modloading-worker-0/DEBUG] [net.neoforged.fml.javafmlmod.AutomaticEventSubscriber/LOADING]: Scanning class io.redspace.ironsspellbooks.registries.CreativeTabRegistry for @SubscribeEvent-annotated methods
[25Sep2026 23:37:43.829] [modloading-worker-0/DEBUG] [net.neoforged.fml.javafmlmod.AutomaticEventSubscriber/]: Subscribing @EventBusSubscriber class Lio/redspace/ironsspellbooks/registries/CreativeTabRegistry; to the mod event bus of mod irons_spellbooks
[25Sep2026 23:37:43.830] [modloading-worker-0/DEBUG] [net.neoforged.fml.javafmlmod.AutomaticEventSubscriber/LOADING]: Scanning class io.redspace.ironsspellbooks.registries.CommandRegistry for @SubscribeEvent-annotated methods
[25Sep2026 23:37:43.832] [modloading-worker-0/DEBUG] [net.neoforged.fml.javafmlmod.AutomaticEventSubscriber/]: Subscribing @EventBusSubscriber class Lio/redspace/ironsspellbooks/registries/CommandRegistry; to the game event bus
[25Sep2026 23:37:43.834] [modloading-worker-0/DEBUG] [net.neoforged.fml.javafmlmod.AutomaticEventSubscriber/LOADING]: Scanning class io.redspace.ironsspellbooks.player.ServerPlayerEvents for @SubscribeEvent-annotated methods
[25Sep2026 23:37:43.840] [modloading-worker-0/DEBUG] [net.neoforged.fml.javafmlmod.AutomaticEventSubscriber/]: Subscribing @EventBusSubscriber class Lnet/neoforged/neoforge/attachment/AttachmentSync; to the game event bus
[25Sep2026 23:37:43.842] [modloading-worker-0/DEBUG] [net.neoforged.fml.javafmlmod.AutomaticEventSubscriber/LOADING]: Scanning class net.neoforged.neoforge.attachment.AttachmentInternals for @SubscribeEvent-annotated methods
[25Sep2026 23:37:43.845] [modloading-worker-0/DEBUG] [net.neoforged.fml.javafmlmod.AutomaticEventSubscriber/]: Subscribing @EventBusSubscriber class Lnet/neoforged/neoforge/attachment/AttachmentInternals; to the game event bus
[25Sep2026 23:37:43.856] [modloading-worker-0/DEBUG] [net.neoforged.fml.javafmlmod.AutomaticEventSubscriber/]: Subscribing @EventBusSubscriber class Lio/redspace/ironsspellbooks/player/ServerPlayerEvents; to the game event bus
[25Sep2026 23:37:43.903] [modloading-worker-0/DEBUG] [net.neoforged.fml.javafmlmod.AutomaticEventSubscriber/LOADING]: Scanning class io.redspace.ironsspellbooks.player.KeyMappings for @SubscribeEvent-annotated methods
[25Sep2026 23:37:43.906] [modloading-worker-0/DEBUG] [net.neoforged.fml.javafmlmod.AutomaticEventSubscriber/]: Subscribing @EventBusSubscriber class Lio/redspace/ironsspellbooks/player/KeyMappings; to the mod event bus of mod irons_spellbooks
[25Sep2026 23:37:43.908] [modloading-worker-0/DEBUG] [net.neoforged.fml.javafmlmod.AutomaticEventSubscriber/LOADING]: Scanning class io.redspace.ironsspellbooks.player.ClientPlayerEvents for @SubscribeEvent-annotated methods
[25Sep2026 23:37:43.926] [modloading-worker-0/DEBUG] [net.neoforged.fml.javafmlmod.AutomaticEventSubscriber/]: Subscribing @EventBusSubscriber class Lio/redspace/ironsspellbooks/player/ClientPlayerEvents; to the game event bus
[25Sep2026 23:37:43.940] [modloading-worker-0/DEBUG] [net.neoforged.fml.javafmlmod.AutomaticEventSubscriber/LOADING]: Scanning class io.redspace.ironsspellbooks.player.ClientInputEvents for @SubscribeEvent-annotated methods
[25Sep2026 23:37:43.945] [modloading-worker-0/DEBUG] [net.neoforged.fml.javafmlmod.AutomaticEventSubscriber/]: Subscribing @EventBusSubscriber class Lio/redspace/ironsspellbooks/player/ClientInputEvents; to the game event bus
[25Sep2026 23:37:43.948] [modloading-worker-0/DEBUG] [net.neoforged.fml.javafmlmod.AutomaticEventSubscriber/LOADING]: Scanning class io.redspace.ironsspellbooks.player.AdditionalWanderingTrades for @SubscribeEvent-annotated methods
[25Sep2026 23:37:43.958] [modloading-worker-0/DEBUG] [net.neoforged.fml.javafmlmod.AutomaticEventSubscriber/]: Subscribing @EventBusSubscriber class Lio/redspace/ironsspellbooks/player/AdditionalWanderingTrades; to the game event bus
[25Sep2026 23:37:43.960] [modloading-worker-0/DEBUG] [net.neoforged.fml.javafmlmod.AutomaticEventSubscriber/LOADING]: Scanning class io.redspace.ironsspellbooks.particle.FallingBlockParticle for @SubscribeEvent-annotated methods
[25Sep2026 23:37:43.964] [modloading-worker-0/DEBUG] [mixin/]: Mixing features.textures.animations.tracking.SpriteBillboardParticleMixin from embeddium.mixins.json into net.minecraft.client.particle.TextureSheetParticle
[25Sep2026 23:37:43.965] [modloading-worker-0/DEBUG] [mixin/]: embeddium.mixins.json:features.textures.animations.tracking.SpriteBillboardParticleMixin from mod embeddium: Class version 65 required is higher than the class version supported by the current version of Mixin (JAVA_17 supports class version 61)
[25Sep2026 23:37:43.971] [modloading-worker-0/DEBUG] [mixin/]: embeddium.mixins.json:features.textures.animations.tracking.SpriteBillboardParticleMixin from mod embeddium->@Inject::afterSetSprite(Lnet/minecraft/client/renderer/texture/TextureAtlasSprite;Lorg/spongepowered/asm/mixin/injection/callback/CallbackInfo;)V doesn't use it's CallbackInfo
[25Sep2026 23:37:43.971] [modloading-worker-0/DEBUG] [mixin/]: embeddium.mixins.json:features.textures.animations.tracking.SpriteBillboardParticleMixin from mod embeddium->@Inject::afterSetSprite(Lnet/minecraft/client/renderer/texture/TextureAtlasSprite;Lorg/spongepowered/asm/mixin/injection/callback/CallbackInfo;)V has 0 override(s) in child classes
[25Sep2026 23:37:43.971] [modloading-worker-0/DEBUG] [mixin/]: embeddium.mixins.json:features.textures.animations.tracking.SpriteBillboardParticleMixin from mod embeddium->@Inject::afterSetSprite(Lnet/minecraft/client/renderer/texture/TextureAtlasSprite;Lorg/spongepowered/asm/mixin/injection/callback/CallbackInfo;)V won't be passed a CallbackInfo as a result
[25Sep2026 23:37:43.974] [modloading-worker-0/DEBUG] [mixin/]: Mixing features.render.particle.BillboardParticleMixin from embeddium.mixins.json into net.minecraft.client.particle.SingleQuadParticle
[25Sep2026 23:37:43.975] [modloading-worker-0/DEBUG] [mixin/]: embeddium.mixins.json:features.render.particle.BillboardParticleMixin from mod embeddium: Class version 65 required is higher than the class version supported by the current version of Mixin (JAVA_17 supports class version 61)
[25Sep2026 23:37:44.016] [modloading-worker-0/DEBUG] [mixin/]: embeddium.mixins.json:features.render.particle.BillboardParticleMixin from mod embeddium->@Inject::renderRotatedQuadFast(Lcom/mojang/blaze3d/vertex/VertexConsumer;Lorg/joml/Quaternionf;FFFFLorg/spongepowered/asm/mixin/injection/callback/CallbackInfo;)V does use it's CallbackInfo
[25Sep2026 23:37:44.026] [modloading-worker-0/DEBUG] [mixin/]: Mixing firstPerson.CameraAccessor from playerAnimator-common.mixins.json into net.minecraft.client.Camera
[25Sep2026 23:37:44.035] [modloading-worker-0/DEBUG] [net.neoforged.fml.javafmlmod.AutomaticEventSubscriber/]: Subscribing @EventBusSubscriber class Lio/redspace/ironsspellbooks/particle/FallingBlockParticle; to the game event bus
[25Sep2026 23:37:44.042] [modloading-worker-0/DEBUG] [net.neoforged.fml.javafmlmod.AutomaticEventSubscriber/LOADING]: Scanning class io.redspace.ironsspellbooks.particle.ClientShieldHelper for @SubscribeEvent-annotated methods
[25Sep2026 23:37:44.045] [modloading-worker-0/DEBUG] [net.neoforged.fml.javafmlmod.AutomaticEventSubscriber/]: Subscribing @EventBusSubscriber class Lio/redspace/ironsspellbooks/particle/ClientShieldHelper; to the game event bus
[25Sep2026 23:37:44.049] [modloading-worker-0/DEBUG] [net.neoforged.fml.javafmlmod.AutomaticEventSubscriber/LOADING]: Scanning class io.redspace.ironsspellbooks.loot.LootDebugEvents for @SubscribeEvent-annotated methods
[25Sep2026 23:37:44.051] [modloading-worker-0/DEBUG] [net.neoforged.fml.javafmlmod.AutomaticEventSubscriber/]: Subscribing @EventBusSubscriber class Lio/redspace/ironsspellbooks/loot/LootDebugEvents; to the game event bus
[25Sep2026 23:37:44.053] [modloading-worker-0/DEBUG] [net.neoforged.fml.javafmlmod.AutomaticEventSubscriber/LOADING]: Scanning class io.redspace.ironsspellbooks.item.FurledMapCraftableItem for @SubscribeEvent-annotated methods
[25Sep2026 23:37:44.057] [modloading-worker-0/DEBUG] [net.neoforged.fml.javafmlmod.AutomaticEventSubscriber/]: Subscribing @EventBusSubscriber class Lio/redspace/ironsspellbooks/item/FurledMapCraftableItem; to the mod event bus of mod irons_spellbooks
[25Sep2026 23:37:44.059] [modloading-worker-0/DEBUG] [net.neoforged.fml.javafmlmod.AutomaticEventSubscriber/LOADING]: Scanning class io.redspace.ironsspellbooks.item.curios.WickedBoneRingItem for @SubscribeEvent-annotated methods
[25Sep2026 23:37:44.060] [modloading-worker-0/DEBUG] [net.neoforged.fml.javafmlmod.AutomaticEventSubscriber/]: Subscribing @EventBusSubscriber class Lio/redspace/ironsspellbooks/item/curios/WickedBoneRingItem; to the game event bus
[25Sep2026 23:37:44.061] [modloading-worker-0/DEBUG] [net.neoforged.fml.javafmlmod.AutomaticEventSubscriber/LOADING]: Scanning class io.redspace.ironsspellbooks.item.curios.LurkerRing for @SubscribeEvent-annotated methods
[25Sep2026 23:37:44.063] [modloading-worker-0/DEBUG] [net.neoforged.fml.javafmlmod.AutomaticEventSubscriber/]: Subscribing @EventBusSubscriber class Lio/redspace/ironsspellbooks/item/curios/LurkerRing; to the game event bus
[25Sep2026 23:37:44.064] [modloading-worker-0/DEBUG] [net.neoforged.fml.javafmlmod.AutomaticEventSubscriber/LOADING]: Scanning class io.redspace.ironsspellbooks.item.curios.ExpulsionRing for @SubscribeEvent-annotated methods
[25Sep2026 23:37:44.066] [modloading-worker-0/DEBUG] [net.neoforged.fml.javafmlmod.AutomaticEventSubscriber/]: Subscribing @EventBusSubscriber class Lio/redspace/ironsspellbooks/item/curios/ExpulsionRing; to the game event bus
[25Sep2026 23:37:44.067] [modloading-worker-0/DEBUG] [net.neoforged.fml.javafmlmod.AutomaticEventSubscriber/LOADING]: Scanning class io.redspace.ironsspellbooks.item.curios.BetrayerSignetRingItem for @SubscribeEvent-annotated methods
[25Sep2026 23:37:44.069] [modloading-worker-0/DEBUG] [net.neoforged.fml.javafmlmod.AutomaticEventSubscriber/]: Subscribing @EventBusSubscriber class Lio/redspace/ironsspellbooks/item/curios/BetrayerSignetRingItem; to the game event bus
[25Sep2026 23:37:44.071] [modloading-worker-0/DEBUG] [net.neoforged.fml.javafmlmod.AutomaticEventSubscriber/LOADING]: Scanning class io.redspace.ironsspellbooks.gui.overlays.RecastOverlay for @SubscribeEvent-annotated methods
[25Sep2026 23:37:44.074] [modloading-worker-0/DEBUG] [net.neoforged.fml.javafmlmod.AutomaticEventSubscriber/]: Subscribing @EventBusSubscriber class Lio/redspace/ironsspellbooks/gui/overlays/RecastOverlay; to the game event bus
[25Sep2026 23:37:44.075] [modloading-worker-0/DEBUG] [net.neoforged.fml.javafmlmod.AutomaticEventSubscriber/LOADING]: Scanning class io.redspace.ironsspellbooks.entity.mobs.wizards.WizardAIEvents for @SubscribeEvent-annotated methods
[25Sep2026 23:37:44.082] [modloading-worker-0/DEBUG] [net.neoforged.fml.javafmlmod.AutomaticEventSubscriber/]: Subscribing @EventBusSubscriber class Lio/redspace/ironsspellbooks/entity/mobs/wizards/WizardAIEvents; to the game event bus
[25Sep2026 23:37:44.085] [modloading-worker-0/DEBUG] [net.neoforged.fml.javafmlmod.AutomaticEventSubscriber/LOADING]: Scanning class io.redspace.ironsspellbooks.entity.mobs.ice_spider.IceSpiderEntity for @SubscribeEvent-annotated methods
[25Sep2026 23:37:44.131] [modloading-worker-0/DEBUG] [net.neoforged.fml.javafmlmod.AutomaticEventSubscriber/]: Subscribing @EventBusSubscriber class Lio/redspace/ironsspellbooks/entity/mobs/ice_spider/IceSpiderEntity; to the game event bus
[25Sep2026 23:37:44.143] [modloading-worker-0/DEBUG] [net.neoforged.fml.javafmlmod.AutomaticEventSubscriber/LOADING]: Scanning class io.redspace.ironsspellbooks.entity.mobs.dead_king_boss.DeadKingBoss for @SubscribeEvent-annotated methods
[25Sep2026 23:37:44.189] [modloading-worker-0/DEBUG] [net.neoforged.fml.javafmlmod.AutomaticEventSubscriber/]: Subscribing @EventBusSubscriber class Lio/redspace/ironsspellbooks/entity/mobs/dead_king_boss/DeadKingBoss; to the game event bus
[25Sep2026 23:37:44.192] [modloading-worker-0/DEBUG] [net.neoforged.fml.javafmlmod.AutomaticEventSubscriber/LOADING]: Scanning class io.redspace.ironsspellbooks.effect.TrueInvisibilityEffect for @SubscribeEvent-annotated methods
[25Sep2026 23:37:44.193] [modloading-worker-0/DEBUG] [net.neoforged.fml.javafmlmod.AutomaticEventSubscriber/]: Subscribing @EventBusSubscriber class Lio/redspace/ironsspellbooks/effect/TrueInvisibilityEffect; to the game event bus
[25Sep2026 23:37:44.197] [modloading-worker-0/DEBUG] [net.neoforged.fml.javafmlmod.AutomaticEventSubscriber/LOADING]: Scanning class io.redspace.ironsspellbooks.effect.SpiderAspectEffect for @SubscribeEvent-annotated methods
[25Sep2026 23:37:44.199] [modloading-worker-0/DEBUG] [net.neoforged.fml.javafmlmod.AutomaticEventSubscriber/]: Subscribing @EventBusSubscriber class Lio/redspace/ironsspellbooks/effect/SpiderAspectEffect; to the game event bus
[25Sep2026 23:37:44.200] [modloading-worker-0/DEBUG] [net.neoforged.fml.javafmlmod.AutomaticEventSubscriber/LOADING]: Scanning class io.redspace.ironsspellbooks.effect.SoulBurnMobEffect for @SubscribeEvent-annotated methods
[25Sep2026 23:37:44.201] [modloading-worker-0/DEBUG] [net.neoforged.fml.javafmlmod.AutomaticEventSubscriber/]: Subscribing @EventBusSubscriber class Lio/redspace/ironsspellbooks/effect/SoulBurnMobEffect; to the game event bus
[25Sep2026 23:37:44.202] [modloading-worker-0/DEBUG] [net.neoforged.fml.javafmlmod.AutomaticEventSubscriber/LOADING]: Scanning class io.redspace.ironsspellbooks.effect.SacrificialMarkEffect for @SubscribeEvent-annotated methods
[25Sep2026 23:37:44.203] [modloading-worker-0/DEBUG] [net.neoforged.fml.javafmlmod.AutomaticEventSubscriber/]: Subscribing @EventBusSubscriber class Lio/redspace/ironsspellbooks/effect/SacrificialMarkEffect; to the game event bus
[25Sep2026 23:37:44.204] [modloading-worker-0/DEBUG] [net.neoforged.fml.javafmlmod.AutomaticEventSubscriber/LOADING]: Scanning class io.redspace.ironsspellbooks.effect.OakskinEffect for @SubscribeEvent-annotated methods
[25Sep2026 23:37:44.207] [modloading-worker-0/DEBUG] [net.neoforged.fml.javafmlmod.AutomaticEventSubscriber/]: Subscribing @EventBusSubscriber class Lio/redspace/ironsspellbooks/effect/OakskinEffect; to the game event bus
[25Sep2026 23:37:44.209] [modloading-worker-0/DEBUG] [net.neoforged.fml.javafmlmod.AutomaticEventSubscriber/LOADING]: Scanning class io.redspace.ironsspellbooks.effect.guiding_bolt.GuidingBoltManager for @SubscribeEvent-annotated methods
[25Sep2026 23:37:44.214] [modloading-worker-0/DEBUG] [net.neoforged.fml.javafmlmod.AutomaticEventSubscriber/]: Subscribing @EventBusSubscriber class Lio/redspace/ironsspellbooks/effect/guiding_bolt/GuidingBoltManager; to the game event bus
[25Sep2026 23:37:44.217] [modloading-worker-0/DEBUG] [net.neoforged.fml.javafmlmod.AutomaticEventSubscriber/LOADING]: Scanning class io.redspace.ironsspellbooks.effect.GluttonyEffect for @SubscribeEvent-annotated methods
[25Sep2026 23:37:44.218] [modloading-worker-0/DEBUG] [net.neoforged.fml.javafmlmod.AutomaticEventSubscriber/]: Subscribing @EventBusSubscriber class Lio/redspace/ironsspellbooks/effect/GluttonyEffect; to the game event bus
[25Sep2026 23:37:44.220] [modloading-worker-0/DEBUG] [net.neoforged.fml.javafmlmod.AutomaticEventSubscriber/LOADING]: Scanning class io.redspace.ironsspellbooks.effect.FrostbiteEffect for @SubscribeEvent-annotated methods
[25Sep2026 23:37:44.220] [modloading-worker-0/DEBUG] [net.neoforged.fml.javafmlmod.AutomaticEventSubscriber/]: Subscribing @EventBusSubscriber class Lio/redspace/ironsspellbooks/effect/FrostbiteEffect; to the game event bus
[25Sep2026 23:37:44.222] [modloading-worker-0/DEBUG] [net.neoforged.fml.javafmlmod.AutomaticEventSubscriber/LOADING]: Scanning class io.redspace.ironsspellbooks.effect.EchoingStrikesEffect for @SubscribeEvent-annotated methods
[25Sep2026 23:37:44.228] [modloading-worker-0/DEBUG] [net.neoforged.fml.javafmlmod.AutomaticEventSubscriber/]: Subscribing @EventBusSubscriber class Lio/redspace/ironsspellbooks/effect/EchoingStrikesEffect; to the game event bus
[25Sep2026 23:37:44.231] [modloading-worker-0/DEBUG] [net.neoforged.fml.javafmlmod.AutomaticEventSubscriber/LOADING]: Scanning class io.redspace.ironsspellbooks.effect.BlightEffect for @SubscribeEvent-annotated methods
[25Sep2026 23:37:44.231] [modloading-worker-0/DEBUG] [net.neoforged.fml.javafmlmod.AutomaticEventSubscriber/]: Subscribing @EventBusSubscriber class Lio/redspace/ironsspellbooks/effect/BlightEffect; to the game event bus
[25Sep2026 23:37:44.234] [modloading-worker-0/DEBUG] [net.neoforged.fml.javafmlmod.AutomaticEventSubscriber/LOADING]: Scanning class io.redspace.ironsspellbooks.datagen.DataGenerators for @SubscribeEvent-annotated methods
[25Sep2026 23:37:44.242] [modloading-worker-0/DEBUG] [net.neoforged.fml.javafmlmod.AutomaticEventSubscriber/]: Subscribing @EventBusSubscriber class Lio/redspace/ironsspellbooks/datagen/DataGenerators; to the mod event bus of mod irons_spellbooks
[25Sep2026 23:37:44.243] [modloading-worker-0/DEBUG] [net.neoforged.fml.javafmlmod.AutomaticEventSubscriber/LOADING]: Scanning class io.redspace.ironsspellbooks.damage.DamageSources for @SubscribeEvent-annotated methods
[25Sep2026 23:37:44.247] [modloading-worker-0/DEBUG] [net.neoforged.fml.javafmlmod.AutomaticEventSubscriber/]: Subscribing @EventBusSubscriber class Lio/redspace/ironsspellbooks/damage/DamageSources; to the game event bus
[25Sep2026 23:37:44.250] [modloading-worker-0/DEBUG] [net.neoforged.fml.javafmlmod.AutomaticEventSubscriber/LOADING]: Scanning class io.redspace.ironsspellbooks.capabilities.magic.SummonManager for @SubscribeEvent-annotated methods
[25Sep2026 23:37:44.263] [modloading-worker-0/DEBUG] [net.neoforged.fml.javafmlmod.AutomaticEventSubscriber/]: Subscribing @EventBusSubscriber class Lio/redspace/ironsspellbooks/capabilities/magic/SummonManager; to the game event bus
[25Sep2026 23:37:44.267] [modloading-worker-0/DEBUG] [net.neoforged.fml.javafmlmod.AutomaticEventSubscriber/LOADING]: Scanning class io.redspace.ironsspellbooks.api.util.MusicManager for @SubscribeEvent-annotated methods
[25Sep2026 23:37:44.269] [modloading-worker-0/DEBUG] [net.neoforged.fml.javafmlmod.AutomaticEventSubscriber/]: Subscribing @EventBusSubscriber class Lio/redspace/ironsspellbooks/api/util/MusicManager; to the game event bus
[25Sep2026 23:37:44.271] [modloading-worker-0/DEBUG] [net.neoforged.fml.javafmlmod.AutomaticEventSubscriber/LOADING]: Scanning class io.redspace.ironsspellbooks.api.util.FogManager for @SubscribeEvent-annotated methods
[25Sep2026 23:37:44.275] [modloading-worker-0/DEBUG] [net.neoforged.fml.javafmlmod.AutomaticEventSubscriber/]: Subscribing @EventBusSubscriber class Lio/redspace/ironsspellbooks/api/util/FogManager; to the game event bus
[25Sep2026 23:37:44.276] [modloading-worker-0/DEBUG] [net.neoforged.fml.javafmlmod.AutomaticEventSubscriber/LOADING]: Scanning class io.redspace.ironsspellbooks.api.util.CameraShakeManager for @SubscribeEvent-annotated methods
[25Sep2026 23:37:44.284] [modloading-worker-0/DEBUG] [net.neoforged.fml.javafmlmod.AutomaticEventSubscriber/]: Subscribing @EventBusSubscriber class Lio/redspace/ironsspellbooks/api/util/CameraShakeManager; to the game event bus
[25Sep2026 23:37:44.288] [modloading-worker-0/DEBUG] [net.neoforged.fml.javafmlmod.AutomaticEventSubscriber/LOADING]: Scanning class io.redspace.ironsspellbooks.api.util.BossbarManager for @SubscribeEvent-annotated methods
[25Sep2026 23:37:44.290] [modloading-worker-0/DEBUG] [net.neoforged.fml.javafmlmod.AutomaticEventSubscriber/]: Subscribing @EventBusSubscriber class Lio/redspace/ironsspellbooks/api/util/BossbarManager; to the game event bus
[25Sep2026 23:37:44.292] [modloading-worker-0/DEBUG] [net.neoforged.fml.javafmlmod.AutomaticEventSubscriber/LOADING]: Scanning class io.redspace.ironsspellbooks.api.registry.AttributeRegistry for @SubscribeEvent-annotated methods
[25Sep2026 23:37:44.292] [modloading-worker-0/DEBUG] [net.neoforged.fml.javafmlmod.AutomaticEventSubscriber/]: Subscribing @EventBusSubscriber class Lio/redspace/ironsspellbooks/api/registry/AttributeRegistry; to the mod event bus of mod irons_spellbooks
[25Sep2026 23:37:44.294] [modloading-worker-0/DEBUG] [net.neoforged.fml.javafmlmod.AutomaticEventSubscriber/LOADING]: Scanning class io.redspace.ironsspellbooks.api.config.SpellConfigManager for @SubscribeEvent-annotated methods
[25Sep2026 23:37:44.307] [modloading-worker-0/DEBUG] [net.neoforged.fml.javafmlmod.AutomaticEventSubscriber/]: Subscribing @EventBusSubscriber class Lio/redspace/ironsspellbooks/api/config/SpellConfigManager; to the game event bus
[25Sep2026 23:37:44.321] [modloading-sync-worker/DEBUG] [io.redspace.ironsspellbooks.IronsSpellbooks/]: SchoolRegistry.registerRegistry
[25Sep2026 23:37:44.321] [modloading-sync-worker/DEBUG] [io.redspace.ironsspellbooks.IronsSpellbooks/]: SpellRegistry.registerRegistry
[25Sep2026 23:37:46.458] [modloading-sync-worker/DEBUG] [mixin/]: Mixing ThirdPersonRendererMixin from moonlight-common.mixins.json into net.minecraft.client.model.HumanoidModel
[25Sep2026 23:37:46.461] [modloading-sync-worker/DEBUG] [mixin/]: moonlight-common.mixins.json:ThirdPersonRendererMixin from mod moonlight: Class version 65 required is higher than the class version supported by the current version of Mixin (JAVA_17 supports class version 61)
[25Sep2026 23:37:46.467] [modloading-sync-worker/DEBUG] [mixin/]: Mixing BipedEntityModelMixin from playerAnimator-common.mixins.json into net.minecraft.client.model.HumanoidModel
[25Sep2026 23:37:46.468] [modloading-sync-worker/DEBUG] [mixin/]: Renaming synthetic method lambda$renderToBuffer$3(Lcom/mojang/blaze3d/vertex/PoseStack;Lcom/mojang/blaze3d/vertex/VertexConsumer;IIILnet/minecraft/client/model/geom/ModelPart;)V to mdb288f6$playeranimator$lambda$renderToBuffer$3$0 in playerAnimator-common.mixins.json:BipedEntityModelMixin from mod playeranimator
[25Sep2026 23:37:46.469] [modloading-sync-worker/DEBUG] [mixin/]: Renaming synthetic method lambda$renderToBuffer$2(Lcom/mojang/blaze3d/vertex/PoseStack;Lcom/mojang/blaze3d/vertex/VertexConsumer;IIILnet/minecraft/client/model/geom/ModelPart;)V to mdb288f6$playeranimator$lambda$renderToBuffer$2$1 in playerAnimator-common.mixins.json:BipedEntityModelMixin from mod playeranimator
[25Sep2026 23:37:46.469] [modloading-sync-worker/DEBUG] [mixin/]: Renaming synthetic method lambda$renderToBuffer$1(Lcom/mojang/blaze3d/vertex/PoseStack;Lcom/mojang/blaze3d/vertex/VertexConsumer;IIILnet/minecraft/client/model/geom/ModelPart;)V to mdb288f6$playeranimator$lambda$renderToBuffer$1$2 in playerAnimator-common.mixins.json:BipedEntityModelMixin from mod playeranimator
[25Sep2026 23:37:46.469] [modloading-sync-worker/DEBUG] [mixin/]: Renaming synthetic method lambda$renderToBuffer$0(Lcom/mojang/blaze3d/vertex/PoseStack;Lcom/mojang/blaze3d/vertex/VertexConsumer;IIILnet/minecraft/client/model/geom/ModelPart;)V to mdb288f6$playeranimator$lambda$renderToBuffer$0$3 in playerAnimator-common.mixins.json:BipedEntityModelMixin from mod playeranimator
[25Sep2026 23:37:46.500] [modloading-sync-worker/DEBUG] [mixin/]: Mixing HumanoidModelMixin from irons_lib.mixins.json into net.minecraft.client.model.HumanoidModel
[25Sep2026 23:37:46.525] [modloading-sync-worker/DEBUG] [mixin/]: moonlight-common.mixins.json:ThirdPersonRendererMixin from mod moonlight->@Inject::poseRightArm(Lnet/minecraft/world/entity/LivingEntity;Lorg/spongepowered/asm/mixin/injection/callback/CallbackInfo;)V does use it's CallbackInfo
[25Sep2026 23:37:46.525] [modloading-sync-worker/DEBUG] [mixin/]: moonlight-common.mixins.json:ThirdPersonRendererMixin from mod moonlight->@Inject::poseLeftArm(Lnet/minecraft/world/entity/LivingEntity;Lorg/spongepowered/asm/mixin/injection/callback/CallbackInfo;)V does use it's CallbackInfo
[25Sep2026 23:37:46.526] [modloading-sync-worker/DEBUG] [mixin/]: moonlight-common.mixins.json:ThirdPersonRendererMixin from mod moonlight->@Inject::setupAnim(Lnet/minecraft/world/entity/LivingEntity;FFFFFLorg/spongepowered/asm/mixin/injection/callback/CallbackInfo;)V doesn't use it's CallbackInfo
[25Sep2026 23:37:46.526] [modloading-sync-worker/DEBUG] [mixin/]: moonlight-common.mixins.json:ThirdPersonRendererMixin from mod moonlight->@Inject::setupAnim(Lnet/minecraft/world/entity/LivingEntity;FFFFFLorg/spongepowered/asm/mixin/injection/callback/CallbackInfo;)V has 0 override(s) in child classes
[25Sep2026 23:37:46.526] [modloading-sync-worker/DEBUG] [mixin/]: moonlight-common.mixins.json:ThirdPersonRendererMixin from mod moonlight->@Inject::setupAnim(Lnet/minecraft/world/entity/LivingEntity;FFFFFLorg/spongepowered/asm/mixin/injection/callback/CallbackInfo;)V won't be passed a CallbackInfo as a result
[25Sep2026 23:37:46.527] [modloading-sync-worker/DEBUG] [mixin/]: moonlight-common.mixins.json:ThirdPersonRendererMixin from mod moonlight->@Inject::setupAnim(Lnet/minecraft/world/entity/LivingEntity;FFFFFLorg/spongepowered/asm/mixin/injection/callback/CallbackInfo;)V doesn't use it's CallbackInfo
[25Sep2026 23:37:46.527] [modloading-sync-worker/DEBUG] [mixin/]: moonlight-common.mixins.json:ThirdPersonRendererMixin from mod moonlight->@Inject::setupAnim(Lnet/minecraft/world/entity/LivingEntity;FFFFFLorg/spongepowered/asm/mixin/injection/callback/CallbackInfo;)V has 0 override(s) in child classes
[25Sep2026 23:37:46.527] [modloading-sync-worker/DEBUG] [mixin/]: moonlight-common.mixins.json:ThirdPersonRendererMixin from mod moonlight->@Inject::setupAnim(Lnet/minecraft/world/entity/LivingEntity;FFFFFLorg/spongepowered/asm/mixin/injection/callback/CallbackInfo;)V won't be passed a CallbackInfo as a result
[25Sep2026 23:37:46.527] [modloading-sync-worker/DEBUG] [mixin/]: playerAnimator-common.mixins.json:BipedEntityModelMixin from mod playeranimator->@Inject::initBend(Lnet/minecraft/client/model/geom/ModelPart;Ljava/util/function/Function;Lorg/spongepowered/asm/mixin/injection/callback/CallbackInfo;)V doesn't use it's CallbackInfo
[25Sep2026 23:37:46.528] [modloading-sync-worker/DEBUG] [mixin/]: playerAnimator-common.mixins.json:BipedEntityModelMixin from mod playeranimator->@Inject::initBend(Lnet/minecraft/client/model/geom/ModelPart;Ljava/util/function/Function;Lorg/spongepowered/asm/mixin/injection/callback/CallbackInfo;)V has 0 override(s) in child classes
[25Sep2026 23:37:46.528] [modloading-sync-worker/DEBUG] [mixin/]: playerAnimator-common.mixins.json:BipedEntityModelMixin from mod playeranimator->@Inject::initBend(Lnet/minecraft/client/model/geom/ModelPart;Ljava/util/function/Function;Lorg/spongepowered/asm/mixin/injection/callback/CallbackInfo;)V won't be passed a CallbackInfo as a result
[25Sep2026 23:37:46.528] [modloading-sync-worker/DEBUG] [mixin/]: playerAnimator-common.mixins.json:BipedEntityModelMixin from mod playeranimator->@Inject::copyMutatedAttributes(Lnet/minecraft/client/model/HumanoidModel;Lorg/spongepowered/asm/mixin/injection/callback/CallbackInfo;)V doesn't use it's CallbackInfo
[25Sep2026 23:37:46.528] [modloading-sync-worker/DEBUG] [mixin/]: playerAnimator-common.mixins.json:BipedEntityModelMixin from mod playeranimator->@Inject::copyMutatedAttributes(Lnet/minecraft/client/model/HumanoidModel;Lorg/spongepowered/asm/mixin/injection/callback/CallbackInfo;)V has 0 override(s) in child classes
[25Sep2026 23:37:46.528] [modloading-sync-worker/DEBUG] [mixin/]: playerAnimator-common.mixins.json:BipedEntityModelMixin from mod playeranimator->@Inject::copyMutatedAttributes(Lnet/minecraft/client/model/HumanoidModel;Lorg/spongepowered/asm/mixin/injection/callback/CallbackInfo;)V won't be passed a CallbackInfo as a result
[25Sep2026 23:37:46.528] [modloading-sync-worker/DEBUG] [mixin/]: irons_lib.mixins.json:HumanoidModelMixin from mod irons_lib->@Inject::irons_lib$kineticThirdPersonArmPose(Lnet/minecraft/world/entity/LivingEntity;FFFFFLorg/spongepowered/asm/mixin/injection/callback/CallbackInfo;)V doesn't use it's CallbackInfo
[25Sep2026 23:37:46.529] [modloading-sync-worker/DEBUG] [mixin/]: irons_lib.mixins.json:HumanoidModelMixin from mod irons_lib->@Inject::irons_lib$kineticThirdPersonArmPose(Lnet/minecraft/world/entity/LivingEntity;FFFFFLorg/spongepowered/asm/mixin/injection/callback/CallbackInfo;)V has 0 override(s) in child classes
[25Sep2026 23:37:46.529] [modloading-sync-worker/DEBUG] [mixin/]: irons_lib.mixins.json:HumanoidModelMixin from mod irons_lib->@Inject::irons_lib$kineticThirdPersonArmPose(Lnet/minecraft/world/entity/LivingEntity;FFFFFLorg/spongepowered/asm/mixin/injection/callback/CallbackInfo;)V won't be passed a CallbackInfo as a result
[25Sep2026 23:37:46.697] [modloading-sync-worker/DEBUG] [GeckoLib/]: Registered SyncedAnimatable for class io.redspace.irons_artifice.item.GunItem
[25Sep2026 23:37:46.698] [modloading-sync-worker/DEBUG] [GeckoLib/]: Registered SyncedAnimatable for class io.redspace.irons_artifice.item.GunItem
[25Sep2026 23:37:46.699] [modloading-sync-worker/DEBUG] [GeckoLib/]: Registered SyncedAnimatable for class io.redspace.irons_artifice.item.GunItem
[25Sep2026 23:37:46.699] [modloading-sync-worker/DEBUG] [GeckoLib/]: Registered SyncedAnimatable for class io.redspace.irons_artifice.item.GunItem
[25Sep2026 23:37:46.700] [modloading-sync-worker/DEBUG] [GeckoLib/]: Registered SyncedAnimatable for class io.redspace.irons_artifice.item.GunItem
[25Sep2026 23:37:46.701] [modloading-sync-worker/DEBUG] [GeckoLib/]: Registered SyncedAnimatable for class io.redspace.irons_artifice.item.GunItem
[25Sep2026 23:37:46.701] [modloading-sync-worker/DEBUG] [GeckoLib/]: Registered SyncedAnimatable for class io.redspace.irons_artifice.item.GunItem
[25Sep2026 23:37:46.702] [modloading-sync-worker/DEBUG] [GeckoLib/]: Registered SyncedAnimatable for class io.redspace.irons_artifice.item.CowboyHatItem
[25Sep2026 23:37:46.702] [modloading-sync-worker/DEBUG] [GeckoLib/]: Registered SyncedAnimatable for class io.redspace.irons_artifice.item.TricorneItem
[25Sep2026 23:37:46.749] [modloading-sync-worker/DEBUG] [GeckoLib/]: Registered SyncedAnimatable for class io.redspace.irons_artifice.item.GunItem
[25Sep2026 23:37:46.750] [modloading-sync-worker/DEBUG] [GeckoLib/]: Registered SyncedAnimatable for class io.redspace.irons_artifice.item.GunItem
[25Sep2026 23:37:46.751] [modloading-sync-worker/DEBUG] [GeckoLib/]: Registered SyncedAnimatable for class io.redspace.irons_artifice.item.GunItem
[25Sep2026 23:37:46.751] [modloading-sync-worker/DEBUG] [GeckoLib/]: Registered SyncedAnimatable for class io.redspace.irons_artifice.item.GunItem
[25Sep2026 23:37:46.788] [modloading-sync-worker/DEBUG] [GeckoLib/]: Registered SyncedAnimatable for class net.hazen.hazens_archaic_hexerei_armaments.Items.Blocks.Statues.NoraStatue.Pose1.Item.NoraStatueItemPose1
[25Sep2026 23:37:46.791] [modloading-sync-worker/DEBUG] [GeckoLib/]: Registered SyncedAnimatable for class net.hazen.hazens_archaic_hexerei_armaments.Items.Blocks.Statues.NoraStatue.Pose2.Item.NoraStatueItemPose2
[25Sep2026 23:37:46.792] [modloading-sync-worker/DEBUG] [GeckoLib/]: Registered SyncedAnimatable for class net.hazen.hazens_archaic_hexerei_armaments.Items.Blocks.Statues.NoraStatue.Pose3.Item.NoraStatueItemPose3
[25Sep2026 23:37:46.794] [modloading-sync-worker/DEBUG] [GeckoLib/]: Registered SyncedAnimatable for class net.hazen.hazens_archaic_hexerei_armaments.Items.Blocks.Statues.NoraStatue.Pose4.Item.NoraStatueItemPose4
[25Sep2026 23:37:46.829] [modloading-sync-worker/INFO] [Moonlight/]: Initialized block sets in 34ms
[25Sep2026 23:37:47.008] [modloading-sync-worker/DEBUG] [mixin/]: Mixing CanItemPerformAbilityAccess from jade.mixins.json into net.neoforged.neoforge.common.loot.CanItemPerformAbility
[25Sep2026 23:37:47.009] [modloading-sync-worker/DEBUG] [mixin/]: jade.mixins.json:CanItemPerformAbilityAccess from mod jade: Class version 65 required is higher than the class version supported by the current version of Mixin (JAVA_16 supports class version 60)
[25Sep2026 23:37:48.102] [modloading-sync-worker/DEBUG] [net.neoforged.fml.config.ConfigTracker/CONFIG]: Loading configs type CLIENT
[25Sep2026 23:37:48.113] [modloading-sync-worker/DEBUG] [net.neoforged.fml.config.ConfigTracker/CONFIG]: Loaded TOML config file D:\Hazens InteliJ\HAHA-1.21.1\run\config\curios-client.toml
[25Sep2026 23:37:48.141] [modloading-sync-worker/DEBUG] [net.neoforged.fml.config.ConfigTracker/CONFIG]: Watching TOML config file D:\Hazens InteliJ\HAHA-1.21.1\run\config\curios-client.toml for changes
[25Sep2026 23:37:48.151] [modloading-sync-worker/DEBUG] [net.neoforged.fml.config.ConfigTracker/CONFIG]: Loaded TOML config file D:\Hazens InteliJ\HAHA-1.21.1\run\config\dummmmmmy-client.toml
[25Sep2026 23:37:48.154] [modloading-sync-worker/DEBUG] [net.neoforged.fml.config.ConfigTracker/CONFIG]: Watching TOML config file D:\Hazens InteliJ\HAHA-1.21.1\run\config\dummmmmmy-client.toml for changes
[25Sep2026 23:37:48.163] [modloading-sync-worker/DEBUG] [net.neoforged.fml.config.ConfigTracker/CONFIG]: Loaded TOML config file D:\Hazens InteliJ\HAHA-1.21.1\run\config\irons_artifice-client.toml
[25Sep2026 23:37:48.166] [modloading-sync-worker/DEBUG] [net.neoforged.fml.config.ConfigTracker/CONFIG]: Watching TOML config file D:\Hazens InteliJ\HAHA-1.21.1\run\config\irons_artifice-client.toml for changes
[25Sep2026 23:37:48.204] [modloading-sync-worker/DEBUG] [net.neoforged.neoforge.common.NeoForgeConfig/FORGEMOD]: Loaded NeoForge config file neoforge-client.toml
[25Sep2026 23:37:48.204] [modloading-sync-worker/DEBUG] [net.neoforged.fml.config.ConfigTracker/CONFIG]: Loaded TOML config file D:\Hazens InteliJ\HAHA-1.21.1\run\config\neoforge-client.toml
[25Sep2026 23:37:48.207] [modloading-sync-worker/DEBUG] [net.neoforged.fml.config.ConfigTracker/CONFIG]: Watching TOML config file D:\Hazens InteliJ\HAHA-1.21.1\run\config\neoforge-client.toml for changes
[25Sep2026 23:37:48.211] [modloading-sync-worker/DEBUG] [net.neoforged.fml.config.ConfigTracker/CONFIG]: Loaded TOML config file D:\Hazens InteliJ\HAHA-1.21.1\run\config\moonlight-client.toml
[25Sep2026 23:37:48.214] [modloading-sync-worker/DEBUG] [net.neoforged.fml.config.ConfigTracker/CONFIG]: Watching TOML config file D:\Hazens InteliJ\HAHA-1.21.1\run\config\moonlight-client.toml for changes
[25Sep2026 23:37:48.227] [modloading-sync-worker/DEBUG] [net.neoforged.fml.config.ConfigTracker/CONFIG]: Loaded TOML config file D:\Hazens InteliJ\HAHA-1.21.1\run\config\irons_spellbooks-client.toml
[25Sep2026 23:37:48.230] [modloading-sync-worker/DEBUG] [net.neoforged.fml.config.ConfigTracker/CONFIG]: Watching TOML config file D:\Hazens InteliJ\HAHA-1.21.1\run\config\irons_spellbooks-client.toml for changes
[25Sep2026 23:37:48.230] [modloading-sync-worker/DEBUG] [net.neoforged.fml.config.ConfigTracker/CONFIG]: Loading configs type COMMON
[25Sep2026 23:37:48.237] [modloading-sync-worker/DEBUG] [net.neoforged.fml.config.ConfigTracker/CONFIG]: Loaded TOML config file D:\Hazens InteliJ\HAHA-1.21.1\run\config\curios-common.toml
[25Sep2026 23:37:48.240] [modloading-sync-worker/DEBUG] [net.neoforged.fml.config.ConfigTracker/CONFIG]: Watching TOML config file D:\Hazens InteliJ\HAHA-1.21.1\run\config\curios-common.toml for changes
[25Sep2026 23:37:48.242] [modloading-sync-worker/INFO] [Moonlight/]: Detected config change in moonlight-common.toml, from neoforge config event
[25Sep2026 23:37:48.243] [modloading-sync-worker/DEBUG] [net.neoforged.fml.config.ConfigTracker/CONFIG]: Loaded TOML config file D:\Hazens InteliJ\HAHA-1.21.1\run\config\moonlight-common.toml
[25Sep2026 23:37:48.246] [modloading-sync-worker/DEBUG] [net.neoforged.fml.config.ConfigTracker/CONFIG]: Watching TOML config file D:\Hazens InteliJ\HAHA-1.21.1\run\config\moonlight-common.toml for changes
[25Sep2026 23:37:48.253] [modloading-sync-worker/DEBUG] [net.neoforged.fml.config.ConfigTracker/CONFIG]: Loaded TOML config file D:\Hazens InteliJ\HAHA-1.21.1\run\config\dummmmmmy-common.toml
[25Sep2026 23:37:48.255] [modloading-sync-worker/DEBUG] [net.neoforged.fml.config.ConfigTracker/CONFIG]: Watching TOML config file D:\Hazens InteliJ\HAHA-1.21.1\run\config\dummmmmmy-common.toml for changes
[25Sep2026 23:37:48.264] [modloading-sync-worker/DEBUG] [net.neoforged.neoforge.common.NeoForgeConfig/FORGEMOD]: Loaded NeoForge config file neoforge-common.toml
[25Sep2026 23:37:48.264] [modloading-sync-worker/DEBUG] [net.neoforged.fml.config.ConfigTracker/CONFIG]: Loaded TOML config file D:\Hazens InteliJ\HAHA-1.21.1\run\config\neoforge-common.toml
[25Sep2026 23:37:48.266] [modloading-sync-worker/DEBUG] [net.neoforged.fml.config.ConfigTracker/CONFIG]: Watching TOML config file D:\Hazens InteliJ\HAHA-1.21.1\run\config\neoforge-common.toml for changes
[25Sep2026 23:37:48.275] [modloading-sync-worker/DEBUG] [net.neoforged.fml.config.ConfigTracker/CONFIG]: Loaded TOML config file D:\Hazens InteliJ\HAHA-1.21.1\run\config\aces_spell_utils-common.toml
[25Sep2026 23:37:48.278] [modloading-sync-worker/DEBUG] [net.neoforged.fml.config.ConfigTracker/CONFIG]: Watching TOML config file D:\Hazens InteliJ\HAHA-1.21.1\run\config\aces_spell_utils-common.toml for changes
[25Sep2026 23:37:48.295] [Render thread/DEBUG] [io.redspace.ironsspellbooks.IronsSpellbooks/]: addPackFinders
[25Sep2026 23:37:48.548] [Render thread/INFO] [Moonlight/]: Merging 1 images using mode MIN_AREA_NO_UPSCALE
[25Sep2026 23:37:50.047] [Render thread/DEBUG] [mixin/]: Mixing ClientLanguagesMixin from moonlight.mixins.json into net.minecraft.client.resources.language.ClientLanguage
[25Sep2026 23:37:50.049] [Render thread/DEBUG] [mixin/]: moonlight.mixins.json:ClientLanguagesMixin from mod moonlight: Class version 65 required is higher than the class version supported by the current version of Mixin (JAVA_17 supports class version 61)
[25Sep2026 23:37:50.049] [Render thread/DEBUG] [mixin/]: Renaming synthetic method lambda$moonlight$addDynamicEntries2$2(Ljava/util/Map;Ljava/lang/String;Ljava/lang/String;)V to mdb288f6$moonlight$lambda$moonlight$addDynamicEntries2$2$0 in moonlight.mixins.json:ClientLanguagesMixin from mod moonlight
[25Sep2026 23:37:50.050] [Render thread/DEBUG] [mixin/]: Renaming synthetic method lambda$moonlight$addDynamicEntries2$1(Ljava/lang/String;Ljava/lang/String;)Lcom/google/gson/JsonParseException; to mdb288f6$moonlight$lambda$moonlight$addDynamicEntries2$1$1 in moonlight.mixins.json:ClientLanguagesMixin from mod moonlight
[25Sep2026 23:37:50.050] [Render thread/DEBUG] [mixin/]: Renaming synthetic method lambda$moonlight$addDynamicEntries$0(Lnet/mehvahdjukaar/moonlight/api/events/AfterLanguageLoadEvent;Lnet/mehvahdjukaar/moonlight/api/set/BlockTypeRegistry;)V to mdb288f6$moonlight$lambda$moonlight$addDynamicEntries$0$2 in moonlight.mixins.json:ClientLanguagesMixin from mod moonlight
[25Sep2026 23:37:50.102] [Render thread/DEBUG] [mixin/]: Mixing TextureManagerMixin from azurelib.neo.mixins.json into net.minecraft.client.renderer.texture.TextureManager
[25Sep2026 23:37:50.106] [Render thread/DEBUG] [mixin/]: Mixing client.TextureManagerMixin from geckolib.mixins.json into net.minecraft.client.renderer.texture.TextureManager
[25Sep2026 23:37:50.107] [Render thread/DEBUG] [mixin/]: geckolib.mixins.json:client.TextureManagerMixin from mod geckolib: Class version 65 required is higher than the class version supported by the current version of Mixin (JAVA_17 supports class version 61)
[25Sep2026 23:37:50.116] [Render thread/DEBUG] [mixin/]: azurelib.neo.mixins.json:TextureManagerMixin from mod azurelib->@Inject::wrapAnimatableTexture(Lnet/minecraft/resources/ResourceLocation;Lorg/spongepowered/asm/mixin/injection/callback/CallbackInfoReturnable;)V doesn't use it's CallbackInfoReturnable
[25Sep2026 23:37:50.117] [Render thread/DEBUG] [mixin/]: azurelib.neo.mixins.json:TextureManagerMixin from mod azurelib->@Inject::wrapAnimatableTexture(Lnet/minecraft/resources/ResourceLocation;Lorg/spongepowered/asm/mixin/injection/callback/CallbackInfoReturnable;)V has 0 override(s) in child classes
[25Sep2026 23:37:50.117] [Render thread/DEBUG] [mixin/]: azurelib.neo.mixins.json:TextureManagerMixin from mod azurelib->@Inject::wrapAnimatableTexture(Lnet/minecraft/resources/ResourceLocation;Lorg/spongepowered/asm/mixin/injection/callback/CallbackInfoReturnable;)V won't be passed a CallbackInfoReturnable as a result
[25Sep2026 23:37:50.125] [Render thread/DEBUG] [mixin/]: Mixing DynamicTextureMixin from moonlight-common.mixins.json into net.minecraft.client.renderer.texture.DynamicTexture
[25Sep2026 23:37:50.125] [Render thread/DEBUG] [mixin/]: moonlight-common.mixins.json:DynamicTextureMixin from mod moonlight: Class version 65 required is higher than the class version supported by the current version of Mixin (JAVA_17 supports class version 61)
[25Sep2026 23:37:50.609] [Render thread/DEBUG] [mixin/]: Mixing features.render.gui.font.FontSetMixin from embeddium.mixins.json into net.minecraft.client.gui.font.FontSet
[25Sep2026 23:37:50.611] [Render thread/DEBUG] [mixin/]: embeddium.mixins.json:features.render.gui.font.FontSetMixin from mod embeddium: Class version 65 required is higher than the class version supported by the current version of Mixin (JAVA_17 supports class version 61)
[25Sep2026 23:37:50.641] [Render thread/DEBUG] [mixin/]: Mixing features.render.gui.font.GlyphRendererMixin from embeddium.mixins.json into net.minecraft.client.gui.font.glyphs.BakedGlyph
[25Sep2026 23:37:50.642] [Render thread/DEBUG] [mixin/]: embeddium.mixins.json:features.render.gui.font.GlyphRendererMixin from mod embeddium: Class version 65 required is higher than the class version supported by the current version of Mixin (JAVA_17 supports class version 61)
[25Sep2026 23:37:50.669] [Render thread/DEBUG] [mixin/]: embeddium.mixins.json:features.render.gui.font.GlyphRendererMixin from mod embeddium->@Inject::renderFast(ZFFLorg/joml/Matrix4f;Lcom/mojang/blaze3d/vertex/VertexConsumer;FFFFILorg/spongepowered/asm/mixin/injection/callback/CallbackInfo;)V does use it's CallbackInfo
[25Sep2026 23:37:50.744] [Render thread/DEBUG] [mixin/]: Mixing features.gui.hooks.console.GameRendererMixin from embeddium.mixins.json into net.minecraft.client.renderer.GameRenderer
[25Sep2026 23:37:50.746] [Render thread/DEBUG] [mixin/]: embeddium.mixins.json:features.gui.hooks.console.GameRendererMixin from mod embeddium: Class version 65 required is higher than the class version supported by the current version of Mixin (JAVA_17 supports class version 61)
[25Sep2026 23:37:50.764] [Render thread/DEBUG] [mixin/]: embeddium.mixins.json:features.gui.hooks.console.GameRendererMixin from mod embeddium->@Inject::onRender(Lnet/minecraft/client/DeltaTracker;ZLorg/spongepowered/asm/mixin/injection/callback/CallbackInfo;)V doesn't use it's CallbackInfo
[25Sep2026 23:37:50.764] [Render thread/DEBUG] [mixin/]: embeddium.mixins.json:features.gui.hooks.console.GameRendererMixin from mod embeddium->@Inject::onRender(Lnet/minecraft/client/DeltaTracker;ZLorg/spongepowered/asm/mixin/injection/callback/CallbackInfo;)V has 0 override(s) in child classes
[25Sep2026 23:37:50.764] [Render thread/DEBUG] [mixin/]: embeddium.mixins.json:features.gui.hooks.console.GameRendererMixin from mod embeddium->@Inject::onRender(Lnet/minecraft/client/DeltaTracker;ZLorg/spongepowered/asm/mixin/injection/callback/CallbackInfo;)V won't be passed a CallbackInfo as a result
[25Sep2026 23:37:50.803] [Render thread/DEBUG] [mixin/]: Mixing features.textures.animations.tracking.SpriteAtlasTextureMixin from embeddium.mixins.json into net.minecraft.client.renderer.texture.TextureAtlas
[25Sep2026 23:37:50.803] [Render thread/DEBUG] [mixin/]: embeddium.mixins.json:features.textures.animations.tracking.SpriteAtlasTextureMixin from mod embeddium: Class version 65 required is higher than the class version supported by the current version of Mixin (JAVA_17 supports class version 61)
[25Sep2026 23:37:50.810] [Render thread/DEBUG] [mixin/]: embeddium.mixins.json:features.textures.animations.tracking.SpriteAtlasTextureMixin from mod embeddium->@Inject::preReturnSprite(Lorg/spongepowered/asm/mixin/injection/callback/CallbackInfoReturnable;)V does use it's CallbackInfoReturnable
[25Sep2026 23:37:50.963] [Render thread/DEBUG] [mixin/]: Mixing MixinItemRenderer from azurelib.neo.mixins.json into net.minecraft.client.renderer.entity.ItemRenderer
[25Sep2026 23:37:50.993] [Render thread/DEBUG] [mixin/]: Mixing features.render.model.item.ItemRendererMixin from embeddium.mixins.json into net.minecraft.client.renderer.entity.ItemRenderer
[25Sep2026 23:37:50.994] [Render thread/DEBUG] [mixin/]: embeddium.mixins.json:features.render.model.item.ItemRendererMixin from mod embeddium: Class version 65 required is higher than the class version supported by the current version of Mixin (JAVA_17 supports class version 61)
[25Sep2026 23:37:51.056] [Render thread/DEBUG] [mixin/]: azurelib.neo.mixins.json:MixinItemRenderer from mod azurelib->@Inject::itemModelHook(Lnet/minecraft/world/item/ItemStack;Lnet/minecraft/world/item/ItemDisplayContext;ZLcom/mojang/blaze3d/vertex/PoseStack;Lnet/minecraft/client/renderer/MultiBufferSource;IILnet/minecraft/client/resources/model/BakedModel;Lorg/spongepowered/asm/mixin/injection/callback/CallbackInfo;)V doesn't use it's CallbackInfo
[25Sep2026 23:37:51.057] [Render thread/DEBUG] [mixin/]: azurelib.neo.mixins.json:MixinItemRenderer from mod azurelib->@Inject::itemModelHook(Lnet/minecraft/world/item/ItemStack;Lnet/minecraft/world/item/ItemDisplayContext;ZLcom/mojang/blaze3d/vertex/PoseStack;Lnet/minecraft/client/renderer/MultiBufferSource;IILnet/minecraft/client/resources/model/BakedModel;Lorg/spongepowered/asm/mixin/injection/callback/CallbackInfo;)V has 0 override(s) in child classes
[25Sep2026 23:37:51.057] [Render thread/DEBUG] [mixin/]: azurelib.neo.mixins.json:MixinItemRenderer from mod azurelib->@Inject::itemModelHook(Lnet/minecraft/world/item/ItemStack;Lnet/minecraft/world/item/ItemDisplayContext;ZLcom/mojang/blaze3d/vertex/PoseStack;Lnet/minecraft/client/renderer/MultiBufferSource;IILnet/minecraft/client/resources/model/BakedModel;Lorg/spongepowered/asm/mixin/injection/callback/CallbackInfo;)V won't be passed a CallbackInfo as a result
[25Sep2026 23:37:51.060] [Render thread/DEBUG] [mixin/]: embeddium.mixins.json:features.render.model.item.ItemRendererMixin from mod embeddium->@Inject::renderModelFast(Lnet/minecraft/client/resources/model/BakedModel;Lnet/minecraft/world/item/ItemStack;IILcom/mojang/blaze3d/vertex/PoseStack;Lcom/mojang/blaze3d/vertex/VertexConsumer;Lorg/spongepowered/asm/mixin/injection/callback/CallbackInfo;)V does use it's CallbackInfo
[25Sep2026 23:37:51.110] [Render thread/DEBUG] [mixin/]: Mixing features.render.world.clouds.WorldRendererMixin from embeddium.mixins.json into net.minecraft.client.renderer.LevelRenderer
[25Sep2026 23:37:51.112] [Render thread/DEBUG] [mixin/]: embeddium.mixins.json:features.render.world.clouds.WorldRendererMixin from mod embeddium: Class version 65 required is higher than the class version supported by the current version of Mixin (JAVA_17 supports class version 61)
[25Sep2026 23:37:51.117] [Render thread/DEBUG] [mixin/]: Mixing client.LevelRendererMixin from geckolib.mixins.json into net.minecraft.client.renderer.LevelRenderer
[25Sep2026 23:37:51.117] [Render thread/DEBUG] [mixin/]: geckolib.mixins.json:client.LevelRendererMixin from mod geckolib: Class version 65 required is higher than the class version supported by the current version of Mixin (JAVA_17 supports class version 61)
[25Sep2026 23:37:51.117] [Render thread/DEBUG] [mixin/]: Renaming synthetic method lambda$geckolib$captureRenderedEntities$0(I)D to mdb288f6$geckolib$lambda$geckolib$captureRenderedEntities$0$0 in geckolib.mixins.json:client.LevelRendererMixin from mod geckolib
[25Sep2026 23:37:51.121] [Render thread/DEBUG] [mixin/]: Mixing firstPerson.LevelRendererMixin from playerAnimator-common.mixins.json into net.minecraft.client.renderer.LevelRenderer
[25Sep2026 23:37:51.126] [Render thread/DEBUG] [mixin/]: Mixing features.options.weather.WorldRendererMixin from embeddium.mixins.json into net.minecraft.client.renderer.LevelRenderer
[25Sep2026 23:37:51.126] [Render thread/DEBUG] [mixin/]: embeddium.mixins.json:features.options.weather.WorldRendererMixin from mod embeddium: Class version 65 required is higher than the class version supported by the current version of Mixin (JAVA_17 supports class version 61)
[25Sep2026 23:37:51.128] [Render thread/DEBUG] [mixin/]: Mixing features.render.gui.outlines.WorldRendererMixin from embeddium.mixins.json into net.minecraft.client.renderer.LevelRenderer
[25Sep2026 23:37:51.128] [Render thread/DEBUG] [mixin/]: embeddium.mixins.json:features.render.gui.outlines.WorldRendererMixin from mod embeddium: Class version 65 required is higher than the class version supported by the current version of Mixin (JAVA_17 supports class version 61)
[25Sep2026 23:37:51.160] [Render thread/DEBUG] [mixin/]: Mixing features.render.world.sky.WorldRendererMixin from embeddium.mixins.json into net.minecraft.client.renderer.LevelRenderer
[25Sep2026 23:37:51.160] [Render thread/DEBUG] [mixin/]: embeddium.mixins.json:features.render.world.sky.WorldRendererMixin from mod embeddium: Class version 65 required is higher than the class version supported by the current version of Mixin (JAVA_17 supports class version 61)
[25Sep2026 23:37:51.166] [Render thread/DEBUG] [mixin/]: Mixing core.render.world.WorldRendererMixin from embeddium.mixins.json into net.minecraft.client.renderer.LevelRenderer
[25Sep2026 23:37:51.167] [Render thread/DEBUG] [mixin/]: embeddium.mixins.json:core.render.world.WorldRendererMixin from mod embeddium: Class version 65 required is higher than the class version supported by the current version of Mixin (JAVA_17 supports class version 61)
[25Sep2026 23:37:51.453] [Render thread/DEBUG] [mixin/]: embeddium.mixins.json:features.render.world.clouds.WorldRendererMixin from mod embeddium->@Inject::renderCloudsFast(Lcom/mojang/blaze3d/vertex/PoseStack;Lorg/joml/Matrix4f;Lorg/joml/Matrix4f;FDDDLorg/spongepowered/asm/mixin/injection/callback/CallbackInfo;)V does use it's CallbackInfo
[25Sep2026 23:37:51.454] [Render thread/DEBUG] [mixin/]: embeddium.mixins.json:features.render.world.clouds.WorldRendererMixin from mod embeddium->@Inject::onReload(Lnet/minecraft/server/packs/resources/ResourceManager;Lorg/spongepowered/asm/mixin/injection/callback/CallbackInfo;)V doesn't use it's CallbackInfo
[25Sep2026 23:37:51.454] [Render thread/DEBUG] [mixin/]: embeddium.mixins.json:features.render.world.clouds.WorldRendererMixin from mod embeddium->@Inject::onReload(Lnet/minecraft/server/packs/resources/ResourceManager;Lorg/spongepowered/asm/mixin/injection/callback/CallbackInfo;)V has 0 override(s) in child classes
[25Sep2026 23:37:51.454] [Render thread/DEBUG] [mixin/]: embeddium.mixins.json:features.render.world.clouds.WorldRendererMixin from mod embeddium->@Inject::onReload(Lnet/minecraft/server/packs/resources/ResourceManager;Lorg/spongepowered/asm/mixin/injection/callback/CallbackInfo;)V won't be passed a CallbackInfo as a result
[25Sep2026 23:37:51.455] [Render thread/DEBUG] [mixin/]: embeddium.mixins.json:features.render.world.clouds.WorldRendererMixin from mod embeddium->@Inject::onReload(Lorg/spongepowered/asm/mixin/injection/callback/CallbackInfo;)V doesn't use it's CallbackInfo
[25Sep2026 23:37:51.455] [Render thread/DEBUG] [mixin/]: embeddium.mixins.json:features.render.world.clouds.WorldRendererMixin from mod embeddium->@Inject::onReload(Lorg/spongepowered/asm/mixin/injection/callback/CallbackInfo;)V has 0 override(s) in child classes
[25Sep2026 23:37:51.455] [Render thread/DEBUG] [mixin/]: embeddium.mixins.json:features.render.world.clouds.WorldRendererMixin from mod embeddium->@Inject::onReload(Lorg/spongepowered/asm/mixin/injection/callback/CallbackInfo;)V won't be passed a CallbackInfo as a result
[25Sep2026 23:37:51.455] [Render thread/DEBUG] [mixin/]: embeddium.mixins.json:features.render.world.clouds.WorldRendererMixin from mod embeddium->@Inject::onClose(Lorg/spongepowered/asm/mixin/injection/callback/CallbackInfo;)V doesn't use it's CallbackInfo
[25Sep2026 23:37:51.455] [Render thread/DEBUG] [mixin/]: embeddium.mixins.json:features.render.world.clouds.WorldRendererMixin from mod embeddium->@Inject::onClose(Lorg/spongepowered/asm/mixin/injection/callback/CallbackInfo;)V has 0 override(s) in child classes
[25Sep2026 23:37:51.455] [Render thread/DEBUG] [mixin/]: embeddium.mixins.json:features.render.world.clouds.WorldRendererMixin from mod embeddium->@Inject::onClose(Lorg/spongepowered/asm/mixin/injection/callback/CallbackInfo;)V won't be passed a CallbackInfo as a result
[25Sep2026 23:37:51.457] [Render thread/DEBUG] [mixin/]: geckolib.mixins.json:client.LevelRendererMixin from mod geckolib->@Inject::geckolib$captureRenderedEntities(Lnet/minecraft/client/DeltaTracker;ZLnet/minecraft/client/Camera;Lnet/minecraft/client/renderer/GameRenderer;Lnet/minecraft/client/renderer/LightTexture;Lorg/joml/Matrix4f;Lorg/joml/Matrix4f;Lorg/spongepowered/asm/mixin/injection/callback/CallbackInfo;)V doesn't use it's CallbackInfo
[25Sep2026 23:37:51.457] [Render thread/DEBUG] [mixin/]: geckolib.mixins.json:client.LevelRendererMixin from mod geckolib->@Inject::geckolib$captureRenderedEntities(Lnet/minecraft/client/DeltaTracker;ZLnet/minecraft/client/Camera;Lnet/minecraft/client/renderer/GameRenderer;Lnet/minecraft/client/renderer/LightTexture;Lorg/joml/Matrix4f;Lorg/joml/Matrix4f;Lorg/spongepowered/asm/mixin/injection/callback/CallbackInfo;)V has 0 override(s) in child classes
[25Sep2026 23:37:51.457] [Render thread/DEBUG] [mixin/]: geckolib.mixins.json:client.LevelRendererMixin from mod geckolib->@Inject::geckolib$captureRenderedEntities(Lnet/minecraft/client/DeltaTracker;ZLnet/minecraft/client/Camera;Lnet/minecraft/client/renderer/GameRenderer;Lnet/minecraft/client/renderer/LightTexture;Lorg/joml/Matrix4f;Lorg/joml/Matrix4f;Lorg/spongepowered/asm/mixin/injection/callback/CallbackInfo;)V won't be passed a CallbackInfo as a result
[25Sep2026 23:37:51.457] [Render thread/DEBUG] [mixin/]: playerAnimator-common.mixins.json:firstPerson.LevelRendererMixin from mod playeranimator->@Inject::fakeThirdPersonMode(Lnet/minecraft/client/DeltaTracker;ZLnet/minecraft/client/Camera;Lnet/minecraft/client/renderer/GameRenderer;Lnet/minecraft/client/renderer/LightTexture;Lorg/joml/Matrix4f;Lorg/joml/Matrix4f;Lorg/spongepowered/asm/mixin/injection/callback/CallbackInfo;)V doesn't use it's CallbackInfo
[25Sep2026 23:37:51.458] [Render thread/DEBUG] [mixin/]: playerAnimator-common.mixins.json:firstPerson.LevelRendererMixin from mod playeranimator->@Inject::fakeThirdPersonMode(Lnet/minecraft/client/DeltaTracker;ZLnet/minecraft/client/Camera;Lnet/minecraft/client/renderer/GameRenderer;Lnet/minecraft/client/renderer/LightTexture;Lorg/joml/Matrix4f;Lorg/joml/Matrix4f;Lorg/spongepowered/asm/mixin/injection/callback/CallbackInfo;)V has 0 override(s) in child classes
[25Sep2026 23:37:51.458] [Render thread/DEBUG] [mixin/]: playerAnimator-common.mixins.json:firstPerson.LevelRendererMixin from mod playeranimator->@Inject::fakeThirdPersonMode(Lnet/minecraft/client/DeltaTracker;ZLnet/minecraft/client/Camera;Lnet/minecraft/client/renderer/GameRenderer;Lnet/minecraft/client/renderer/LightTexture;Lorg/joml/Matrix4f;Lorg/joml/Matrix4f;Lorg/spongepowered/asm/mixin/injection/callback/CallbackInfo;)V won't be passed a CallbackInfo as a result
[25Sep2026 23:37:51.459] [Render thread/DEBUG] [mixin/]: playerAnimator-common.mixins.json:firstPerson.LevelRendererMixin from mod playeranimator->@Inject::resetThirdPerson(Lnet/minecraft/client/DeltaTracker;ZLnet/minecraft/client/Camera;Lnet/minecraft/client/renderer/GameRenderer;Lnet/minecraft/client/renderer/LightTexture;Lorg/joml/Matrix4f;Lorg/joml/Matrix4f;Lorg/spongepowered/asm/mixin/injection/callback/CallbackInfo;)V doesn't use it's CallbackInfo
[25Sep2026 23:37:51.459] [Render thread/DEBUG] [mixin/]: playerAnimator-common.mixins.json:firstPerson.LevelRendererMixin from mod playeranimator->@Inject::resetThirdPerson(Lnet/minecraft/client/DeltaTracker;ZLnet/minecraft/client/Camera;Lnet/minecraft/client/renderer/GameRenderer;Lnet/minecraft/client/renderer/LightTexture;Lorg/joml/Matrix4f;Lorg/joml/Matrix4f;Lorg/spongepowered/asm/mixin/injection/callback/CallbackInfo;)V has 0 override(s) in child classes
[25Sep2026 23:37:51.459] [Render thread/DEBUG] [mixin/]: playerAnimator-common.mixins.json:firstPerson.LevelRendererMixin from mod playeranimator->@Inject::resetThirdPerson(Lnet/minecraft/client/DeltaTracker;ZLnet/minecraft/client/Camera;Lnet/minecraft/client/renderer/GameRenderer;Lnet/minecraft/client/renderer/LightTexture;Lorg/joml/Matrix4f;Lorg/joml/Matrix4f;Lorg/spongepowered/asm/mixin/injection/callback/CallbackInfo;)V won't be passed a CallbackInfo as a result
[25Sep2026 23:37:51.460] [Render thread/DEBUG] [mixin/]: playerAnimator-common.mixins.json:firstPerson.LevelRendererMixin from mod playeranimator->@Inject::dontRenderEntity_End(Lnet/minecraft/world/entity/Entity;DDDFLcom/mojang/blaze3d/vertex/PoseStack;Lnet/minecraft/client/renderer/MultiBufferSource;Lorg/spongepowered/asm/mixin/injection/callback/CallbackInfo;)V doesn't use it's CallbackInfo
[25Sep2026 23:37:51.460] [Render thread/DEBUG] [mixin/]: playerAnimator-common.mixins.json:firstPerson.LevelRendererMixin from mod playeranimator->@Inject::dontRenderEntity_End(Lnet/minecraft/world/entity/Entity;DDDFLcom/mojang/blaze3d/vertex/PoseStack;Lnet/minecraft/client/renderer/MultiBufferSource;Lorg/spongepowered/asm/mixin/injection/callback/CallbackInfo;)V has 0 override(s) in child classes
[25Sep2026 23:37:51.461] [Render thread/DEBUG] [mixin/]: playerAnimator-common.mixins.json:firstPerson.LevelRendererMixin from mod playeranimator->@Inject::dontRenderEntity_End(Lnet/minecraft/world/entity/Entity;DDDFLcom/mojang/blaze3d/vertex/PoseStack;Lnet/minecraft/client/renderer/MultiBufferSource;Lorg/spongepowered/asm/mixin/injection/callback/CallbackInfo;)V won't be passed a CallbackInfo as a result
[25Sep2026 23:37:51.461] [Render thread/DEBUG] [mixin/]: embeddium.mixins.json:features.render.world.sky.WorldRendererMixin from mod embeddium->@Inject::preRenderSky(Lorg/joml/Matrix4f;Lorg/joml/Matrix4f;FLnet/minecraft/client/Camera;ZLjava/lang/Runnable;Lorg/spongepowered/asm/mixin/injection/callback/CallbackInfo;)V does use it's CallbackInfo
[25Sep2026 23:37:51.461] [Render thread/DEBUG] [mixin/]: embeddium.mixins.json:core.render.world.WorldRendererMixin from mod embeddium->@Inject::init(Lnet/minecraft/client/Minecraft;Lnet/minecraft/client/renderer/entity/EntityRenderDispatcher;Lnet/minecraft/client/renderer/blockentity/BlockEntityRenderDispatcher;Lnet/minecraft/client/renderer/RenderBuffers;Lorg/spongepowered/asm/mixin/injection/callback/CallbackInfo;)V doesn't use it's CallbackInfo
[25Sep2026 23:37:51.462] [Render thread/DEBUG] [mixin/]: embeddium.mixins.json:core.render.world.WorldRendererMixin from mod embeddium->@Inject::init(Lnet/minecraft/client/Minecraft;Lnet/minecraft/client/renderer/entity/EntityRenderDispatcher;Lnet/minecraft/client/renderer/blockentity/BlockEntityRenderDispatcher;Lnet/minecraft/client/renderer/RenderBuffers;Lorg/spongepowered/asm/mixin/injection/callback/CallbackInfo;)V has 0 override(s) in child classes
[25Sep2026 23:37:51.462] [Render thread/DEBUG] [mixin/]: embeddium.mixins.json:core.render.world.WorldRendererMixin from mod embeddium->@Inject::init(Lnet/minecraft/client/Minecraft;Lnet/minecraft/client/renderer/entity/EntityRenderDispatcher;Lnet/minecraft/client/renderer/blockentity/BlockEntityRenderDispatcher;Lnet/minecraft/client/renderer/RenderBuffers;Lorg/spongepowered/asm/mixin/injection/callback/CallbackInfo;)V won't be passed a CallbackInfo as a result
[25Sep2026 23:37:51.463] [Render thread/DEBUG] [mixin/]: embeddium.mixins.json:core.render.world.WorldRendererMixin from mod embeddium->@Inject::onWorldChanged(Lnet/minecraft/client/multiplayer/ClientLevel;Lorg/spongepowered/asm/mixin/injection/callback/CallbackInfo;)V doesn't use it's CallbackInfo
[25Sep2026 23:37:51.463] [Render thread/DEBUG] [mixin/]: embeddium.mixins.json:core.render.world.WorldRendererMixin from mod embeddium->@Inject::onWorldChanged(Lnet/minecraft/client/multiplayer/ClientLevel;Lorg/spongepowered/asm/mixin/injection/callback/CallbackInfo;)V has 0 override(s) in child classes
[25Sep2026 23:37:51.466] [Render thread/DEBUG] [mixin/]: embeddium.mixins.json:core.render.world.WorldRendererMixin from mod embeddium->@Inject::onWorldChanged(Lnet/minecraft/client/multiplayer/ClientLevel;Lorg/spongepowered/asm/mixin/injection/callback/CallbackInfo;)V won't be passed a CallbackInfo as a result
[25Sep2026 23:37:51.467] [Render thread/DEBUG] [mixin/]: embeddium.mixins.json:core.render.world.WorldRendererMixin from mod embeddium->@Inject::onTerrainUpdateScheduled(Lorg/spongepowered/asm/mixin/injection/callback/CallbackInfo;)V doesn't use it's CallbackInfo
[25Sep2026 23:37:51.467] [Render thread/DEBUG] [mixin/]: embeddium.mixins.json:core.render.world.WorldRendererMixin from mod embeddium->@Inject::onTerrainUpdateScheduled(Lorg/spongepowered/asm/mixin/injection/callback/CallbackInfo;)V has 0 override(s) in child classes
[25Sep2026 23:37:51.467] [Render thread/DEBUG] [mixin/]: embeddium.mixins.json:core.render.world.WorldRendererMixin from mod embeddium->@Inject::onTerrainUpdateScheduled(Lorg/spongepowered/asm/mixin/injection/callback/CallbackInfo;)V won't be passed a CallbackInfo as a result
[25Sep2026 23:37:51.467] [Render thread/DEBUG] [mixin/]: embeddium.mixins.json:core.render.world.WorldRendererMixin from mod embeddium->@Inject::onReload(Lorg/spongepowered/asm/mixin/injection/callback/CallbackInfo;)V doesn't use it's CallbackInfo
[25Sep2026 23:37:51.467] [Render thread/DEBUG] [mixin/]: embeddium.mixins.json:core.render.world.WorldRendererMixin from mod embeddium->@Inject::onReload(Lorg/spongepowered/asm/mixin/injection/callback/CallbackInfo;)V has 0 override(s) in child classes
[25Sep2026 23:37:51.468] [Render thread/DEBUG] [mixin/]: embeddium.mixins.json:core.render.world.WorldRendererMixin from mod embeddium->@Inject::onReload(Lorg/spongepowered/asm/mixin/injection/callback/CallbackInfo;)V won't be passed a CallbackInfo as a result
[25Sep2026 23:37:51.468] [Render thread/DEBUG] [mixin/]: embeddium.mixins.json:core.render.world.WorldRendererMixin from mod embeddium->@Inject::onRenderBlockEntities(Lnet/minecraft/client/DeltaTracker;ZLnet/minecraft/client/Camera;Lnet/minecraft/client/renderer/GameRenderer;Lnet/minecraft/client/renderer/LightTexture;Lorg/joml/Matrix4f;Lorg/joml/Matrix4f;Lorg/spongepowered/asm/mixin/injection/callback/CallbackInfo;)V doesn't use it's CallbackInfo
[25Sep2026 23:37:51.468] [Render thread/DEBUG] [mixin/]: embeddium.mixins.json:core.render.world.WorldRendererMixin from mod embeddium->@Inject::onRenderBlockEntities(Lnet/minecraft/client/DeltaTracker;ZLnet/minecraft/client/Camera;Lnet/minecraft/client/renderer/GameRenderer;Lnet/minecraft/client/renderer/LightTexture;Lorg/joml/Matrix4f;Lorg/joml/Matrix4f;Lorg/spongepowered/asm/mixin/injection/callback/CallbackInfo;)V has 0 override(s) in child classes
[25Sep2026 23:37:51.469] [Render thread/DEBUG] [mixin/]: embeddium.mixins.json:core.render.world.WorldRendererMixin from mod embeddium->@Inject::onRenderBlockEntities(Lnet/minecraft/client/DeltaTracker;ZLnet/minecraft/client/Camera;Lnet/minecraft/client/renderer/GameRenderer;Lnet/minecraft/client/renderer/LightTexture;Lorg/joml/Matrix4f;Lorg/joml/Matrix4f;Lorg/spongepowered/asm/mixin/injection/callback/CallbackInfo;)V won't be passed a CallbackInfo as a result
[25Sep2026 23:37:51.619] [Render thread/DEBUG] [mixin/]: Mixing core.model.colors.BlockColorsMixin from embeddium.mixins.json into net.minecraft.client.color.block.BlockColors
[25Sep2026 23:37:51.620] [Render thread/DEBUG] [mixin/]: embeddium.mixins.json:core.model.colors.BlockColorsMixin from mod embeddium: Class version 65 required is higher than the class version supported by the current version of Mixin (JAVA_17 supports class version 61)
[25Sep2026 23:37:51.666] [Render thread/DEBUG] [mixin/]: embeddium.mixins.json:core.model.colors.BlockColorsMixin from mod embeddium->@Inject::preRegisterColorProvider(Lnet/minecraft/client/color/block/BlockColor;[Lnet/minecraft/world/level/block/Block;Lorg/spongepowered/asm/mixin/injection/callback/CallbackInfo;)V doesn't use it's CallbackInfo
[25Sep2026 23:37:51.666] [Render thread/DEBUG] [mixin/]: embeddium.mixins.json:core.model.colors.BlockColorsMixin from mod embeddium->@Inject::preRegisterColorProvider(Lnet/minecraft/client/color/block/BlockColor;[Lnet/minecraft/world/level/block/Block;Lorg/spongepowered/asm/mixin/injection/callback/CallbackInfo;)V has 0 override(s) in child classes
[25Sep2026 23:37:51.666] [Render thread/DEBUG] [mixin/]: embeddium.mixins.json:core.model.colors.BlockColorsMixin from mod embeddium->@Inject::preRegisterColorProvider(Lnet/minecraft/client/color/block/BlockColor;[Lnet/minecraft/world/level/block/Block;Lorg/spongepowered/asm/mixin/injection/callback/CallbackInfo;)V won't be passed a CallbackInfo as a result
[25Sep2026 23:37:51.721] [Render thread/DEBUG] [mixin/]: Mixing ClientHooksMixin from azurelib.neo2.mixins.json into net.neoforged.neoforge.client.ClientHooks
[25Sep2026 23:37:51.727] [Render thread/DEBUG] [mixin/]: azurelib.neo2.mixins.json:ClientHooksMixin from mod azurelib->@Inject::injectAzureArmors(Lnet/minecraft/world/entity/LivingEntity;Lnet/minecraft/world/item/ItemStack;Lnet/minecraft/world/entity/EquipmentSlot;Lnet/minecraft/client/model/HumanoidModel;Lorg/spongepowered/asm/mixin/injection/callback/CallbackInfoReturnable;)V does use it's CallbackInfoReturnable
[25Sep2026 23:37:51.794] [Render thread/DEBUG] [mixin/]: Mixing core.model.colors.ItemColorsMixin from embeddium.mixins.json into net.minecraft.client.color.item.ItemColors
[25Sep2026 23:37:51.794] [Render thread/DEBUG] [mixin/]: embeddium.mixins.json:core.model.colors.ItemColorsMixin from mod embeddium: Class version 65 required is higher than the class version supported by the current version of Mixin (JAVA_17 supports class version 61)
[25Sep2026 23:37:51.800] [Render thread/DEBUG] [mixin/]: embeddium.mixins.json:core.model.colors.ItemColorsMixin from mod embeddium->@Inject::preRegisterColor(Lnet/minecraft/client/color/item/ItemColor;[Lnet/minecraft/world/level/ItemLike;Lorg/spongepowered/asm/mixin/injection/callback/CallbackInfo;)V doesn't use it's CallbackInfo
[25Sep2026 23:37:51.800] [Render thread/DEBUG] [mixin/]: embeddium.mixins.json:core.model.colors.ItemColorsMixin from mod embeddium->@Inject::preRegisterColor(Lnet/minecraft/client/color/item/ItemColor;[Lnet/minecraft/world/level/ItemLike;Lorg/spongepowered/asm/mixin/injection/callback/CallbackInfo;)V has 0 override(s) in child classes
[25Sep2026 23:37:51.800] [Render thread/DEBUG] [mixin/]: embeddium.mixins.json:core.model.colors.ItemColorsMixin from mod embeddium->@Inject::preRegisterColor(Lnet/minecraft/client/color/item/ItemColor;[Lnet/minecraft/world/level/ItemLike;Lorg/spongepowered/asm/mixin/injection/callback/CallbackInfo;)V won't be passed a CallbackInfo as a result
[25Sep2026 23:37:51.874] [Render thread/DEBUG] [mixin/]: Mixing firstPerson.EntityRenderDispatcherMixin from playerAnimator-common.mixins.json into net.minecraft.client.renderer.entity.EntityRenderDispatcher
[25Sep2026 23:37:51.876] [Render thread/DEBUG] [mixin/]: Mixing EntityRenderDispatcherMixin from irons_lib.mixins.json into net.minecraft.client.renderer.entity.EntityRenderDispatcher
[25Sep2026 23:37:51.878] [Render thread/DEBUG] [mixin/]: Mixing SoulFireEntityRenderDispatcherMixin from irons_lib.mixins.json into net.minecraft.client.renderer.entity.EntityRenderDispatcher
[25Sep2026 23:37:51.880] [Render thread/DEBUG] [mixin/]: Mixing Client.EntityRenderDispatcherMixin from hazentouvelib.mixins.json into net.minecraft.client.renderer.entity.EntityRenderDispatcher
[25Sep2026 23:37:51.893] [Render thread/DEBUG] [mixin/]: Mixing features.render.entity.shadows.EntityRenderDispatcherMixin from embeddium.mixins.json into net.minecraft.client.renderer.entity.EntityRenderDispatcher
[25Sep2026 23:37:51.894] [Render thread/DEBUG] [mixin/]: embeddium.mixins.json:features.render.entity.shadows.EntityRenderDispatcherMixin from mod embeddium: Class version 65 required is higher than the class version supported by the current version of Mixin (JAVA_17 supports class version 61)
[25Sep2026 23:37:51.934] [Render thread/DEBUG] [mixin/]: playerAnimator-common.mixins.json:firstPerson.EntityRenderDispatcherMixin from mod playeranimator->@Inject::renderShadow_HEAD_PlayerAnimator(Lcom/mojang/blaze3d/vertex/PoseStack;Lnet/minecraft/client/renderer/MultiBufferSource;Lnet/minecraft/world/entity/Entity;FFLnet/minecraft/world/level/LevelReader;FLorg/spongepowered/asm/mixin/injection/callback/CallbackInfo;)V does use it's CallbackInfo
[25Sep2026 23:37:51.942] [Render thread/DEBUG] [mixin/]: hazentouvelib.mixins.json:Client.EntityRenderDispatcherMixin from mod hazentouvelib->@Inject::render(Lcom/mojang/blaze3d/vertex/PoseStack;Lnet/minecraft/client/renderer/MultiBufferSource;Lnet/minecraft/world/entity/Entity;Lorg/joml/Quaternionf;Lorg/spongepowered/asm/mixin/injection/callback/CallbackInfo;)V does use it's CallbackInfo
[25Sep2026 23:37:51.942] [Render thread/DEBUG] [mixin/]: hazentouvelib.mixins.json:Client.EntityRenderDispatcherMixin from mod hazentouvelib->@Inject::render(Lnet/minecraft/world/entity/Entity;DDDFFLcom/mojang/blaze3d/vertex/PoseStack;Lnet/minecraft/client/renderer/MultiBufferSource;ILorg/spongepowered/asm/mixin/injection/callback/CallbackInfo;)V doesn't use it's CallbackInfo
[25Sep2026 23:37:51.942] [Render thread/DEBUG] [mixin/]: hazentouvelib.mixins.json:Client.EntityRenderDispatcherMixin from mod hazentouvelib->@Inject::render(Lnet/minecraft/world/entity/Entity;DDDFFLcom/mojang/blaze3d/vertex/PoseStack;Lnet/minecraft/client/renderer/MultiBufferSource;ILorg/spongepowered/asm/mixin/injection/callback/CallbackInfo;)V has 0 override(s) in child classes
[25Sep2026 23:37:51.942] [Render thread/DEBUG] [mixin/]: hazentouvelib.mixins.json:Client.EntityRenderDispatcherMixin from mod hazentouvelib->@Inject::render(Lnet/minecraft/world/entity/Entity;DDDFFLcom/mojang/blaze3d/vertex/PoseStack;Lnet/minecraft/client/renderer/MultiBufferSource;ILorg/spongepowered/asm/mixin/injection/callback/CallbackInfo;)V won't be passed a CallbackInfo as a result
[25Sep2026 23:37:51.943] [Render thread/DEBUG] [mixin/]: embeddium.mixins.json:features.render.entity.shadows.EntityRenderDispatcherMixin from mod embeddium->@Inject::renderShadowPartFast(Lcom/mojang/blaze3d/vertex/PoseStack$Pose;Lcom/mojang/blaze3d/vertex/VertexConsumer;Lnet/minecraft/world/level/chunk/ChunkAccess;Lnet/minecraft/world/level/LevelReader;Lnet/minecraft/core/BlockPos;DDDFFLorg/spongepowered/asm/mixin/injection/callback/CallbackInfo;)V does use it's CallbackInfo
[25Sep2026 23:37:51.959] [Render thread/DEBUG] [mixin/]: Mixing client.BlockEntityWithoutLevelRendererMixin from geckolib.mixins.json into net.minecraft.client.renderer.BlockEntityWithoutLevelRenderer
[25Sep2026 23:37:51.960] [Render thread/DEBUG] [mixin/]: geckolib.mixins.json:client.BlockEntityWithoutLevelRendererMixin from mod geckolib: Class version 65 required is higher than the class version supported by the current version of Mixin (JAVA_17 supports class version 61)
[25Sep2026 23:37:51.964] [Render thread/DEBUG] [mixin/]: geckolib.mixins.json:client.BlockEntityWithoutLevelRendererMixin from mod geckolib->@Inject::geckolib$renderGeckolibItem(Lnet/minecraft/world/item/ItemStack;Lnet/minecraft/world/item/ItemDisplayContext;Lcom/mojang/blaze3d/vertex/PoseStack;Lnet/minecraft/client/renderer/MultiBufferSource;IILorg/spongepowered/asm/mixin/injection/callback/CallbackInfo;)V does use it's CallbackInfo
[25Sep2026 23:37:52.000] [Render thread/DEBUG] [mixin/]: Mixing core.render.world.BufferBuilderStorageMixin from embeddium.mixins.json into net.minecraft.client.renderer.RenderBuffers
[25Sep2026 23:37:52.001] [Render thread/DEBUG] [mixin/]: embeddium.mixins.json:core.render.world.BufferBuilderStorageMixin from mod embeddium: Class version 65 required is higher than the class version supported by the current version of Mixin (JAVA_17 supports class version 61)
[25Sep2026 23:37:52.030] [Render thread/DEBUG] [mixin/]: Mixing features.model.ModelBakeryMixin from embeddium.mixins.json into net.minecraft.client.resources.model.ModelBakery
[25Sep2026 23:37:52.030] [Render thread/DEBUG] [mixin/]: embeddium.mixins.json:features.model.ModelBakeryMixin from mod embeddium: Class version 65 required is higher than the class version supported by the current version of Mixin (JAVA_17 supports class version 61)
[25Sep2026 23:37:52.039] [Render thread/DEBUG] [mixin/]: embeddium.mixins.json:features.model.ModelBakeryMixin from mod embeddium->@Inject::epsilonizeBlockModel(Lnet/minecraft/resources/ResourceLocation;Lorg/spongepowered/asm/mixin/injection/callback/CallbackInfoReturnable;)V does use it's CallbackInfoReturnable
[25Sep2026 23:37:52.039] [Render thread/DEBUG] [mixin/]: embeddium.mixins.json:features.model.ModelBakeryMixin from mod embeddium->@Inject::epsilonizeBlockModel(Lnet/minecraft/resources/ResourceLocation;Lorg/spongepowered/asm/mixin/injection/callback/CallbackInfoReturnable;)V does use it's CallbackInfoReturnable
[25Sep2026 23:37:52.039] [Render thread/DEBUG] [mixin/]: embeddium.mixins.json:features.model.ModelBakeryMixin from mod embeddium->@Inject::epsilonizeBlockModel(Lnet/minecraft/resources/ResourceLocation;Lorg/spongepowered/asm/mixin/injection/callback/CallbackInfoReturnable;)V does use it's CallbackInfoReturnable
[25Sep2026 23:37:52.039] [Render thread/DEBUG] [mixin/]: embeddium.mixins.json:features.model.ModelBakeryMixin from mod embeddium->@Inject::epsilonizeBlockModel(Lnet/minecraft/resources/ResourceLocation;Lorg/spongepowered/asm/mixin/injection/callback/CallbackInfoReturnable;)V does use it's CallbackInfoReturnable
[25Sep2026 23:37:52.081] [Render thread/DEBUG] [mixin/]: Mixing core.model.quad.BakedQuadFactoryMixin from embeddium.mixins.json into net.minecraft.client.renderer.block.model.FaceBakery
[25Sep2026 23:37:52.082] [Render thread/DEBUG] [mixin/]: embeddium.mixins.json:core.model.quad.BakedQuadFactoryMixin from mod embeddium: Class version 65 required is higher than the class version supported by the current version of Mixin (JAVA_17 supports class version 61)
[25Sep2026 23:37:52.100] [Render thread/DEBUG] [mixin/]: Mixing features.model.BlockElementMixin from embeddium.mixins.json into net.minecraft.client.renderer.block.model.BlockElement
[25Sep2026 23:37:52.101] [Render thread/DEBUG] [mixin/]: embeddium.mixins.json:features.model.BlockElementMixin from mod embeddium: Class version 65 required is higher than the class version supported by the current version of Mixin (JAVA_17 supports class version 61)
[25Sep2026 23:37:52.177] [Render thread/DEBUG] [mixin/]: Mixing features.render.model.block.BlockModelRendererMixin from embeddium.mixins.json into net.minecraft.client.renderer.block.ModelBlockRenderer
[25Sep2026 23:37:52.177] [Render thread/DEBUG] [mixin/]: embeddium.mixins.json:features.render.model.block.BlockModelRendererMixin from mod embeddium: Class version 65 required is higher than the class version supported by the current version of Mixin (JAVA_17 supports class version 61)
[25Sep2026 23:37:52.183] [Render thread/DEBUG] [mixin/]: Mixing features.textures.animations.tracking.BlockModelRendererMixin from embeddium.mixins.json into net.minecraft.client.renderer.block.ModelBlockRenderer
[25Sep2026 23:37:52.183] [Render thread/DEBUG] [mixin/]: embeddium.mixins.json:features.textures.animations.tracking.BlockModelRendererMixin from mod embeddium: Class version 65 required is higher than the class version supported by the current version of Mixin (JAVA_17 supports class version 61)
[25Sep2026 23:37:52.191] [Render thread/DEBUG] [mixin/]: embeddium.mixins.json:features.render.model.block.BlockModelRendererMixin from mod embeddium->@Inject::renderFast(Lcom/mojang/blaze3d/vertex/PoseStack$Pose;Lcom/mojang/blaze3d/vertex/VertexConsumer;Lnet/minecraft/world/level/block/state/BlockState;Lnet/minecraft/client/resources/model/BakedModel;FFFIILnet/neoforged/neoforge/client/model/data/ModelData;Lnet/minecraft/client/renderer/RenderType;Lorg/spongepowered/asm/mixin/injection/callback/CallbackInfo;)V does use it's CallbackInfo
[25Sep2026 23:37:52.192] [Render thread/DEBUG] [mixin/]: embeddium.mixins.json:features.textures.animations.tracking.BlockModelRendererMixin from mod embeddium->@Inject::preRenderQuad(Lnet/minecraft/world/level/BlockAndTintGetter;Lnet/minecraft/world/level/block/state/BlockState;Lnet/minecraft/core/BlockPos;Lcom/mojang/blaze3d/vertex/VertexConsumer;Lcom/mojang/blaze3d/vertex/PoseStack$Pose;Lnet/minecraft/client/renderer/block/model/BakedQuad;FFFFIIIIILorg/spongepowered/asm/mixin/injection/callback/CallbackInfo;)V doesn't use it's CallbackInfo
[25Sep2026 23:37:52.192] [Render thread/DEBUG] [mixin/]: embeddium.mixins.json:features.textures.animations.tracking.BlockModelRendererMixin from mod embeddium->@Inject::preRenderQuad(Lnet/minecraft/world/level/BlockAndTintGetter;Lnet/minecraft/world/level/block/state/BlockState;Lnet/minecraft/core/BlockPos;Lcom/mojang/blaze3d/vertex/VertexConsumer;Lcom/mojang/blaze3d/vertex/PoseStack$Pose;Lnet/minecraft/client/renderer/block/model/BakedQuad;FFFFIIIIILorg/spongepowered/asm/mixin/injection/callback/CallbackInfo;)V has 0 override(s) in child classes
[25Sep2026 23:37:52.192] [Render thread/DEBUG] [mixin/]: embeddium.mixins.json:features.textures.animations.tracking.BlockModelRendererMixin from mod embeddium->@Inject::preRenderQuad(Lnet/minecraft/world/level/BlockAndTintGetter;Lnet/minecraft/world/level/block/state/BlockState;Lnet/minecraft/core/BlockPos;Lcom/mojang/blaze3d/vertex/VertexConsumer;Lcom/mojang/blaze3d/vertex/PoseStack$Pose;Lnet/minecraft/client/renderer/block/model/BakedQuad;FFFFIIIIILorg/spongepowered/asm/mixin/injection/callback/CallbackInfo;)V won't be passed a CallbackInfo as a result
[25Sep2026 23:37:52.248] [Render thread/DEBUG] [mixin/]: Mixing ItemInHandRendererMixin from moonlight-common.mixins.json into net.minecraft.client.renderer.ItemInHandRenderer
[25Sep2026 23:37:52.249] [Render thread/DEBUG] [mixin/]: moonlight-common.mixins.json:ItemInHandRendererMixin from mod moonlight: Class version 65 required is higher than the class version supported by the current version of Mixin (JAVA_17 supports class version 61)
[25Sep2026 23:37:52.253] [Render thread/DEBUG] [mixin/]: Mixing firstPerson.ItemInHandRendererMixin from playerAnimator-common.mixins.json into net.minecraft.client.renderer.ItemInHandRenderer
[25Sep2026 23:37:52.257] [Render thread/DEBUG] [mixin/]: Mixing ItemInHandRendererMixin from irons_lib.mixins.json into net.minecraft.client.renderer.ItemInHandRenderer
[25Sep2026 23:37:52.263] [Render thread/DEBUG] [mixin/]: Mixing ItemInHandRendererMixin from irons_artifice.mixins.json into net.minecraft.client.renderer.ItemInHandRenderer
[25Sep2026 23:37:52.302] [Render thread/DEBUG] [mixin/]: moonlight-common.mixins.json:ItemInHandRendererMixin from mod moonlight->@Inject::moonlight$animateItem(Lnet/minecraft/client/player/AbstractClientPlayer;FFLnet/minecraft/world/InteractionHand;FLnet/minecraft/world/item/ItemStack;FLcom/mojang/blaze3d/vertex/PoseStack;Lnet/minecraft/client/renderer/MultiBufferSource;ILorg/spongepowered/asm/mixin/injection/callback/CallbackInfo;)V doesn't use it's CallbackInfo
[25Sep2026 23:37:52.302] [Render thread/DEBUG] [mixin/]: moonlight-common.mixins.json:ItemInHandRendererMixin from mod moonlight->@Inject::moonlight$animateItem(Lnet/minecraft/client/player/AbstractClientPlayer;FFLnet/minecraft/world/InteractionHand;FLnet/minecraft/world/item/ItemStack;FLcom/mojang/blaze3d/vertex/PoseStack;Lnet/minecraft/client/renderer/MultiBufferSource;ILorg/spongepowered/asm/mixin/injection/callback/CallbackInfo;)V has 0 override(s) in child classes
[25Sep2026 23:37:52.303] [Render thread/DEBUG] [mixin/]: moonlight-common.mixins.json:ItemInHandRendererMixin from mod moonlight->@Inject::moonlight$animateItem(Lnet/minecraft/client/player/AbstractClientPlayer;FFLnet/minecraft/world/InteractionHand;FLnet/minecraft/world/item/ItemStack;FLcom/mojang/blaze3d/vertex/PoseStack;Lnet/minecraft/client/renderer/MultiBufferSource;ILorg/spongepowered/asm/mixin/injection/callback/CallbackInfo;)V won't be passed a CallbackInfo as a result
[25Sep2026 23:37:52.303] [Render thread/DEBUG] [mixin/]: moonlight-common.mixins.json:ItemInHandRendererMixin from mod moonlight->@Inject::moonlight$renderSpecial(Lnet/minecraft/client/player/AbstractClientPlayer;FFLnet/minecraft/world/InteractionHand;FLnet/minecraft/world/item/ItemStack;FLcom/mojang/blaze3d/vertex/PoseStack;Lnet/minecraft/client/renderer/MultiBufferSource;ILorg/spongepowered/asm/mixin/injection/callback/CallbackInfo;)V does use it's CallbackInfo
[25Sep2026 23:37:52.305] [Render thread/DEBUG] [mixin/]: playerAnimator-common.mixins.json:firstPerson.ItemInHandRendererMixin from mod playeranimator->@Inject::disableDefaultItemIfNeeded(FLcom/mojang/blaze3d/vertex/PoseStack;Lnet/minecraft/client/renderer/MultiBufferSource$BufferSource;Lnet/minecraft/client/player/LocalPlayer;ILorg/spongepowered/asm/mixin/injection/callback/CallbackInfo;)V does use it's CallbackInfo
[25Sep2026 23:37:52.305] [Render thread/DEBUG] [mixin/]: playerAnimator-common.mixins.json:firstPerson.ItemInHandRendererMixin from mod playeranimator->@Inject::cancelItemRender(Lnet/minecraft/world/entity/LivingEntity;Lnet/minecraft/world/item/ItemStack;Lnet/minecraft/world/item/ItemDisplayContext;ZLcom/mojang/blaze3d/vertex/PoseStack;Lnet/minecraft/client/renderer/MultiBufferSource;ILorg/spongepowered/asm/mixin/injection/callback/CallbackInfo;)V does use it's CallbackInfo
[25Sep2026 23:37:52.306] [Render thread/DEBUG] [mixin/]: irons_lib.mixins.json:ItemInHandRendererMixin from mod irons_lib->@Inject::irons_lib$kineticFirstPersonPose(Lnet/minecraft/client/player/AbstractClientPlayer;FFLnet/minecraft/world/InteractionHand;FLnet/minecraft/world/item/ItemStack;FLcom/mojang/blaze3d/vertex/PoseStack;Lnet/minecraft/client/renderer/MultiBufferSource;ILorg/spongepowered/asm/mixin/injection/callback/CallbackInfo;)V doesn't use it's CallbackInfo
[25Sep2026 23:37:52.306] [Render thread/DEBUG] [mixin/]: irons_lib.mixins.json:ItemInHandRendererMixin from mod irons_lib->@Inject::irons_lib$kineticFirstPersonPose(Lnet/minecraft/client/player/AbstractClientPlayer;FFLnet/minecraft/world/InteractionHand;FLnet/minecraft/world/item/ItemStack;FLcom/mojang/blaze3d/vertex/PoseStack;Lnet/minecraft/client/renderer/MultiBufferSource;ILorg/spongepowered/asm/mixin/injection/callback/CallbackInfo;)V has 0 override(s) in child classes
[25Sep2026 23:37:52.306] [Render thread/DEBUG] [mixin/]: irons_lib.mixins.json:ItemInHandRendererMixin from mod irons_lib->@Inject::irons_lib$kineticFirstPersonPose(Lnet/minecraft/client/player/AbstractClientPlayer;FFLnet/minecraft/world/InteractionHand;FLnet/minecraft/world/item/ItemStack;FLcom/mojang/blaze3d/vertex/PoseStack;Lnet/minecraft/client/renderer/MultiBufferSource;ILorg/spongepowered/asm/mixin/injection/callback/CallbackInfo;)V won't be passed a CallbackInfo as a result
[25Sep2026 23:37:52.306] [Render thread/DEBUG] [mixin/]: irons_lib.mixins.json:ItemInHandRendererMixin from mod irons_lib->@Inject::irons_lib$kineticFirstPersonPose(Lnet/minecraft/client/player/AbstractClientPlayer;FFLnet/minecraft/world/InteractionHand;FLnet/minecraft/world/item/ItemStack;FLcom/mojang/blaze3d/vertex/PoseStack;Lnet/minecraft/client/renderer/MultiBufferSource;ILorg/spongepowered/asm/mixin/injection/callback/CallbackInfo;)V doesn't use it's CallbackInfo
[25Sep2026 23:37:52.306] [Render thread/DEBUG] [mixin/]: irons_lib.mixins.json:ItemInHandRendererMixin from mod irons_lib->@Inject::irons_lib$kineticFirstPersonPose(Lnet/minecraft/client/player/AbstractClientPlayer;FFLnet/minecraft/world/InteractionHand;FLnet/minecraft/world/item/ItemStack;FLcom/mojang/blaze3d/vertex/PoseStack;Lnet/minecraft/client/renderer/MultiBufferSource;ILorg/spongepowered/asm/mixin/injection/callback/CallbackInfo;)V has 0 override(s) in child classes
[25Sep2026 23:37:52.306] [Render thread/DEBUG] [mixin/]: irons_lib.mixins.json:ItemInHandRendererMixin from mod irons_lib->@Inject::irons_lib$kineticFirstPersonPose(Lnet/minecraft/client/player/AbstractClientPlayer;FFLnet/minecraft/world/InteractionHand;FLnet/minecraft/world/item/ItemStack;FLcom/mojang/blaze3d/vertex/PoseStack;Lnet/minecraft/client/renderer/MultiBufferSource;ILorg/spongepowered/asm/mixin/injection/callback/CallbackInfo;)V won't be passed a CallbackInfo as a result
[25Sep2026 23:37:52.307] [Render thread/DEBUG] [mixin/]: irons_artifice.mixins.json:ItemInHandRendererMixin from mod irons_artifice->@Inject::irons_artifice$hideHandsForScoping(Lnet/minecraft/client/player/AbstractClientPlayer;FFLnet/minecraft/world/InteractionHand;FLnet/minecraft/world/item/ItemStack;FLcom/mojang/blaze3d/vertex/PoseStack;Lnet/minecraft/client/renderer/MultiBufferSource;ILorg/spongepowered/asm/mixin/injection/callback/CallbackInfo;)V does use it's CallbackInfo
[25Sep2026 23:37:52.308] [Render thread/DEBUG] [mixin/]: irons_artifice.mixins.json:ItemInHandRendererMixin from mod irons_artifice->@Inject::irons_artifice$pushHeldItemHolder(Lnet/minecraft/world/entity/LivingEntity;Lnet/minecraft/world/item/ItemStack;Lnet/minecraft/world/item/ItemDisplayContext;ZLcom/mojang/blaze3d/vertex/PoseStack;Lnet/minecraft/client/renderer/MultiBufferSource;ILorg/spongepowered/asm/mixin/injection/callback/CallbackInfo;)V doesn't use it's CallbackInfo
[25Sep2026 23:37:52.309] [Render thread/DEBUG] [mixin/]: irons_artifice.mixins.json:ItemInHandRendererMixin from mod irons_artifice->@Inject::irons_artifice$pushHeldItemHolder(Lnet/minecraft/world/entity/LivingEntity;Lnet/minecraft/world/item/ItemStack;Lnet/minecraft/world/item/ItemDisplayContext;ZLcom/mojang/blaze3d/vertex/PoseStack;Lnet/minecraft/client/renderer/MultiBufferSource;ILorg/spongepowered/asm/mixin/injection/callback/CallbackInfo;)V has 0 override(s) in child classes
[25Sep2026 23:37:52.310] [Render thread/DEBUG] [mixin/]: irons_artifice.mixins.json:ItemInHandRendererMixin from mod irons_artifice->@Inject::irons_artifice$pushHeldItemHolder(Lnet/minecraft/world/entity/LivingEntity;Lnet/minecraft/world/item/ItemStack;Lnet/minecraft/world/item/ItemDisplayContext;ZLcom/mojang/blaze3d/vertex/PoseStack;Lnet/minecraft/client/renderer/MultiBufferSource;ILorg/spongepowered/asm/mixin/injection/callback/CallbackInfo;)V won't be passed a CallbackInfo as a result
[25Sep2026 23:37:52.310] [Render thread/DEBUG] [mixin/]: irons_artifice.mixins.json:ItemInHandRendererMixin from mod irons_artifice->@Inject::irons_artifice$popHeldItemHolder(Lnet/minecraft/world/entity/LivingEntity;Lnet/minecraft/world/item/ItemStack;Lnet/minecraft/world/item/ItemDisplayContext;ZLcom/mojang/blaze3d/vertex/PoseStack;Lnet/minecraft/client/renderer/MultiBufferSource;ILorg/spongepowered/asm/mixin/injection/callback/CallbackInfo;)V doesn't use it's CallbackInfo
[25Sep2026 23:37:52.310] [Render thread/DEBUG] [mixin/]: irons_artifice.mixins.json:ItemInHandRendererMixin from mod irons_artifice->@Inject::irons_artifice$popHeldItemHolder(Lnet/minecraft/world/entity/LivingEntity;Lnet/minecraft/world/item/ItemStack;Lnet/minecraft/world/item/ItemDisplayContext;ZLcom/mojang/blaze3d/vertex/PoseStack;Lnet/minecraft/client/renderer/MultiBufferSource;ILorg/spongepowered/asm/mixin/injection/callback/CallbackInfo;)V has 0 override(s) in child classes
[25Sep2026 23:37:52.310] [Render thread/DEBUG] [mixin/]: irons_artifice.mixins.json:ItemInHandRendererMixin from mod irons_artifice->@Inject::irons_artifice$popHeldItemHolder(Lnet/minecraft/world/entity/LivingEntity;Lnet/minecraft/world/item/ItemStack;Lnet/minecraft/world/item/ItemDisplayContext;ZLcom/mojang/blaze3d/vertex/PoseStack;Lnet/minecraft/client/renderer/MultiBufferSource;ILorg/spongepowered/asm/mixin/injection/callback/CallbackInfo;)V won't be passed a CallbackInfo as a result
[25Sep2026 23:37:52.447] [Render thread/DEBUG] [mixin/]: Mixing SpellParticleProviderMixin from irons_spellbooks.mixins.json into net.minecraft.client.particle.SpellParticle$Provider
[25Sep2026 23:37:52.463] [Render thread/DEBUG] [mixin/]: irons_spellbooks.mixins.json:SpellParticleProviderMixin from mod irons_spellbooks->@Inject::irons_spellbooks$fadingTrialOmen(Lnet/minecraft/core/particles/SimpleParticleType;Lnet/minecraft/client/multiplayer/ClientLevel;DDDDDDLorg/spongepowered/asm/mixin/injection/callback/CallbackInfoReturnable;)V does use it's CallbackInfoReturnable
[25Sep2026 23:37:53.068] [Render thread/DEBUG] [mixin/]: Mixing MapRendererMixin from moonlight-common.mixins.json into net.minecraft.client.gui.MapRenderer
[25Sep2026 23:37:53.068] [Render thread/DEBUG] [mixin/]: moonlight-common.mixins.json:MapRendererMixin from mod moonlight: Class version 65 required is higher than the class version supported by the current version of Mixin (JAVA_17 supports class version 61)
[25Sep2026 23:37:53.074] [Render thread/DEBUG] [mixin/]: moonlight-common.mixins.json:MapRendererMixin from mod moonlight->@Inject::render(Lcom/mojang/blaze3d/vertex/PoseStack;Lnet/minecraft/client/renderer/MultiBufferSource;Lnet/minecraft/world/level/saveddata/maps/MapId;Lnet/minecraft/world/level/saveddata/maps/MapItemSavedData;ZILorg/spongepowered/asm/mixin/injection/callback/CallbackInfo;)V doesn't use it's CallbackInfo
[25Sep2026 23:37:53.075] [Render thread/DEBUG] [mixin/]: moonlight-common.mixins.json:MapRendererMixin from mod moonlight->@Inject::render(Lcom/mojang/blaze3d/vertex/PoseStack;Lnet/minecraft/client/renderer/MultiBufferSource;Lnet/minecraft/world/level/saveddata/maps/MapId;Lnet/minecraft/world/level/saveddata/maps/MapItemSavedData;ZILorg/spongepowered/asm/mixin/injection/callback/CallbackInfo;)V has 0 override(s) in child classes
[25Sep2026 23:37:53.075] [Render thread/DEBUG] [mixin/]: moonlight-common.mixins.json:MapRendererMixin from mod moonlight->@Inject::render(Lcom/mojang/blaze3d/vertex/PoseStack;Lnet/minecraft/client/renderer/MultiBufferSource;Lnet/minecraft/world/level/saveddata/maps/MapId;Lnet/minecraft/world/level/saveddata/maps/MapItemSavedData;ZILorg/spongepowered/asm/mixin/injection/callback/CallbackInfo;)V won't be passed a CallbackInfo as a result
[25Sep2026 23:37:53.172] [Render thread/DEBUG] [mixin/]: Mixing core.render.immediate.consumer.BufferBuilderMixin from embeddium.mixins.json into com.mojang.blaze3d.vertex.BufferBuilder
[25Sep2026 23:37:53.172] [Render thread/DEBUG] [mixin/]: embeddium.mixins.json:core.render.immediate.consumer.BufferBuilderMixin from mod embeddium: Class version 65 required is higher than the class version supported by the current version of Mixin (JAVA_17 supports class version 61)
[25Sep2026 23:37:53.182] [Render thread/DEBUG] [mixin/]: Mixing features.render.immediate.buffer_builder.intrinsics.BufferBuilderMixin from embeddium.mixins.json into com.mojang.blaze3d.vertex.BufferBuilder
[25Sep2026 23:37:53.183] [Render thread/DEBUG] [mixin/]: embeddium.mixins.json:features.render.immediate.buffer_builder.intrinsics.BufferBuilderMixin from mod embeddium: Class version 65 required is higher than the class version supported by the current version of Mixin (JAVA_17 supports class version 61)
[25Sep2026 23:37:53.218] [Render thread/DEBUG] [mixin/]: embeddium.mixins.json:core.render.immediate.consumer.BufferBuilderMixin from mod embeddium->@Inject::onFormatChanged(Lcom/mojang/blaze3d/vertex/ByteBufferBuilder;Lcom/mojang/blaze3d/vertex/VertexFormat$Mode;Lcom/mojang/blaze3d/vertex/VertexFormat;Lorg/spongepowered/asm/mixin/injection/callback/CallbackInfo;)V doesn't use it's CallbackInfo
[25Sep2026 23:37:53.219] [Render thread/DEBUG] [mixin/]: embeddium.mixins.json:core.render.immediate.consumer.BufferBuilderMixin from mod embeddium->@Inject::onFormatChanged(Lcom/mojang/blaze3d/vertex/ByteBufferBuilder;Lcom/mojang/blaze3d/vertex/VertexFormat$Mode;Lcom/mojang/blaze3d/vertex/VertexFormat;Lorg/spongepowered/asm/mixin/injection/callback/CallbackInfo;)V has 0 override(s) in child classes
[25Sep2026 23:37:53.219] [Render thread/DEBUG] [mixin/]: embeddium.mixins.json:core.render.immediate.consumer.BufferBuilderMixin from mod embeddium->@Inject::onFormatChanged(Lcom/mojang/blaze3d/vertex/ByteBufferBuilder;Lcom/mojang/blaze3d/vertex/VertexFormat$Mode;Lcom/mojang/blaze3d/vertex/VertexFormat;Lorg/spongepowered/asm/mixin/injection/callback/CallbackInfo;)V won't be passed a CallbackInfo as a result
[25Sep2026 23:37:53.256] [Render thread/DEBUG] [mixin/]: Mixing features.render.immediate.buffer_builder.sorting.MeshDataMixin from embeddium.mixins.json into com.mojang.blaze3d.vertex.MeshData
[25Sep2026 23:37:53.256] [Render thread/DEBUG] [mixin/]: embeddium.mixins.json:features.render.immediate.buffer_builder.sorting.MeshDataMixin from mod embeddium: Class version 65 required is higher than the class version supported by the current version of Mixin (JAVA_17 supports class version 61)
[25Sep2026 23:37:53.974] [Render thread/DEBUG] [mixin/]: Mixing GuiMixin from irons_spellbooks.mixins.json into net.minecraft.client.gui.Gui
[25Sep2026 23:37:54.214] [Render thread/DEBUG] [mixin/]: Mixing GuiCrosshairMixin from irons_artifice.mixins.json into net.minecraft.client.gui.Gui
[25Sep2026 23:37:54.219] [Render thread/DEBUG] [mixin/]: Mixing features.options.overlays.InGameHudMixin from embeddium.mixins.json into net.minecraft.client.gui.Gui
[25Sep2026 23:37:54.220] [Render thread/DEBUG] [mixin/]: embeddium.mixins.json:features.options.overlays.InGameHudMixin from mod embeddium: Class version 65 required is higher than the class version supported by the current version of Mixin (JAVA_17 supports class version 61)
[25Sep2026 23:37:54.227] [Render thread/DEBUG] [mixin/]: irons_spellbooks.mixins.json:GuiMixin from mod irons_spellbooks->@Inject::irons_spellbooks$disableXpBar(Lorg/spongepowered/asm/mixin/injection/callback/CallbackInfoReturnable;)V does use it's CallbackInfoReturnable
[25Sep2026 23:37:54.228] [Render thread/DEBUG] [mixin/]: irons_artifice.mixins.json:GuiCrosshairMixin from mod irons_artifice->@Inject::irons_artifice$gunCrosshair(Lnet/minecraft/client/gui/GuiGraphics;Lnet/minecraft/client/DeltaTracker;Lorg/spongepowered/asm/mixin/injection/callback/CallbackInfo;)V does use it's CallbackInfo
[25Sep2026 23:37:54.321] [Render thread/DEBUG] [mixin/]: Mixing features.gui.hooks.debug.DebugHudMixin from embeddium.mixins.json into net.minecraft.client.gui.components.DebugScreenOverlay
[25Sep2026 23:37:54.321] [Render thread/DEBUG] [mixin/]: embeddium.mixins.json:features.gui.hooks.debug.DebugHudMixin from mod embeddium: Class version 65 required is higher than the class version supported by the current version of Mixin (JAVA_17 supports class version 61)
[25Sep2026 23:37:55.311] [Render thread/DEBUG] [mixin/]: Mixing DebugRendererMixin from moonlight-common.mixins.json into net.minecraft.client.renderer.debug.DebugRenderer
[25Sep2026 23:37:55.365] [Render thread/DEBUG] [mixin/]: moonlight-common.mixins.json:DebugRendererMixin from mod moonlight: Class version 65 required is higher than the class version supported by the current version of Mixin (JAVA_17 supports class version 61)
[25Sep2026 23:37:55.433] [Render thread/DEBUG] [mixin/]: moonlight-common.mixins.json:DebugRendererMixin from mod moonlight->@Inject::supp$renderVanillaDebug(Lcom/mojang/blaze3d/vertex/PoseStack;Lnet/minecraft/client/renderer/MultiBufferSource$BufferSource;DDDLorg/spongepowered/asm/mixin/injection/callback/CallbackInfo;)V doesn't use it's CallbackInfo
[25Sep2026 23:37:55.433] [Render thread/DEBUG] [mixin/]: moonlight-common.mixins.json:DebugRendererMixin from mod moonlight->@Inject::supp$renderVanillaDebug(Lcom/mojang/blaze3d/vertex/PoseStack;Lnet/minecraft/client/renderer/MultiBufferSource$BufferSource;DDDLorg/spongepowered/asm/mixin/injection/callback/CallbackInfo;)V has 0 override(s) in child classes
[25Sep2026 23:37:55.434] [Render thread/DEBUG] [mixin/]: moonlight-common.mixins.json:DebugRendererMixin from mod moonlight->@Inject::supp$renderVanillaDebug(Lcom/mojang/blaze3d/vertex/PoseStack;Lnet/minecraft/client/renderer/MultiBufferSource$BufferSource;DDDLorg/spongepowered/asm/mixin/injection/callback/CallbackInfo;)V won't be passed a CallbackInfo as a result
[25Sep2026 23:37:56.283] [Render thread/INFO] [net.neoforged.neoforge.gametest.GameTestHooks/]: Enabled Gametest Namespaces: [hazens_archaic_hexerei_armaments]
[25Sep2026 23:37:57.398] [Render thread/DEBUG] [mixin/]: Mixing PlayerRendererMixin from playerAnimator-common.mixins.json into net.minecraft.client.renderer.entity.player.PlayerRenderer
[25Sep2026 23:37:57.405] [Render thread/DEBUG] [mixin/]: Renaming synthetic method getShadowRadius(Lnet/minecraft/world/entity/Entity;)F to mdb288f6$playeranimator$getShadowRadius$0 in playerAnimator-common.mixins.json:PlayerRendererMixin from mod playeranimator
[25Sep2026 23:37:57.428] [Render thread/DEBUG] [mixin/]: Mixing PlayerRendererMixin from irons_lib.mixins.json into net.minecraft.client.renderer.entity.player.PlayerRenderer
[25Sep2026 23:37:57.467] [Render thread/DEBUG] [mixin/]: playerAnimator-common.mixins.json:PlayerRendererMixin from mod playeranimator->@Inject::hideBonesInFirstPerson(Lnet/minecraft/client/player/AbstractClientPlayer;FFLcom/mojang/blaze3d/vertex/PoseStack;Lnet/minecraft/client/renderer/MultiBufferSource;ILorg/spongepowered/asm/mixin/injection/callback/CallbackInfo;)V doesn't use it's CallbackInfo
[25Sep2026 23:37:57.468] [Render thread/DEBUG] [mixin/]: playerAnimator-common.mixins.json:PlayerRendererMixin from mod playeranimator->@Inject::hideBonesInFirstPerson(Lnet/minecraft/client/player/AbstractClientPlayer;FFLcom/mojang/blaze3d/vertex/PoseStack;Lnet/minecraft/client/renderer/MultiBufferSource;ILorg/spongepowered/asm/mixin/injection/callback/CallbackInfo;)V has 0 override(s) in child classes
[25Sep2026 23:37:57.468] [Render thread/DEBUG] [mixin/]: playerAnimator-common.mixins.json:PlayerRendererMixin from mod playeranimator->@Inject::hideBonesInFirstPerson(Lnet/minecraft/client/player/AbstractClientPlayer;FFLcom/mojang/blaze3d/vertex/PoseStack;Lnet/minecraft/client/renderer/MultiBufferSource;ILorg/spongepowered/asm/mixin/injection/callback/CallbackInfo;)V won't be passed a CallbackInfo as a result
[25Sep2026 23:37:57.469] [Render thread/DEBUG] [mixin/]: playerAnimator-common.mixins.json:PlayerRendererMixin from mod playeranimator->@Inject::applyBodyTransforms(Lnet/minecraft/client/player/AbstractClientPlayer;Lcom/mojang/blaze3d/vertex/PoseStack;FFFFLorg/spongepowered/asm/mixin/injection/callback/CallbackInfo;)V doesn't use it's CallbackInfo
[25Sep2026 23:37:57.472] [Render thread/DEBUG] [mixin/]: playerAnimator-common.mixins.json:PlayerRendererMixin from mod playeranimator->@Inject::applyBodyTransforms(Lnet/minecraft/client/player/AbstractClientPlayer;Lcom/mojang/blaze3d/vertex/PoseStack;FFFFLorg/spongepowered/asm/mixin/injection/callback/CallbackInfo;)V has 0 override(s) in child classes
[25Sep2026 23:37:57.472] [Render thread/DEBUG] [mixin/]: playerAnimator-common.mixins.json:PlayerRendererMixin from mod playeranimator->@Inject::applyBodyTransforms(Lnet/minecraft/client/player/AbstractClientPlayer;Lcom/mojang/blaze3d/vertex/PoseStack;FFFFLorg/spongepowered/asm/mixin/injection/callback/CallbackInfo;)V won't be passed a CallbackInfo as a result
[25Sep2026 23:37:57.473] [Render thread/DEBUG] [mixin/]: playerAnimator-common.mixins.json:PlayerRendererMixin from mod playeranimator->@Inject::notifyModelOfFirstPerson(Lcom/mojang/blaze3d/vertex/PoseStack;Lnet/minecraft/client/renderer/MultiBufferSource;ILnet/minecraft/client/player/AbstractClientPlayer;Lnet/minecraft/client/model/geom/ModelPart;Lnet/minecraft/client/model/geom/ModelPart;Lorg/spongepowered/asm/mixin/injection/callback/CallbackInfo;)V doesn't use it's CallbackInfo
[25Sep2026 23:37:57.474] [Render thread/DEBUG] [mixin/]: playerAnimator-common.mixins.json:PlayerRendererMixin from mod playeranimator->@Inject::notifyModelOfFirstPerson(Lcom/mojang/blaze3d/vertex/PoseStack;Lnet/minecraft/client/renderer/MultiBufferSource;ILnet/minecraft/client/player/AbstractClientPlayer;Lnet/minecraft/client/model/geom/ModelPart;Lnet/minecraft/client/model/geom/ModelPart;Lorg/spongepowered/asm/mixin/injection/callback/CallbackInfo;)V has 0 override(s) in child classes
[25Sep2026 23:37:57.474] [Render thread/DEBUG] [mixin/]: playerAnimator-common.mixins.json:PlayerRendererMixin from mod playeranimator->@Inject::notifyModelOfFirstPerson(Lcom/mojang/blaze3d/vertex/PoseStack;Lnet/minecraft/client/renderer/MultiBufferSource;ILnet/minecraft/client/player/AbstractClientPlayer;Lnet/minecraft/client/model/geom/ModelPart;Lnet/minecraft/client/model/geom/ModelPart;Lorg/spongepowered/asm/mixin/injection/callback/CallbackInfo;)V won't be passed a CallbackInfo as a result
[25Sep2026 23:37:57.482] [Render thread/DEBUG] [mixin/]: irons_lib.mixins.json:PlayerRendererMixin from mod irons_lib->@Inject::irons_lib$kineticPoseWinsOverUseAnimation(Lnet/minecraft/client/player/AbstractClientPlayer;Lnet/minecraft/world/InteractionHand;Lorg/spongepowered/asm/mixin/injection/callback/CallbackInfoReturnable;)V does use it's CallbackInfoReturnable
[25Sep2026 23:37:57.512] [Render thread/DEBUG] [mixin/]: Mixing firstPerson.LivingEntityRendererMixin from playerAnimator-common.mixins.json into net.minecraft.client.renderer.entity.LivingEntityRenderer
[25Sep2026 23:37:57.514] [Render thread/DEBUG] [mixin/]: Renaming synthetic method lambda$filterLayers$0(Ljava/lang/Object;)Z to mdb288f6$playeranimator$lambda$filterLayers$0$0 in playerAnimator-common.mixins.json:firstPerson.LivingEntityRendererMixin from mod playeranimator
[25Sep2026 23:37:57.629] [Render thread/DEBUG] [mixin/]: Mixing features.render.entity.remove_streams.HierarchicalModelMixin from embeddium.mixins.json into net.minecraft.client.model.HierarchicalModel
[25Sep2026 23:37:57.630] [Render thread/DEBUG] [mixin/]: embeddium.mixins.json:features.render.entity.remove_streams.HierarchicalModelMixin from mod embeddium: Class version 65 required is higher than the class version supported by the current version of Mixin (JAVA_17 supports class version 61)
[25Sep2026 23:37:57.640] [Render thread/DEBUG] [mixin/]: Mixing HeldItemMixin from playerAnimator-common.mixins.json into net.minecraft.client.renderer.entity.layers.ItemInHandLayer
[25Sep2026 23:37:57.655] [Render thread/DEBUG] [mixin/]: Mixing ItemInHandLayerMixin from irons_lib.mixins.json into net.minecraft.client.renderer.entity.layers.ItemInHandLayer
[25Sep2026 23:37:57.685] [Render thread/DEBUG] [mixin/]: playerAnimator-common.mixins.json:HeldItemMixin from mod playeranimator->@Inject::renderMixin(Lnet/minecraft/world/entity/LivingEntity;Lnet/minecraft/world/item/ItemStack;Lnet/minecraft/world/item/ItemDisplayContext;Lnet/minecraft/world/entity/HumanoidArm;Lcom/mojang/blaze3d/vertex/PoseStack;Lnet/minecraft/client/renderer/MultiBufferSource;ILorg/spongepowered/asm/mixin/injection/callback/CallbackInfo;)V doesn't use it's CallbackInfo
[25Sep2026 23:37:57.686] [Render thread/DEBUG] [mixin/]: playerAnimator-common.mixins.json:HeldItemMixin from mod playeranimator->@Inject::renderMixin(Lnet/minecraft/world/entity/LivingEntity;Lnet/minecraft/world/item/ItemStack;Lnet/minecraft/world/item/ItemDisplayContext;Lnet/minecraft/world/entity/HumanoidArm;Lcom/mojang/blaze3d/vertex/PoseStack;Lnet/minecraft/client/renderer/MultiBufferSource;ILorg/spongepowered/asm/mixin/injection/callback/CallbackInfo;)V has 0 override(s) in child classes
[25Sep2026 23:37:57.687] [Render thread/DEBUG] [mixin/]: playerAnimator-common.mixins.json:HeldItemMixin from mod playeranimator->@Inject::renderMixin(Lnet/minecraft/world/entity/LivingEntity;Lnet/minecraft/world/item/ItemStack;Lnet/minecraft/world/item/ItemDisplayContext;Lnet/minecraft/world/entity/HumanoidArm;Lcom/mojang/blaze3d/vertex/PoseStack;Lnet/minecraft/client/renderer/MultiBufferSource;ILorg/spongepowered/asm/mixin/injection/callback/CallbackInfo;)V won't be passed a CallbackInfo as a result
[25Sep2026 23:37:57.687] [Render thread/DEBUG] [mixin/]: playerAnimator-common.mixins.json:HeldItemMixin from mod playeranimator->@Inject::changeItemLocation(Lnet/minecraft/world/entity/LivingEntity;Lnet/minecraft/world/item/ItemStack;Lnet/minecraft/world/item/ItemDisplayContext;Lnet/minecraft/world/entity/HumanoidArm;Lcom/mojang/blaze3d/vertex/PoseStack;Lnet/minecraft/client/renderer/MultiBufferSource;ILorg/spongepowered/asm/mixin/injection/callback/CallbackInfo;)V doesn't use it's CallbackInfo
[25Sep2026 23:37:57.687] [Render thread/DEBUG] [mixin/]: playerAnimator-common.mixins.json:HeldItemMixin from mod playeranimator->@Inject::changeItemLocation(Lnet/minecraft/world/entity/LivingEntity;Lnet/minecraft/world/item/ItemStack;Lnet/minecraft/world/item/ItemDisplayContext;Lnet/minecraft/world/entity/HumanoidArm;Lcom/mojang/blaze3d/vertex/PoseStack;Lnet/minecraft/client/renderer/MultiBufferSource;ILorg/spongepowered/asm/mixin/injection/callback/CallbackInfo;)V has 0 override(s) in child classes
[25Sep2026 23:37:57.687] [Render thread/DEBUG] [mixin/]: playerAnimator-common.mixins.json:HeldItemMixin from mod playeranimator->@Inject::changeItemLocation(Lnet/minecraft/world/entity/LivingEntity;Lnet/minecraft/world/item/ItemStack;Lnet/minecraft/world/item/ItemDisplayContext;Lnet/minecraft/world/entity/HumanoidArm;Lcom/mojang/blaze3d/vertex/PoseStack;Lnet/minecraft/client/renderer/MultiBufferSource;ILorg/spongepowered/asm/mixin/injection/callback/CallbackInfo;)V won't be passed a CallbackInfo as a result
[25Sep2026 23:37:57.689] [Render thread/DEBUG] [mixin/]: irons_lib.mixins.json:ItemInHandLayerMixin from mod irons_lib->@Inject::irons_lib$kineticThirdPersonItem(Lnet/minecraft/world/entity/LivingEntity;Lnet/minecraft/world/item/ItemStack;Lnet/minecraft/world/item/ItemDisplayContext;Lnet/minecraft/world/entity/HumanoidArm;Lcom/mojang/blaze3d/vertex/PoseStack;Lnet/minecraft/client/renderer/MultiBufferSource;ILorg/spongepowered/asm/mixin/injection/callback/CallbackInfo;)V doesn't use it's CallbackInfo
[25Sep2026 23:37:57.690] [Render thread/DEBUG] [mixin/]: irons_lib.mixins.json:ItemInHandLayerMixin from mod irons_lib->@Inject::irons_lib$kineticThirdPersonItem(Lnet/minecraft/world/entity/LivingEntity;Lnet/minecraft/world/item/ItemStack;Lnet/minecraft/world/item/ItemDisplayContext;Lnet/minecraft/world/entity/HumanoidArm;Lcom/mojang/blaze3d/vertex/PoseStack;Lnet/minecraft/client/renderer/MultiBufferSource;ILorg/spongepowered/asm/mixin/injection/callback/CallbackInfo;)V has 0 override(s) in child classes
[25Sep2026 23:37:57.690] [Render thread/DEBUG] [mixin/]: irons_lib.mixins.json:ItemInHandLayerMixin from mod irons_lib->@Inject::irons_lib$kineticThirdPersonItem(Lnet/minecraft/world/entity/LivingEntity;Lnet/minecraft/world/item/ItemStack;Lnet/minecraft/world/item/ItemDisplayContext;Lnet/minecraft/world/entity/HumanoidArm;Lcom/mojang/blaze3d/vertex/PoseStack;Lnet/minecraft/client/renderer/MultiBufferSource;ILorg/spongepowered/asm/mixin/injection/callback/CallbackInfo;)V won't be passed a CallbackInfo as a result
[25Sep2026 23:37:57.712] [Render thread/DEBUG] [mixin/]: Mixing client.HumanoidArmorLayerMixin from geckolib.mixins.json into net.minecraft.client.renderer.entity.layers.HumanoidArmorLayer
[25Sep2026 23:37:57.714] [Render thread/DEBUG] [mixin/]: geckolib.mixins.json:client.HumanoidArmorLayerMixin from mod geckolib: Class version 65 required is higher than the class version supported by the current version of Mixin (JAVA_17 supports class version 61)
[25Sep2026 23:37:57.717] [Render thread/DEBUG] [mixin/]: Mixing ArmorFeatureRendererMixin from playerAnimator-common.mixins.json into net.minecraft.client.renderer.entity.layers.HumanoidArmorLayer
[25Sep2026 23:37:57.718] [Render thread/DEBUG] [mixin/]: Mixing HumanoidArmorLayerMixin from irons_lib.mixins.json into net.minecraft.client.renderer.entity.layers.HumanoidArmorLayer
[25Sep2026 23:37:57.731] [Render thread/DEBUG] [mixin/]: Mixing MixinHumanoidArmorLayer from azurelib.neo2.mixins.json into net.minecraft.client.renderer.entity.layers.HumanoidArmorLayer
[25Sep2026 23:37:57.789] [Render thread/DEBUG] [mixin/]: playerAnimator-common.mixins.json:ArmorFeatureRendererMixin from mod playeranimator->@Inject::initInject(Lnet/minecraft/client/renderer/entity/RenderLayerParent;Lnet/minecraft/client/model/HumanoidModel;Lnet/minecraft/client/model/HumanoidModel;Lnet/minecraft/client/resources/model/ModelManager;Lorg/spongepowered/asm/mixin/injection/callback/CallbackInfo;)V doesn't use it's CallbackInfo
[25Sep2026 23:37:57.790] [Render thread/DEBUG] [mixin/]: playerAnimator-common.mixins.json:ArmorFeatureRendererMixin from mod playeranimator->@Inject::initInject(Lnet/minecraft/client/renderer/entity/RenderLayerParent;Lnet/minecraft/client/model/HumanoidModel;Lnet/minecraft/client/model/HumanoidModel;Lnet/minecraft/client/resources/model/ModelManager;Lorg/spongepowered/asm/mixin/injection/callback/CallbackInfo;)V has 0 override(s) in child classes
[25Sep2026 23:37:57.790] [Render thread/DEBUG] [mixin/]: playerAnimator-common.mixins.json:ArmorFeatureRendererMixin from mod playeranimator->@Inject::initInject(Lnet/minecraft/client/renderer/entity/RenderLayerParent;Lnet/minecraft/client/model/HumanoidModel;Lnet/minecraft/client/model/HumanoidModel;Lnet/minecraft/client/resources/model/ModelManager;Lorg/spongepowered/asm/mixin/injection/callback/CallbackInfo;)V won't be passed a CallbackInfo as a result
[25Sep2026 23:37:57.790] [Render thread/DEBUG] [mixin/]: azurelib.neo2.mixins.json:MixinHumanoidArmorLayer from mod azurelib->@Inject::azurelib$renderAzurelibModel(Lcom/mojang/blaze3d/vertex/PoseStack;Lnet/minecraft/client/renderer/MultiBufferSource;Lnet/minecraft/world/entity/LivingEntity;Lnet/minecraft/world/entity/EquipmentSlot;ILnet/minecraft/client/model/HumanoidModel;FFFFFFLorg/spongepowered/asm/mixin/injection/callback/CallbackInfo;)V does use it's CallbackInfo
[25Sep2026 23:37:57.803] [Render thread/DEBUG] [mixin/]: Mixing ElytraLayerMixin from playerAnimator-common.mixins.json into net.minecraft.client.renderer.entity.layers.ElytraLayer
[25Sep2026 23:37:57.818] [Render thread/DEBUG] [mixin/]: playerAnimator-common.mixins.json:ElytraLayerMixin from mod playeranimator->@Inject::inject(Lcom/mojang/blaze3d/vertex/PoseStack;Lnet/minecraft/client/renderer/MultiBufferSource;ILnet/minecraft/world/entity/LivingEntity;FFFFFFLorg/spongepowered/asm/mixin/injection/callback/CallbackInfo;)V doesn't use it's CallbackInfo
[25Sep2026 23:37:57.818] [Render thread/DEBUG] [mixin/]: playerAnimator-common.mixins.json:ElytraLayerMixin from mod playeranimator->@Inject::inject(Lcom/mojang/blaze3d/vertex/PoseStack;Lnet/minecraft/client/renderer/MultiBufferSource;ILnet/minecraft/world/entity/LivingEntity;FFFFFFLorg/spongepowered/asm/mixin/injection/callback/CallbackInfo;)V has 0 override(s) in child classes
[25Sep2026 23:37:57.819] [Render thread/DEBUG] [mixin/]: playerAnimator-common.mixins.json:ElytraLayerMixin from mod playeranimator->@Inject::inject(Lcom/mojang/blaze3d/vertex/PoseStack;Lnet/minecraft/client/renderer/MultiBufferSource;ILnet/minecraft/world/entity/LivingEntity;FFFFFFLorg/spongepowered/asm/mixin/injection/callback/CallbackInfo;)V won't be passed a CallbackInfo as a result
[25Sep2026 23:37:58.116] [Render thread/DEBUG] [mixin/]: Mixing DrownedModelMixin from irons_artifice.mixins.json into net.minecraft.client.model.DrownedModel
[25Sep2026 23:37:58.138] [Render thread/DEBUG] [mixin/]: irons_artifice.mixins.json:DrownedModelMixin from mod irons_artifice->@Inject::irons_artifice$drownedGunAnimation(Lnet/minecraft/world/entity/monster/Zombie;FFFFFLorg/spongepowered/asm/mixin/injection/callback/CallbackInfo;)V doesn't use it's CallbackInfo
[25Sep2026 23:37:58.140] [Render thread/DEBUG] [mixin/]: irons_artifice.mixins.json:DrownedModelMixin from mod irons_artifice->@Inject::irons_artifice$drownedGunAnimation(Lnet/minecraft/world/entity/monster/Zombie;FFFFFLorg/spongepowered/asm/mixin/injection/callback/CallbackInfo;)V has 0 override(s) in child classes
[25Sep2026 23:37:58.140] [Render thread/DEBUG] [mixin/]: irons_artifice.mixins.json:DrownedModelMixin from mod irons_artifice->@Inject::irons_artifice$drownedGunAnimation(Lnet/minecraft/world/entity/monster/Zombie;FFFFFLorg/spongepowered/asm/mixin/injection/callback/CallbackInfo;)V won't be passed a CallbackInfo as a result
[25Sep2026 23:37:59.191] [Render thread/DEBUG] [mixin/]: Mixing LecternRendererMixin from irons_spellbooks.mixins.json into net.minecraft.client.renderer.blockentity.LecternRenderer
[25Sep2026 23:37:59.272] [Render thread/DEBUG] [mixin/]: irons_spellbooks.mixins.json:LecternRendererMixin from mod irons_spellbooks->@Inject::render(Lnet/minecraft/world/level/block/entity/LecternBlockEntity;FLcom/mojang/blaze3d/vertex/PoseStack;Lnet/minecraft/client/renderer/MultiBufferSource;IILorg/spongepowered/asm/mixin/injection/callback/CallbackInfo;)V does use it's CallbackInfo
[25Sep2026 23:38:00.576] [Render thread/DEBUG] [mixin/]: Mixing ModelPartMixin from playerAnimator-common.mixins.json into net.minecraft.client.model.geom.ModelPart
[25Sep2026 23:38:00.581] [Render thread/DEBUG] [mixin/]: Mixing features.render.entity.remove_streams.ModelPartMixin from embeddium.mixins.json into net.minecraft.client.model.geom.ModelPart
[25Sep2026 23:38:00.582] [Render thread/DEBUG] [mixin/]: embeddium.mixins.json:features.render.entity.remove_streams.ModelPartMixin from mod embeddium: Class version 65 required is higher than the class version supported by the current version of Mixin (JAVA_17 supports class version 61)
[25Sep2026 23:38:00.605] [Render thread/DEBUG] [mixin/]: Mixing features.render.entity.fast_render.ModelPartMixin from embeddium.mixins.json into net.minecraft.client.model.geom.ModelPart
[25Sep2026 23:38:00.607] [Render thread/DEBUG] [mixin/]: embeddium.mixins.json:features.render.entity.fast_render.ModelPartMixin from mod embeddium: Class version 65 required is higher than the class version supported by the current version of Mixin (JAVA_17 supports class version 61)
[25Sep2026 23:38:00.609] [Render thread/DEBUG] [mixin/]: Renaming synthetic method lambda$onInit$0(I)[Lnet/minecraft/client/model/geom/ModelPart; to mdb288f6$embeddium$lambda$onInit$0$0 in embeddium.mixins.json:features.render.entity.fast_render.ModelPartMixin from mod embeddium
[25Sep2026 23:38:00.655] [Render thread/DEBUG] [mixin/]: embeddium.mixins.json:features.render.entity.fast_render.ModelPartMixin from mod embeddium->@Inject::onInit(Ljava/util/List;Ljava/util/Map;Lorg/spongepowered/asm/mixin/injection/callback/CallbackInfo;)V doesn't use it's CallbackInfo
[25Sep2026 23:38:00.656] [Render thread/DEBUG] [mixin/]: embeddium.mixins.json:features.render.entity.fast_render.ModelPartMixin from mod embeddium->@Inject::onInit(Ljava/util/List;Ljava/util/Map;Lorg/spongepowered/asm/mixin/injection/callback/CallbackInfo;)V has 0 override(s) in child classes
[25Sep2026 23:38:00.656] [Render thread/DEBUG] [mixin/]: embeddium.mixins.json:features.render.entity.fast_render.ModelPartMixin from mod embeddium->@Inject::onInit(Ljava/util/List;Ljava/util/Map;Lorg/spongepowered/asm/mixin/injection/callback/CallbackInfo;)V won't be passed a CallbackInfo as a result
[25Sep2026 23:38:00.657] [Render thread/DEBUG] [mixin/]: embeddium.mixins.json:features.render.entity.fast_render.ModelPartMixin from mod embeddium->@Inject::onRender(Lcom/mojang/blaze3d/vertex/PoseStack$Pose;Lcom/mojang/blaze3d/vertex/VertexConsumer;IIILorg/spongepowered/asm/mixin/injection/callback/CallbackInfo;)V does use it's CallbackInfo
[25Sep2026 23:38:02.886] [Render thread/INFO] [net.minecraft.server.packs.resources.ReloadableResourceManager/]: Reloading ResourceManager: vanilla, mod_resources, mod/irons_spellbooks, mod/aces_spell_utils, mod/moonlight, mod/jade, mod/geckolib, mod/playeranimator, mod/jei, mod/irons_lib, mod/azurelib, mod/caelus, mod/dummmmmmy, mod/curios, mod/embeddium, mod/hazentouvelib, mod/neoforge, mod/irons_artifice, mod/hazens_archaic_hexerei_armaments, moonlight:merged_pack
[25Sep2026 23:38:03.008] [Render thread/DEBUG] [mixin/]: Mixing features.render.world.sky.BackgroundRendererMixin from embeddium.mixins.json into net.minecraft.client.renderer.FogRenderer
[25Sep2026 23:38:03.008] [Render thread/DEBUG] [mixin/]: embeddium.mixins.json:features.render.world.sky.BackgroundRendererMixin from mod embeddium: Class version 65 required is higher than the class version supported by the current version of Mixin (JAVA_17 supports class version 61)
[25Sep2026 23:38:03.009] [Render thread/DEBUG] [mixin/]: Renaming synthetic method lambda$redirectSampleColor$1(Lnet/minecraft/client/multiplayer/ClientLevel;FLnet/minecraft/world/phys/Vec3;)Lnet/minecraft/world/phys/Vec3; to mdb288f6$embeddium$lambda$redirectSampleColor$1$0 in embeddium.mixins.json:features.render.world.sky.BackgroundRendererMixin from mod embeddium
[25Sep2026 23:38:03.009] [Render thread/DEBUG] [mixin/]: Renaming synthetic method lambda$redirectSampleColor$0(Lnet/minecraft/client/multiplayer/ClientLevel;III)I to mdb288f6$embeddium$lambda$redirectSampleColor$0$1 in embeddium.mixins.json:features.render.world.sky.BackgroundRendererMixin from mod embeddium
[25Sep2026 23:38:03.030] [Worker-Main-1/INFO] [Moonlight/]: Resource cache state for CLIENT_RESOURCES: up to date
[25Sep2026 23:38:03.033] [Worker-Main-1/INFO] [Moonlight/]: Starting runtime resource generation for pack type CLIENT_RESOURCES with generators [moonlight:dynamic_resources]
[25Sep2026 23:38:03.034] [Render thread/DEBUG] [mixin/]: Mixing LightingMixin from moonlight-common.mixins.json into com.mojang.blaze3d.platform.Lighting
[25Sep2026 23:38:03.035] [Render thread/DEBUG] [mixin/]: moonlight-common.mixins.json:LightingMixin from mod moonlight: Class version 65 required is higher than the class version supported by the current version of Mixin (JAVA_17 supports class version 61)
[25Sep2026 23:38:03.041] [Render thread/DEBUG] [mixin/]: moonlight-common.mixins.json:LightingMixin from mod moonlight->@Inject::moonlight$messWithEntityRendererLighting(Lorg/spongepowered/asm/mixin/injection/callback/CallbackInfo;)V does use it's CallbackInfo
[25Sep2026 23:38:03.041] [Render thread/DEBUG] [mixin/]: moonlight-common.mixins.json:LightingMixin from mod moonlight->@Inject::moonlight$messEntityRendererLightingN(Lorg/spongepowered/asm/mixin/injection/callback/CallbackInfo;)V does use it's CallbackInfo
[25Sep2026 23:38:03.041] [Render thread/DEBUG] [mixin/]: moonlight-common.mixins.json:LightingMixin from mod moonlight->@Inject::moonlight$resetEntityRendererLightingGui(Lorg/spongepowered/asm/mixin/injection/callback/CallbackInfo;)V does use it's CallbackInfo
[25Sep2026 23:38:03.050] [Worker-Main-1/INFO] [Moonlight/]: Regenerating Dynamic CLIENT_RESOURCES Resources Provider [moonlight:dynamic_resources], requested by strategy REGEN_ON_EVERY_RELOAD
[25Sep2026 23:38:03.088] [Worker-Main-1/INFO] [Moonlight/]: Generated runtime CLIENT_RESOURCES for pack moonlight:dynamic_resources in 33.39 ms
[25Sep2026 23:38:03.090] [Worker-Main-1/INFO] [Moonlight/]: Finished runtime resources generation for 1 packs in a total of 56.88 ms 
[25Sep2026 23:38:03.177] [Render thread/DEBUG] [mixin/]: Mixing features.gui.hooks.settings.OptionsScreenMixin from embeddium.mixins.json into net.minecraft.client.gui.screens.options.OptionsScreen
[25Sep2026 23:38:03.177] [Render thread/DEBUG] [mixin/]: embeddium.mixins.json:features.gui.hooks.settings.OptionsScreenMixin from mod embeddium: Class version 65 required is higher than the class version supported by the current version of Mixin (JAVA_17 supports class version 61)
[25Sep2026 23:38:03.180] [Worker-Main-6/DEBUG] [azurelib/FileWatching]: Starting file watching service
[25Sep2026 23:38:03.183] [Render thread/DEBUG] [mixin/]: embeddium.mixins.json:features.gui.hooks.settings.OptionsScreenMixin from mod embeddium->@Inject::open(Lorg/spongepowered/asm/mixin/injection/callback/CallbackInfoReturnable;)V does use it's CallbackInfoReturnable
[25Sep2026 23:38:03.188] [Worker-Main-5/DEBUG] [mixin/]: Mixing MixinCuriosApi from curios.neoforge.mixins.json into top.theillusivec4.curios.api.CuriosApi
[25Sep2026 23:38:03.220] [Worker-Main-5/DEBUG] [mixin/]: curios.neoforge.mixins.json:MixinCuriosApi from mod curios->@Inject::curios$registerCurio(Lnet/minecraft/world/item/Item;Ltop/theillusivec4/curios/api/type/capability/ICurioItem;Lorg/spongepowered/asm/mixin/injection/callback/CallbackInfo;)V does use it's CallbackInfo
[25Sep2026 23:38:03.222] [Worker-Main-5/DEBUG] [mixin/]: curios.neoforge.mixins.json:MixinCuriosApi from mod curios->@Inject::curios$getSlots(ZLorg/spongepowered/asm/mixin/injection/callback/CallbackInfoReturnable;)V does use it's CallbackInfoReturnable
[25Sep2026 23:38:03.223] [Worker-Main-5/DEBUG] [mixin/]: curios.neoforge.mixins.json:MixinCuriosApi from mod curios->@Inject::curios$getEntitySlots(Lnet/minecraft/world/entity/EntityType;ZLorg/spongepowered/asm/mixin/injection/callback/CallbackInfoReturnable;)V does use it's CallbackInfoReturnable
[25Sep2026 23:38:03.223] [Worker-Main-5/DEBUG] [mixin/]: curios.neoforge.mixins.json:MixinCuriosApi from mod curios->@Inject::curios$getItemStackSlots(Lnet/minecraft/world/item/ItemStack;ZLorg/spongepowered/asm/mixin/injection/callback/CallbackInfoReturnable;)V does use it's CallbackInfoReturnable
[25Sep2026 23:38:03.223] [Worker-Main-5/DEBUG] [mixin/]: curios.neoforge.mixins.json:MixinCuriosApi from mod curios->@Inject::curios$getItemStackSlots(Lnet/minecraft/world/item/ItemStack;Lnet/minecraft/world/entity/LivingEntity;Lorg/spongepowered/asm/mixin/injection/callback/CallbackInfoReturnable;)V does use it's CallbackInfoReturnable
[25Sep2026 23:38:03.225] [Worker-Main-5/DEBUG] [mixin/]: curios.neoforge.mixins.json:MixinCuriosApi from mod curios->@Inject::curios$getCurio(Lnet/minecraft/world/item/ItemStack;Lorg/spongepowered/asm/mixin/injection/callback/CallbackInfoReturnable;)V does use it's CallbackInfoReturnable
[25Sep2026 23:38:03.225] [Worker-Main-5/DEBUG] [mixin/]: curios.neoforge.mixins.json:MixinCuriosApi from mod curios->@Inject::curios$getCuriosInventory(Lnet/minecraft/world/entity/LivingEntity;Lorg/spongepowered/asm/mixin/injection/callback/CallbackInfoReturnable;)V does use it's CallbackInfoReturnable
[25Sep2026 23:38:03.226] [Worker-Main-5/DEBUG] [mixin/]: curios.neoforge.mixins.json:MixinCuriosApi from mod curios->@Inject::curios$isStackValid(Ltop/theillusivec4/curios/api/SlotContext;Lnet/minecraft/world/item/ItemStack;Lorg/spongepowered/asm/mixin/injection/callback/CallbackInfoReturnable;)V does use it's CallbackInfoReturnable
[25Sep2026 23:38:03.226] [Worker-Main-5/DEBUG] [mixin/]: curios.neoforge.mixins.json:MixinCuriosApi from mod curios->@Inject::curios$getAttributeModifiers(Ltop/theillusivec4/curios/api/SlotContext;Lnet/minecraft/resources/ResourceLocation;Lnet/minecraft/world/item/ItemStack;Lorg/spongepowered/asm/mixin/injection/callback/CallbackInfoReturnable;)V does use it's CallbackInfoReturnable
[25Sep2026 23:38:03.226] [Worker-Main-5/DEBUG] [mixin/]: curios.neoforge.mixins.json:MixinCuriosApi from mod curios->@Inject::curios$addSlotModifier(Lcom/google/common/collect/Multimap;Ljava/lang/String;Lnet/minecraft/resources/ResourceLocation;DLnet/minecraft/world/entity/ai/attributes/AttributeModifier$Operation;Lorg/spongepowered/asm/mixin/injection/callback/CallbackInfo;)V does use it's CallbackInfo
[25Sep2026 23:38:03.227] [Worker-Main-5/DEBUG] [mixin/]: curios.neoforge.mixins.json:MixinCuriosApi from mod curios->@Inject::curios$addSlotModifier(Lnet/minecraft/world/item/ItemStack;Ljava/lang/String;Lnet/minecraft/resources/ResourceLocation;DLnet/minecraft/world/entity/ai/attributes/AttributeModifier$Operation;Ljava/lang/String;Lorg/spongepowered/asm/mixin/injection/callback/CallbackInfo;)V does use it's CallbackInfo
[25Sep2026 23:38:03.227] [Worker-Main-5/DEBUG] [mixin/]: curios.neoforge.mixins.json:MixinCuriosApi from mod curios->@Inject::curios$addModifier(Lnet/minecraft/world/item/ItemStack;Lnet/minecraft/core/Holder;Lnet/minecraft/resources/ResourceLocation;DLnet/minecraft/world/entity/ai/attributes/AttributeModifier$Operation;Ljava/lang/String;Lorg/spongepowered/asm/mixin/injection/callback/CallbackInfo;)V does use it's CallbackInfo
[25Sep2026 23:38:03.227] [Worker-Main-5/DEBUG] [mixin/]: curios.neoforge.mixins.json:MixinCuriosApi from mod curios->@Inject::curios$registerCurioPredicate(Lnet/minecraft/resources/ResourceLocation;Ljava/util/function/Predicate;Lorg/spongepowered/asm/mixin/injection/callback/CallbackInfo;)V does use it's CallbackInfo
[25Sep2026 23:38:03.227] [Worker-Main-5/DEBUG] [mixin/]: curios.neoforge.mixins.json:MixinCuriosApi from mod curios->@Inject::curios$getCurioPredicate(Lnet/minecraft/resources/ResourceLocation;Lorg/spongepowered/asm/mixin/injection/callback/CallbackInfoReturnable;)V does use it's CallbackInfoReturnable
[25Sep2026 23:38:03.228] [Worker-Main-5/DEBUG] [mixin/]: curios.neoforge.mixins.json:MixinCuriosApi from mod curios->@Inject::curios$getCurioPredicates(Lorg/spongepowered/asm/mixin/injection/callback/CallbackInfoReturnable;)V does use it's CallbackInfoReturnable
[25Sep2026 23:38:03.228] [Worker-Main-5/DEBUG] [mixin/]: curios.neoforge.mixins.json:MixinCuriosApi from mod curios->@Inject::curios$testCurioPredicates(Ljava/util/Set;Ltop/theillusivec4/curios/api/SlotResult;Lorg/spongepowered/asm/mixin/injection/callback/CallbackInfoReturnable;)V does use it's CallbackInfoReturnable
[25Sep2026 23:38:03.228] [Worker-Main-5/DEBUG] [mixin/]: curios.neoforge.mixins.json:MixinCuriosApi from mod curios->@Inject::curios$getUuid(Ltop/theillusivec4/curios/api/SlotContext;Lorg/spongepowered/asm/mixin/injection/callback/CallbackInfoReturnable;)V does use it's CallbackInfoReturnable
[25Sep2026 23:38:03.229] [Worker-Main-5/DEBUG] [mixin/]: curios.neoforge.mixins.json:MixinCuriosApi from mod curios->@Inject::curios$broadcastCurioBreakEvent(Ltop/theillusivec4/curios/api/SlotContext;Lorg/spongepowered/asm/mixin/injection/callback/CallbackInfo;)V does use it's CallbackInfo
[25Sep2026 23:38:03.363] [Worker-Main-4/WARN] [GeckoLib/]: Found animation file with improper file name format; animation files should end in .animation.json: 'irons_spellbooks:animations/casting_animations.json'
[25Sep2026 23:38:03.443] [NeoForge Version Check/INFO] [net.neoforged.fml.VersionChecker/]: [moonlight] Starting version check at https://api.modrinth.com/updates/moonlight/neoforge_updates.json
[25Sep2026 23:38:03.469] [Render thread/DEBUG] [mixin/]: Mixing features.model.SimpleBakedModelAccessor from embeddium.mixins.json into net.minecraft.client.resources.model.SimpleBakedModel
[25Sep2026 23:38:03.469] [Render thread/DEBUG] [mixin/]: embeddium.mixins.json:features.model.SimpleBakedModelAccessor from mod embeddium: Class version 65 required is higher than the class version supported by the current version of Mixin (JAVA_17 supports class version 61)
[25Sep2026 23:38:03.478] [Render thread/DEBUG] [mixin/]: Mixing features.textures.animations.upload.SpriteContentsAccessor from embeddium.mixins.json into net.minecraft.client.renderer.texture.SpriteContents
[25Sep2026 23:38:03.479] [Render thread/DEBUG] [mixin/]: embeddium.mixins.json:features.textures.animations.upload.SpriteContentsAccessor from mod embeddium: Class version 65 required is higher than the class version supported by the current version of Mixin (JAVA_17 supports class version 61)
[25Sep2026 23:38:03.479] [Render thread/DEBUG] [mixin/]: Mixing features.textures.mipmaps.SpriteContentsMixin from embeddium.mixins.json into net.minecraft.client.renderer.texture.SpriteContents
[25Sep2026 23:38:03.480] [Render thread/DEBUG] [mixin/]: embeddium.mixins.json:features.textures.mipmaps.SpriteContentsMixin from mod embeddium: Class version 65 required is higher than the class version supported by the current version of Mixin (JAVA_17 supports class version 61)
[25Sep2026 23:38:03.488] [Render thread/DEBUG] [mixin/]: Mixing features.textures.animations.tracking.SpriteContentsMixin from embeddium.mixins.json into net.minecraft.client.renderer.texture.SpriteContents
[25Sep2026 23:38:03.488] [Render thread/DEBUG] [mixin/]: embeddium.mixins.json:features.textures.animations.tracking.SpriteContentsMixin from mod embeddium: Class version 65 required is higher than the class version supported by the current version of Mixin (JAVA_17 supports class version 61)
[25Sep2026 23:38:03.490] [Render thread/DEBUG] [mixin/]: Mixing features.textures.SpriteContentsInvoker from embeddium.mixins.json into net.minecraft.client.renderer.texture.SpriteContents
[25Sep2026 23:38:03.491] [Render thread/DEBUG] [mixin/]: embeddium.mixins.json:features.textures.SpriteContentsInvoker from mod embeddium: Class version 65 required is higher than the class version supported by the current version of Mixin (JAVA_17 supports class version 61)
[25Sep2026 23:38:03.512] [Render thread/DEBUG] [mixin/]: Mixing features.textures.animations.tracking.SpriteContentsAnimationFrameAccessor from embeddium.mixins.json into net.minecraft.client.renderer.texture.SpriteContents$FrameInfo
[25Sep2026 23:38:03.512] [Render thread/DEBUG] [mixin/]: embeddium.mixins.json:features.textures.animations.tracking.SpriteContentsAnimationFrameAccessor from mod embeddium: Class version 65 required is higher than the class version supported by the current version of Mixin (JAVA_17 supports class version 61)
[25Sep2026 23:38:03.513] [Render thread/DEBUG] [mixin/]: Mixing features.textures.animations.upload.SpriteContentsAnimationFrameAccessor from embeddium.mixins.json into net.minecraft.client.renderer.texture.SpriteContents$FrameInfo
[25Sep2026 23:38:03.513] [Render thread/DEBUG] [mixin/]: embeddium.mixins.json:features.textures.animations.upload.SpriteContentsAnimationFrameAccessor from mod embeddium: Class version 65 required is higher than the class version supported by the current version of Mixin (JAVA_17 supports class version 61)
[25Sep2026 23:38:03.514] [Render thread/DEBUG] [mixin/]: Unexpected: Registered method getTime()I in net.minecraft.client.renderer.texture.SpriteContents$FrameInfo was not merged
[25Sep2026 23:38:03.605] [Render thread/DEBUG] [net.neoforged.fml.DeferredWorkQueue/LOADING]: Dispatching synchronous work for work queue Common setup: 7 jobs
[25Sep2026 23:38:03.705] [Render thread/INFO] [Moonlight/]: Initialized color sets in 68ms
[25Sep2026 23:38:03.795] [Worker-Main-4/WARN] [GeckoLib/]: Found animation file with improper file name format; animation files should end in .animation.json: 'irons_spellbooks:animations/ice_block_animations.json'
[25Sep2026 23:38:04.036] [Render thread/DEBUG] [net.neoforged.fml.DeferredWorkQueue/LOADING]: Synchronous work queue completed in 430.7 ms
[25Sep2026 23:38:04.088] [Worker-Main-3/WARN] [GeckoLib/]: Unsupported geometry json version for model hazens_archaic_hexerei_armaments:geo/block/statue/nora_statue_pose_1.geo.json. Supported versions: 1.12.0
[25Sep2026 23:38:04.204] [Worker-Main-3/WARN] [GeckoLib/]: Unsupported geometry json version for model hazens_archaic_hexerei_armaments:geo/block/statue/nora_statue_pose_2.geo.json. Supported versions: 1.12.0
[25Sep2026 23:38:04.380] [Worker-Main-3/WARN] [GeckoLib/]: Unsupported geometry json version for model hazens_archaic_hexerei_armaments:geo/block/statue/nora_statue_pose_3.geo.json. Supported versions: 1.12.0
[25Sep2026 23:38:04.438] [Worker-Main-3/WARN] [GeckoLib/]: Unsupported geometry json version for model hazens_archaic_hexerei_armaments:geo/block/statue/nora_statue_pose_4.geo.json. Supported versions: 1.12.0
[25Sep2026 23:38:04.580] [NeoForge Version Check/DEBUG] [net.neoforged.fml.VersionChecker/]: [moonlight] Received version check data:
{"error":"not_found","description":"the requested route does not exist"}
[25Sep2026 23:38:04.583] [NeoForge Version Check/WARN] [net.neoforged.fml.VersionChecker/]: Failed to process update information
java.lang.NullPointerException: Cannot invoke "java.util.Map.get(Object)" because "promos" is null
	at MC-BOOTSTRAP/fml_loader@4.0.42/net.neoforged.fml.VersionChecker$1.process(VersionChecker.java:173) ~[loader-4.0.42.jar%23146!/:4.0]
	at java.base/java.lang.Iterable.forEach(Iterable.java:75) [?:?]
	at MC-BOOTSTRAP/fml_loader@4.0.42/net.neoforged.fml.VersionChecker$1.run(VersionChecker.java:105) [loader-4.0.42.jar%23146!/:4.0]
[25Sep2026 23:38:04.627] [Worker-Main-6/WARN] [GeckoLib/]: Unsupported geometry json version for model irons_artifice:geo/item/arquebus.geo.json. Supported versions: 1.12.0
[25Sep2026 23:38:04.636] [Worker-Main-3/WARN] [GeckoLib/]: Unsupported geometry json version for model irons_artifice:geo/item/blunderbuss.geo.json. Supported versions: 1.12.0
[25Sep2026 23:38:04.637] [Worker-Main-6/WARN] [GeckoLib/]: Unsupported geometry json version for model irons_artifice:geo/item/blackpowder_revolver.geo.json. Supported versions: 1.12.0
[25Sep2026 23:38:04.637] [Worker-Main-3/WARN] [GeckoLib/]: Unsupported geometry json version for model irons_artifice:geo/item/clockwork_rifle.geo.json. Supported versions: 1.12.0
[25Sep2026 23:38:04.640] [Worker-Main-3/WARN] [GeckoLib/]: Unsupported geometry json version for model irons_artifice:geo/item/flintlock.geo.json. Supported versions: 1.12.0
[25Sep2026 23:38:04.641] [Worker-Main-6/WARN] [GeckoLib/]: Unsupported geometry json version for model irons_artifice:geo/item/example_revolver.geo.json. Supported versions: 1.12.0
[25Sep2026 23:38:04.646] [Worker-Main-4/WARN] [GeckoLib/]: Found animation file with improper file name format; animation files should end in .animation.json: 'irons_spellbooks:animations/root_animations.json'
[25Sep2026 23:38:04.650] [Worker-Main-4/WARN] [GeckoLib/]: Found animation file with improper file name format; animation files should end in .animation.json: 'irons_spellbooks:animations/spectral_hammer.json'
[25Sep2026 23:38:04.655] [Worker-Main-4/WARN] [GeckoLib/]: Found animation file with improper file name format; animation files should end in .animation.json: 'irons_spellbooks:animations/summoned_weapon_animations.json'
[25Sep2026 23:38:04.657] [Worker-Main-4/WARN] [GeckoLib/]: Found animation file with improper file name format; animation files should end in .animation.json: 'irons_spellbooks:animations/void_tentacle_animations.json'
[25Sep2026 23:38:04.661] [Worker-Main-4/WARN] [GeckoLib/]: Found animation file with improper file name format; animation files should end in .animation.json: 'irons_lib:animations/wizard_armor_animation.json'
[25Sep2026 23:38:04.662] [Worker-Main-4/WARN] [GeckoLib/]: Found animation file with improper file name format; animation files should end in .animation.json: 'irons_spellbooks:animations/wizard_armor_animation.json'
[25Sep2026 23:38:04.675] [Worker-Main-6/WARN] [GeckoLib/]: Unsupported geometry json version for model irons_artifice:geo/item/hand_cannon.geo.json. Supported versions: 1.12.0
[25Sep2026 23:38:04.680] [Worker-Main-6/WARN] [GeckoLib/]: Unsupported geometry json version for model irons_artifice:geo/item/musket.geo.json. Supported versions: 1.12.0
[25Sep2026 23:38:04.683] [Worker-Main-6/WARN] [GeckoLib/]: Unsupported geometry json version for model irons_artifice:geo/item/six_shooter.geo.json. Supported versions: 1.12.0
[25Sep2026 23:38:04.685] [Worker-Main-6/WARN] [GeckoLib/]: Unsupported geometry json version: 1.21.0 for model irons_artifice:geo/item/spyglass_scope.geo.json. Supported versions: 1.12.0. Remove any rotated face UVs and re-export the model to fix
[25Sep2026 23:38:04.686] [Worker-Main-3/WARN] [GeckoLib/]: Unsupported geometry json version for model hazens_archaic_hexerei_armaments:geo/item/royaltys_barrel.geo.json. Supported versions: 1.12.0
[25Sep2026 23:38:04.687] [Worker-Main-6/WARN] [GeckoLib/]: Unsupported geometry json version: 1.21.0 for model irons_artifice:geo/item/suppressor.geo.json. Supported versions: 1.12.0. Remove any rotated face UVs and re-export the model to fix
[25Sep2026 23:38:04.696] [Worker-Main-3/WARN] [GeckoLib/]: Unsupported geometry json version for model hazens_archaic_hexerei_armaments:geo/item/tactical_crossgun.geo.json. Supported versions: 1.12.0
[25Sep2026 23:38:04.787] [Render thread/DEBUG] [net.neoforged.fml.DeferredWorkQueue/LOADING]: Dispatching synchronous work for work queue Sided setup: 2 jobs
[25Sep2026 23:38:04.883] [Render thread/DEBUG] [net.neoforged.fml.DeferredWorkQueue/LOADING]: Synchronous work queue completed in 95.45 ms
[25Sep2026 23:38:04.957] [Worker-Main-6/INFO] [net.minecraft.client.gui.font.providers.UnihexProvider/]: Found unifont_all_no_pua-15.1.05.hex, loading
[25Sep2026 23:38:05.191] [Worker-Main-4/DEBUG] [mixin/]: Mixing features.textures.mipmaps.MipmapHelperMixin from embeddium.mixins.json into net.minecraft.client.renderer.texture.MipmapGenerator
[25Sep2026 23:38:05.191] [Worker-Main-4/DEBUG] [mixin/]: embeddium.mixins.json:features.textures.mipmaps.MipmapHelperMixin from mod embeddium: Class version 65 required is higher than the class version supported by the current version of Mixin (JAVA_17 supports class version 61)
[25Sep2026 23:38:05.489] [Worker-Main-7/DEBUG] [mixin/]: Mixing features.textures.animations.tracking.SpriteContentsAnimationAccessor from embeddium.mixins.json into net.minecraft.client.renderer.texture.SpriteContents$AnimatedTexture
[25Sep2026 23:38:05.507] [Worker-Main-7/DEBUG] [mixin/]: embeddium.mixins.json:features.textures.animations.tracking.SpriteContentsAnimationAccessor from mod embeddium: Class version 65 required is higher than the class version supported by the current version of Mixin (JAVA_17 supports class version 61)
[25Sep2026 23:38:05.511] [Worker-Main-7/DEBUG] [mixin/]: Mixing features.textures.animations.upload.SpriteContentsAnimationAccessor from embeddium.mixins.json into net.minecraft.client.renderer.texture.SpriteContents$AnimatedTexture
[25Sep2026 23:38:05.512] [Worker-Main-7/DEBUG] [mixin/]: embeddium.mixins.json:features.textures.animations.upload.SpriteContentsAnimationAccessor from mod embeddium: Class version 65 required is higher than the class version supported by the current version of Mixin (JAVA_17 supports class version 61)
[25Sep2026 23:38:05.514] [Worker-Main-7/DEBUG] [mixin/]: Unexpected: Registered method getFrames()Ljava/util/List; in net.minecraft.client.renderer.texture.SpriteContents$AnimatedTexture was not merged
[25Sep2026 23:38:06.513] [Worker-Main-6/INFO] [net.minecraft.client.gui.font.providers.UnihexProvider/]: Found unifont_jp_patch-15.1.05.hex, loading
[25Sep2026 23:38:07.759] [Worker-Main-2/WARN] [net.minecraft.client.renderer.texture.SpriteContents/]: Unused frames in sprite irons_spellbooks:item/upgrade_orb_ender: [1, 5, 6, 7]
[25Sep2026 23:38:07.795] [Worker-Main-1/WARN] [net.minecraft.client.renderer.texture.SpriteContents/]: Unused frames in sprite irons_spellbooks:item/energized_core_energy: [11]
[25Sep2026 23:38:12.057] [Worker-Main-5/WARN] [net.minecraft.client.resources.model.ModelBakery/]: Unable to load model: 'aces_spell_utils:item/example_armor_boots' referenced from: aces_spell_utils:item/example_armor_boots: java.io.FileNotFoundException: aces_spell_utils:models/item/example_armor_boots.json
[25Sep2026 23:38:12.060] [Worker-Main-5/WARN] [net.minecraft.client.resources.model.ModelBakery/]: Unable to load model: 'aces_spell_utils:item/example_armor_leggings' referenced from: aces_spell_utils:item/example_armor_leggings: java.io.FileNotFoundException: aces_spell_utils:models/item/example_armor_leggings.json
[25Sep2026 23:38:12.062] [Worker-Main-5/WARN] [net.minecraft.client.resources.model.ModelBakery/]: Unable to load model: 'aces_spell_utils:item/example_armor_chestplate' referenced from: aces_spell_utils:item/example_armor_chestplate: java.io.FileNotFoundException: aces_spell_utils:models/item/example_armor_chestplate.json
[25Sep2026 23:38:12.064] [Worker-Main-5/WARN] [net.minecraft.client.resources.model.ModelBakery/]: Unable to load model: 'aces_spell_utils:item/example_armor_helmet' referenced from: aces_spell_utils:item/example_armor_helmet: java.io.FileNotFoundException: aces_spell_utils:models/item/example_armor_helmet.json
[25Sep2026 23:38:12.077] [Worker-Main-5/WARN] [net.minecraft.client.resources.model.ModelBakery/]: Unable to load model: 'irons_spellbooks:item/template_open_spell_book_model' referenced from: irons_spellbooks:item/template_open_spell_book_model: java.io.FileNotFoundException: irons_spellbooks:models/item/template_open_spell_book_model.json
[25Sep2026 23:38:12.297] [Worker-Main-5/WARN] [net.minecraft.client.renderer.block.model.BlockModel/]: Found 'parent' loop while loading model 'aces_spell_utils:item/example_gun' in chain: aces_spell_utils:item/example_gun -> aces_spell_utils:item/example_gun
[25Sep2026 23:38:12.583] [Worker-Main-5/DEBUG] [mixin/]: Mixing core.model.SimpleBakedModelBuilderMixin from embeddium.mixins.json into net.minecraft.client.resources.model.SimpleBakedModel$Builder
[25Sep2026 23:38:12.584] [Worker-Main-5/DEBUG] [mixin/]: embeddium.mixins.json:core.model.SimpleBakedModelBuilderMixin from mod embeddium: Class version 65 required is higher than the class version supported by the current version of Mixin (JAVA_17 supports class version 61)
[25Sep2026 23:38:12.608] [Worker-Main-5/DEBUG] [mixin/]: Mixing core.model.quad.BakedQuadMixin from embeddium.mixins.json into net.minecraft.client.renderer.block.model.BakedQuad
[25Sep2026 23:38:12.609] [Worker-Main-5/DEBUG] [mixin/]: embeddium.mixins.json:core.model.quad.BakedQuadMixin from mod embeddium: Class version 65 required is higher than the class version supported by the current version of Mixin (JAVA_17 supports class version 61)
[25Sep2026 23:38:12.660] [Worker-Main-5/DEBUG] [mixin/]: Mixing features.model.MultipartBakedModelMixin from embeddium.mixins.json into net.minecraft.client.resources.model.MultiPartBakedModel
[25Sep2026 23:38:12.661] [Worker-Main-5/DEBUG] [mixin/]: embeddium.mixins.json:features.model.MultipartBakedModelMixin from mod embeddium: Class version 65 required is higher than the class version supported by the current version of Mixin (JAVA_17 supports class version 61)
[25Sep2026 23:38:12.662] [Worker-Main-5/DEBUG] [mixin/]: Renaming synthetic method lambda$getModelComponents$0(I)[Lnet/minecraft/client/resources/model/BakedModel; to mdb288f6$embeddium$lambda$getModelComponents$0$0 in embeddium.mixins.json:features.model.MultipartBakedModelMixin from mod embeddium
[25Sep2026 23:38:12.697] [Worker-Main-5/DEBUG] [mixin/]: embeddium.mixins.json:features.model.MultipartBakedModelMixin from mod embeddium->@Inject::checkSubModelRenderTypes(Lorg/spongepowered/asm/mixin/injection/callback/CallbackInfo;)V doesn't use it's CallbackInfo
[25Sep2026 23:38:12.698] [Worker-Main-5/DEBUG] [mixin/]: embeddium.mixins.json:features.model.MultipartBakedModelMixin from mod embeddium->@Inject::checkSubModelRenderTypes(Lorg/spongepowered/asm/mixin/injection/callback/CallbackInfo;)V has 0 override(s) in child classes
[25Sep2026 23:38:12.698] [Worker-Main-5/DEBUG] [mixin/]: embeddium.mixins.json:features.model.MultipartBakedModelMixin from mod embeddium->@Inject::checkSubModelRenderTypes(Lorg/spongepowered/asm/mixin/injection/callback/CallbackInfo;)V won't be passed a CallbackInfo as a result
[25Sep2026 23:38:12.892] [Worker-Main-5/DEBUG] [mixin/]: Mixing features.model.WeightedBakedModelMixin from embeddium.mixins.json into net.minecraft.client.resources.model.WeightedBakedModel
[25Sep2026 23:38:12.893] [Worker-Main-5/DEBUG] [mixin/]: embeddium.mixins.json:features.model.WeightedBakedModelMixin from mod embeddium: Class version 65 required is higher than the class version supported by the current version of Mixin (JAVA_17 supports class version 61)
[25Sep2026 23:38:13.072] [Worker-Main-5/DEBUG] [mixin/]: Mixing features.render.model.ChunkRenderTypeSetMixin from embeddium.mixins.json into net.neoforged.neoforge.client.ChunkRenderTypeSet
[25Sep2026 23:38:13.073] [Worker-Main-5/DEBUG] [mixin/]: embeddium.mixins.json:features.render.model.ChunkRenderTypeSetMixin from mod embeddium: Class version 65 required is higher than the class version supported by the current version of Mixin (JAVA_17 supports class version 61)
[25Sep2026 23:38:13.075] [Worker-Main-5/DEBUG] [mixin/]: Renaming @Invoker method embeddium$construct(Ljava/util/BitSet;)Lnet/neoforged/neoforge/client/ChunkRenderTypeSet; to construct$embeddium_$md$b288f6$0 in embeddium.mixins.json:features.render.model.ChunkRenderTypeSetMixin from mod embeddium
[25Sep2026 23:38:13.077] [Worker-Main-5/DEBUG] [mixin/]: Renaming synthetic method lambda$static$0([Lnet/neoforged/neoforge/client/ChunkRenderTypeSet;)V to mdb288f6$embeddium$lambda$static$0$1 in embeddium.mixins.json:features.render.model.ChunkRenderTypeSetMixin from mod embeddium
[25Sep2026 23:38:13.160] [Worker-Main-5/DEBUG] [mixin/]: embeddium.mixins.json:features.render.model.ChunkRenderTypeSetMixin from mod embeddium->@Inject::onConstruct(Ljava/util/BitSet;Lorg/spongepowered/asm/mixin/injection/callback/CallbackInfo;)V doesn't use it's CallbackInfo
[25Sep2026 23:38:13.160] [Worker-Main-5/DEBUG] [mixin/]: embeddium.mixins.json:features.render.model.ChunkRenderTypeSetMixin from mod embeddium->@Inject::onConstruct(Ljava/util/BitSet;Lorg/spongepowered/asm/mixin/injection/callback/CallbackInfo;)V has 0 override(s) in child classes
[25Sep2026 23:38:13.161] [Worker-Main-5/DEBUG] [mixin/]: embeddium.mixins.json:features.render.model.ChunkRenderTypeSetMixin from mod embeddium->@Inject::onConstruct(Ljava/util/BitSet;Lorg/spongepowered/asm/mixin/injection/callback/CallbackInfo;)V won't be passed a CallbackInfo as a result
[25Sep2026 23:38:15.593] [Worker-Main-5/WARN] [net.minecraft.client.resources.model.ModelManager/]: Missing textures in model aces_spell_utils:item/scroll_ritual#standalone:
    minecraft:textures/atlas/blocks.png:aces_spell_utils:item/scroll_ritual
[25Sep2026 23:38:15.595] [Worker-Main-5/WARN] [net.minecraft.client.resources.model.ModelManager/]: Missing textures in model aces_spell_utils:item/affinity_ring_ritual#standalone:
    minecraft:textures/atlas/blocks.png:discerning_the_eldritch:item/affinity_ring_ritual
[25Sep2026 23:38:15.596] [Worker-Main-5/WARN] [net.minecraft.client.resources.model.ModelManager/]: Missing textures in model aces_spell_utils:item/affinity_ring_hydro#standalone:
    minecraft:textures/atlas/blocks.png:discerning_the_eldritch:item/affinity_ring_hydro
[25Sep2026 23:38:15.599] [Worker-Main-5/DEBUG] [io.redspace.ironsspellbooks.IronsSpellbooks/]: replaceItemModels irons_spellbooks:scroll#inventory: class net.minecraft.client.resources.model.SimpleBakedModel
[25Sep2026 23:38:15.810] [Worker-Main-6/INFO] [io.redspace.ironsspellbooks.IronsSpellbooks/]: Got IMC []
[25Sep2026 23:38:16.023] [Worker-Main-6/INFO] [snownee.jade.Jade/]: Start loading plugin from snownee.jade.addon.vanilla.VanillaPlugin
[25Sep2026 23:38:16.253] [Worker-Main-6/INFO] [snownee.jade.Jade/]: Bootstrapped plugin from snownee.jade.addon.vanilla.VanillaPlugin in 218.8 ms
[25Sep2026 23:38:16.314] [Worker-Main-6/INFO] [snownee.jade.Jade/]: Loaded plugin from snownee.jade.addon.vanilla.VanillaPlugin in 280.6 ms
[25Sep2026 23:38:16.315] [Worker-Main-6/INFO] [snownee.jade.Jade/]: Start loading plugin from snownee.jade.addon.universal.UniversalPlugin
[25Sep2026 23:38:16.347] [Worker-Main-6/INFO] [snownee.jade.Jade/]: Bootstrapped plugin from snownee.jade.addon.universal.UniversalPlugin in 28.75 ms
[25Sep2026 23:38:16.349] [Worker-Main-6/INFO] [snownee.jade.Jade/]: Loaded plugin from snownee.jade.addon.universal.UniversalPlugin in 30.52 ms
[25Sep2026 23:38:16.350] [Worker-Main-6/INFO] [snownee.jade.Jade/]: Start loading plugin from snownee.jade.addon.debug.DebugPlugin
[25Sep2026 23:38:16.369] [Worker-Main-6/INFO] [snownee.jade.Jade/]: Bootstrapped plugin from snownee.jade.addon.debug.DebugPlugin in 15.10 ms
[25Sep2026 23:38:16.370] [Worker-Main-6/INFO] [snownee.jade.Jade/]: Loaded plugin from snownee.jade.addon.debug.DebugPlugin in 16.29 ms
[25Sep2026 23:38:16.370] [Worker-Main-6/INFO] [snownee.jade.Jade/]: Start loading plugin from snownee.jade.addon.core.CorePlugin
[25Sep2026 23:38:16.398] [Worker-Main-6/INFO] [snownee.jade.Jade/]: Bootstrapped plugin from snownee.jade.addon.core.CorePlugin in 23.93 ms
[25Sep2026 23:38:16.399] [Worker-Main-6/INFO] [snownee.jade.Jade/]: Loaded plugin from snownee.jade.addon.core.CorePlugin in 25.12 ms
[25Sep2026 23:38:16.400] [Worker-Main-6/INFO] [snownee.jade.Jade/]: Start loading plugin from snownee.jade.addon.access.AccessibilityPlugin
[25Sep2026 23:38:16.417] [Worker-Main-6/INFO] [snownee.jade.Jade/]: Bootstrapped plugin from snownee.jade.addon.access.AccessibilityPlugin in 15.37 ms
[25Sep2026 23:38:16.419] [Worker-Main-6/INFO] [snownee.jade.Jade/]: Loaded plugin from snownee.jade.addon.access.AccessibilityPlugin in 17.35 ms
[25Sep2026 23:38:17.554] [Render thread/WARN] [net.minecraft.client.sounds.SoundEngine/]: Missing sound for event: minecraft:item.goat_horn.play
[25Sep2026 23:38:17.554] [Render thread/WARN] [net.minecraft.client.sounds.SoundEngine/]: Missing sound for event: minecraft:entity.goat.screaming.horn_break
[25Sep2026 23:38:17.556] [Render thread/WARN] [net.minecraft.client.sounds.SoundEngine/]: Missing sound for event: irons_spellbooks:entity.generic.swing_weird
[25Sep2026 23:38:17.556] [Render thread/WARN] [net.minecraft.client.sounds.SoundEngine/]: Missing sound for event: irons_spellbooks:entity.dead_king.music.drum_loop
[25Sep2026 23:38:20.978] [Render thread/INFO] [com.mojang.blaze3d.audio.Library/]: OpenAL initialized on device OpenAL Soft on FxSound Speakers (FxSound Audio Enhancer)
[25Sep2026 23:38:20.980] [Render thread/INFO] [net.minecraft.client.sounds.SoundEngine/SOUNDS]: Sound engine started
[25Sep2026 23:38:21.211] [Render thread/INFO] [net.minecraft.client.renderer.texture.TextureAtlas/]: Created: 2048x1024x4 minecraft:textures/atlas/blocks.png-atlas
[25Sep2026 23:38:21.296] [Render thread/DEBUG] [mixin/]: Mixing features.textures.animations.tracking.SpriteContentsAnimatorImplMixin from embeddium.mixins.json into net.minecraft.client.renderer.texture.SpriteContents$Ticker
[25Sep2026 23:38:21.297] [Render thread/DEBUG] [mixin/]: embeddium.mixins.json:features.textures.animations.tracking.SpriteContentsAnimatorImplMixin from mod embeddium: Class version 65 required is higher than the class version supported by the current version of Mixin (JAVA_17 supports class version 61)
[25Sep2026 23:38:21.300] [Render thread/DEBUG] [mixin/]: Mixing features.textures.animations.upload.SpriteContentsAnimatorImplAccessor from embeddium.mixins.json into net.minecraft.client.renderer.texture.SpriteContents$Ticker
[25Sep2026 23:38:21.300] [Render thread/DEBUG] [mixin/]: embeddium.mixins.json:features.textures.animations.upload.SpriteContentsAnimatorImplAccessor from mod embeddium: Class version 65 required is higher than the class version supported by the current version of Mixin (JAVA_17 supports class version 61)
[25Sep2026 23:38:21.307] [Render thread/DEBUG] [mixin/]: embeddium.mixins.json:features.textures.animations.tracking.SpriteContentsAnimatorImplMixin from mod embeddium->@Inject::assignParent(Lnet/minecraft/client/renderer/texture/SpriteContents;Lnet/minecraft/client/renderer/texture/SpriteContents$AnimatedTexture;Lnet/minecraft/client/renderer/texture/SpriteContents$InterpolationData;Lorg/spongepowered/asm/mixin/injection/callback/CallbackInfo;)V doesn't use it's CallbackInfo
[25Sep2026 23:38:21.307] [Render thread/DEBUG] [mixin/]: embeddium.mixins.json:features.textures.animations.tracking.SpriteContentsAnimatorImplMixin from mod embeddium->@Inject::assignParent(Lnet/minecraft/client/renderer/texture/SpriteContents;Lnet/minecraft/client/renderer/texture/SpriteContents$AnimatedTexture;Lnet/minecraft/client/renderer/texture/SpriteContents$InterpolationData;Lorg/spongepowered/asm/mixin/injection/callback/CallbackInfo;)V has 0 override(s) in child classes
[25Sep2026 23:38:21.308] [Render thread/DEBUG] [mixin/]: embeddium.mixins.json:features.textures.animations.tracking.SpriteContentsAnimatorImplMixin from mod embeddium->@Inject::assignParent(Lnet/minecraft/client/renderer/texture/SpriteContents;Lnet/minecraft/client/renderer/texture/SpriteContents$AnimatedTexture;Lnet/minecraft/client/renderer/texture/SpriteContents$InterpolationData;Lorg/spongepowered/asm/mixin/injection/callback/CallbackInfo;)V won't be passed a CallbackInfo as a result
[25Sep2026 23:38:21.308] [Render thread/DEBUG] [mixin/]: embeddium.mixins.json:features.textures.animations.tracking.SpriteContentsAnimatorImplMixin from mod embeddium->@Inject::preTick(Lorg/spongepowered/asm/mixin/injection/callback/CallbackInfo;)V does use it's CallbackInfo
[25Sep2026 23:38:21.308] [Render thread/DEBUG] [mixin/]: embeddium.mixins.json:features.textures.animations.tracking.SpriteContentsAnimatorImplMixin from mod embeddium->@Inject::postTick(Lorg/spongepowered/asm/mixin/injection/callback/CallbackInfo;)V doesn't use it's CallbackInfo
[25Sep2026 23:38:21.308] [Render thread/DEBUG] [mixin/]: embeddium.mixins.json:features.textures.animations.tracking.SpriteContentsAnimatorImplMixin from mod embeddium->@Inject::postTick(Lorg/spongepowered/asm/mixin/injection/callback/CallbackInfo;)V has 0 override(s) in child classes
[25Sep2026 23:38:21.308] [Render thread/DEBUG] [mixin/]: embeddium.mixins.json:features.textures.animations.tracking.SpriteContentsAnimatorImplMixin from mod embeddium->@Inject::postTick(Lorg/spongepowered/asm/mixin/injection/callback/CallbackInfo;)V won't be passed a CallbackInfo as a result
[25Sep2026 23:38:21.311] [Render thread/DEBUG] [mixin/]: Mixing features.textures.animations.upload.SpriteContentsInterpolationMixin from embeddium.mixins.json into net.minecraft.client.renderer.texture.SpriteContents$InterpolationData
[25Sep2026 23:38:21.311] [Render thread/DEBUG] [mixin/]: embeddium.mixins.json:features.textures.animations.upload.SpriteContentsInterpolationMixin from mod embeddium: Class version 65 required is higher than the class version supported by the current version of Mixin (JAVA_17 supports class version 61)
[25Sep2026 23:38:21.323] [Render thread/DEBUG] [mixin/]: embeddium.mixins.json:features.textures.animations.upload.SpriteContentsInterpolationMixin from mod embeddium->@Inject::assignParent(Lnet/minecraft/client/renderer/texture/SpriteContents;Lorg/spongepowered/asm/mixin/injection/callback/CallbackInfo;)V doesn't use it's CallbackInfo
[25Sep2026 23:38:34.706] [Render thread/INFO] [net.minecraft.client.renderer.texture.TextureAtlas/]: Created: 256x256x4 minecraft:textures/atlas/signs.png-atlas
[25Sep2026 23:38:34.939] [Render thread/INFO] [net.minecraft.client.renderer.texture.TextureAtlas/]: Created: 512x512x4 minecraft:textures/atlas/shield_patterns.png-atlas
[25Sep2026 23:38:35.419] [Render thread/INFO] [net.minecraft.client.renderer.texture.TextureAtlas/]: Created: 512x512x4 minecraft:textures/atlas/banner_patterns.png-atlas
[25Sep2026 23:38:35.910] [Render thread/INFO] [net.minecraft.client.renderer.texture.TextureAtlas/]: Created: 1024x1024x4 minecraft:textures/atlas/armor_trims.png-atlas
[25Sep2026 23:38:38.347] [Render thread/INFO] [net.minecraft.client.renderer.texture.TextureAtlas/]: Created: 128x64x4 minecraft:textures/atlas/decorated_pot.png-atlas
[25Sep2026 23:38:38.360] [Render thread/INFO] [net.minecraft.client.renderer.texture.TextureAtlas/]: Created: 256x256x4 minecraft:textures/atlas/chest.png-atlas
[25Sep2026 23:38:38.367] [Render thread/INFO] [net.minecraft.client.renderer.texture.TextureAtlas/]: Created: 512x256x4 minecraft:textures/atlas/beds.png-atlas
[25Sep2026 23:38:38.371] [Render thread/INFO] [net.minecraft.client.renderer.texture.TextureAtlas/]: Created: 512x256x4 minecraft:textures/atlas/shulker_boxes.png-atlas
[25Sep2026 23:38:38.588] [Render thread/DEBUG] [mixin/]: Mixing PlayerModelAccessor from playerAnimator-common.mixins.json into net.minecraft.client.model.PlayerModel
[25Sep2026 23:38:38.589] [Render thread/DEBUG] [mixin/]: Mixing PlayerModelMixin from playerAnimator-common.mixins.json into net.minecraft.client.model.PlayerModel
[25Sep2026 23:38:38.685] [Render thread/DEBUG] [mixin/]: playerAnimator-common.mixins.json:PlayerModelMixin from mod playeranimator->@Inject::initBendableStuff(Lnet/minecraft/client/model/geom/ModelPart;ZLorg/spongepowered/asm/mixin/injection/callback/CallbackInfo;)V doesn't use it's CallbackInfo
[25Sep2026 23:38:38.685] [Render thread/DEBUG] [mixin/]: playerAnimator-common.mixins.json:PlayerModelMixin from mod playeranimator->@Inject::initBendableStuff(Lnet/minecraft/client/model/geom/ModelPart;ZLorg/spongepowered/asm/mixin/injection/callback/CallbackInfo;)V has 0 override(s) in child classes
[25Sep2026 23:38:38.685] [Render thread/DEBUG] [mixin/]: playerAnimator-common.mixins.json:PlayerModelMixin from mod playeranimator->@Inject::initBendableStuff(Lnet/minecraft/client/model/geom/ModelPart;ZLorg/spongepowered/asm/mixin/injection/callback/CallbackInfo;)V won't be passed a CallbackInfo as a result
[25Sep2026 23:38:38.686] [Render thread/DEBUG] [mixin/]: playerAnimator-common.mixins.json:PlayerModelMixin from mod playeranimator->@Inject::setDefaultBeforeRender(Lnet/minecraft/world/entity/LivingEntity;FFFFFLorg/spongepowered/asm/mixin/injection/callback/CallbackInfo;)V doesn't use it's CallbackInfo
[25Sep2026 23:38:38.686] [Render thread/DEBUG] [mixin/]: playerAnimator-common.mixins.json:PlayerModelMixin from mod playeranimator->@Inject::setDefaultBeforeRender(Lnet/minecraft/world/entity/LivingEntity;FFFFFLorg/spongepowered/asm/mixin/injection/callback/CallbackInfo;)V has 0 override(s) in child classes
[25Sep2026 23:38:38.686] [Render thread/DEBUG] [mixin/]: playerAnimator-common.mixins.json:PlayerModelMixin from mod playeranimator->@Inject::setDefaultBeforeRender(Lnet/minecraft/world/entity/LivingEntity;FFFFFLorg/spongepowered/asm/mixin/injection/callback/CallbackInfo;)V won't be passed a CallbackInfo as a result
[25Sep2026 23:38:38.686] [Render thread/DEBUG] [mixin/]: playerAnimator-common.mixins.json:PlayerModelMixin from mod playeranimator->@Inject::setEmote(Lnet/minecraft/world/entity/LivingEntity;FFFFFLorg/spongepowered/asm/mixin/injection/callback/CallbackInfo;)V doesn't use it's CallbackInfo
[25Sep2026 23:38:38.686] [Render thread/DEBUG] [mixin/]: playerAnimator-common.mixins.json:PlayerModelMixin from mod playeranimator->@Inject::setEmote(Lnet/minecraft/world/entity/LivingEntity;FFFFFLorg/spongepowered/asm/mixin/injection/callback/CallbackInfo;)V has 0 override(s) in child classes
[25Sep2026 23:38:38.687] [Render thread/DEBUG] [mixin/]: playerAnimator-common.mixins.json:PlayerModelMixin from mod playeranimator->@Inject::setEmote(Lnet/minecraft/world/entity/LivingEntity;FFFFFLorg/spongepowered/asm/mixin/injection/callback/CallbackInfo;)V won't be passed a CallbackInfo as a result
[25Sep2026 23:38:38.781] [Render thread/DEBUG] [mixin/]: Mixing SpinAttackEffectLayerMixin from irons_spellbooks.mixins.json into net.minecraft.client.renderer.entity.layers.SpinAttackEffectLayer
[25Sep2026 23:38:38.891] [Render thread/DEBUG] [mixin/]: Mixing features.render.entity.fast_render.CuboidMixin from embeddium.mixins.json into net.minecraft.client.model.geom.ModelPart$Cube
[25Sep2026 23:38:38.892] [Render thread/DEBUG] [mixin/]: embeddium.mixins.json:features.render.entity.fast_render.CuboidMixin from mod embeddium: Class version 65 required is higher than the class version supported by the current version of Mixin (JAVA_17 supports class version 61)
[25Sep2026 23:38:39.246] [Render thread/DEBUG] [mixin/]: Mixing PlayerItemInHandLayerMixin from moonlight-common.mixins.json into net.minecraft.client.renderer.entity.layers.PlayerItemInHandLayer
[25Sep2026 23:38:39.247] [Render thread/DEBUG] [mixin/]: moonlight-common.mixins.json:PlayerItemInHandLayerMixin from mod moonlight: Class version 65 required is higher than the class version supported by the current version of Mixin (JAVA_17 supports class version 61)
[25Sep2026 23:38:39.252] [Render thread/DEBUG] [mixin/]: moonlight-common.mixins.json:PlayerItemInHandLayerMixin from mod moonlight->@Inject::poseRightArm(Lnet/minecraft/world/entity/LivingEntity;Lnet/minecraft/world/item/ItemStack;Lnet/minecraft/world/item/ItemDisplayContext;Lnet/minecraft/world/entity/HumanoidArm;Lcom/mojang/blaze3d/vertex/PoseStack;Lnet/minecraft/client/renderer/MultiBufferSource;ILorg/spongepowered/asm/mixin/injection/callback/CallbackInfo;)V does use it's CallbackInfo
[25Sep2026 23:38:39.259] [Render thread/DEBUG] [mixin/]: Mixing CapeLayerMixin from playerAnimator-common.mixins.json into net.minecraft.client.renderer.entity.layers.CapeLayer
[25Sep2026 23:38:39.265] [Render thread/DEBUG] [mixin/]: Mixing MixinCapeLayer from caelus.mixins.json into net.minecraft.client.renderer.entity.layers.CapeLayer
[25Sep2026 23:38:39.266] [Render thread/DEBUG] [mixin/]: caelus.mixins.json:MixinCapeLayer from mod caelus: Class version 65 required is higher than the class version supported by the current version of Mixin (JAVA_17 supports class version 61)
[25Sep2026 23:38:39.289] [Render thread/DEBUG] [mixin/]: playerAnimator-common.mixins.json:CapeLayerMixin from mod playeranimator->@Inject::render(Lcom/mojang/blaze3d/vertex/PoseStack;Lnet/minecraft/client/renderer/MultiBufferSource;ILnet/minecraft/client/player/AbstractClientPlayer;FFFFFFLorg/spongepowered/asm/mixin/injection/callback/CallbackInfo;)V doesn't use it's CallbackInfo
[25Sep2026 23:38:39.290] [Render thread/DEBUG] [mixin/]: playerAnimator-common.mixins.json:CapeLayerMixin from mod playeranimator->@Inject::render(Lcom/mojang/blaze3d/vertex/PoseStack;Lnet/minecraft/client/renderer/MultiBufferSource;ILnet/minecraft/client/player/AbstractClientPlayer;FFFFFFLorg/spongepowered/asm/mixin/injection/callback/CallbackInfo;)V has 0 override(s) in child classes
[25Sep2026 23:38:39.290] [Render thread/DEBUG] [mixin/]: playerAnimator-common.mixins.json:CapeLayerMixin from mod playeranimator->@Inject::render(Lcom/mojang/blaze3d/vertex/PoseStack;Lnet/minecraft/client/renderer/MultiBufferSource;ILnet/minecraft/client/player/AbstractClientPlayer;FFFFFFLorg/spongepowered/asm/mixin/injection/callback/CallbackInfo;)V won't be passed a CallbackInfo as a result
[25Sep2026 23:38:39.290] [Render thread/DEBUG] [mixin/]: caelus.mixins.json:MixinCapeLayer from mod caelus->@Inject::caelus$canRenderCape(Lcom/mojang/blaze3d/vertex/PoseStack;Lnet/minecraft/client/renderer/MultiBufferSource;ILnet/minecraft/client/player/AbstractClientPlayer;FFFFFFLorg/spongepowered/asm/mixin/injection/callback/CallbackInfo;)V does use it's CallbackInfo
[25Sep2026 23:38:39.322] [Render thread/INFO] [net.minecraft.client.renderer.texture.TextureAtlas/]: Created: 1024x1024x0 minecraft:textures/atlas/particles.png-atlas
[25Sep2026 23:38:39.751] [Render thread/INFO] [net.minecraft.client.renderer.texture.TextureAtlas/]: Created: 512x256x0 minecraft:textures/atlas/paintings.png-atlas
[25Sep2026 23:38:39.768] [Render thread/INFO] [net.minecraft.client.renderer.texture.TextureAtlas/]: Created: 256x128x0 minecraft:textures/atlas/mob_effects.png-atlas
[25Sep2026 23:38:40.082] [Render thread/INFO] [net.minecraft.client.renderer.texture.TextureAtlas/]: Created: 256x256x0 minecraft:textures/atlas/map_decorations.png-atlas
[25Sep2026 23:38:40.086] [Render thread/INFO] [net.minecraft.client.renderer.texture.TextureAtlas/]: Created: 1024x1024x0 minecraft:textures/atlas/gui.png-atlas
[25Sep2026 23:38:42.874] [Render thread/WARN] [net.minecraft.client.renderer.ShaderInstance/]: Shader rendertype_entity_translucent_emissive could not find sampler named Sampler2 in the specified shader program.
[25Sep2026 23:38:47.649] [Render thread/WARN] [dev.kosmx.playerAnim.minecraftApi.PlayerAnimationRegistry/]: [WARNING FOR MOD DEVS] Animation player_animation/casting_animations.json is in wrong directory: "player_animation", please place it in "player_animations".
[25Sep2026 23:38:47.701] [Render thread/INFO] [net.minecraft.client.renderer.texture.TextureAtlas/]: Created: 256x256x0 jei:textures/atlas/gui.png-atlas
[25Sep2026 23:38:47.729] [Render thread/INFO] [net.neoforged.neoforge.client.entity.animation.json.AnimationLoader/]: Loaded 0 entity animations
[25Sep2026 23:38:49.906] [Render thread/DEBUG] [mixin/]: Mixing StringRenderOutputMixin from jade.mixins.json into net.minecraft.client.gui.Font$StringRenderOutput
[25Sep2026 23:38:49.908] [Render thread/DEBUG] [mixin/]: jade.mixins.json:StringRenderOutputMixin from mod jade: Class version 65 required is higher than the class version supported by the current version of Mixin (JAVA_16 supports class version 60)
[25Sep2026 23:38:49.928] [Render thread/DEBUG] [mixin/]: jade.mixins.json:StringRenderOutputMixin from mod jade->@Inject::jade$init(Lnet/minecraft/client/gui/Font;Lnet/minecraft/client/renderer/MultiBufferSource;FFIZLorg/joml/Matrix4f;Lnet/minecraft/client/gui/Font$DisplayMode;ILorg/spongepowered/asm/mixin/injection/callback/CallbackInfo;)V doesn't use it's CallbackInfo
[25Sep2026 23:38:49.928] [Render thread/DEBUG] [mixin/]: jade.mixins.json:StringRenderOutputMixin from mod jade->@Inject::jade$init(Lnet/minecraft/client/gui/Font;Lnet/minecraft/client/renderer/MultiBufferSource;FFIZLorg/joml/Matrix4f;Lnet/minecraft/client/gui/Font$DisplayMode;ILorg/spongepowered/asm/mixin/injection/callback/CallbackInfo;)V has 0 override(s) in child classes
[25Sep2026 23:38:49.928] [Render thread/DEBUG] [mixin/]: jade.mixins.json:StringRenderOutputMixin from mod jade->@Inject::jade$init(Lnet/minecraft/client/gui/Font;Lnet/minecraft/client/renderer/MultiBufferSource;FFIZLorg/joml/Matrix4f;Lnet/minecraft/client/gui/Font$DisplayMode;ILorg/spongepowered/asm/mixin/injection/callback/CallbackInfo;)V won't be passed a CallbackInfo as a result
[25Sep2026 23:38:49.928] [Render thread/DEBUG] [mixin/]: jade.mixins.json:StringRenderOutputMixin from mod jade->@Inject::jade$accept(ILnet/minecraft/network/chat/Style;ILorg/spongepowered/asm/mixin/injection/callback/CallbackInfoReturnable;)V does use it's CallbackInfoReturnable
[25Sep2026 23:38:49.947] [Render thread/DEBUG] [mixin/]: Mixing features.render.immediate.buffer_builder.sorting.MeshDataSortStateMixin from embeddium.mixins.json into com.mojang.blaze3d.vertex.MeshData$SortState
[25Sep2026 23:38:49.948] [Render thread/DEBUG] [mixin/]: embeddium.mixins.json:features.render.immediate.buffer_builder.sorting.MeshDataSortStateMixin from mod embeddium: Class version 65 required is higher than the class version supported by the current version of Mixin (JAVA_17 supports class version 61)
[25Sep2026 23:38:59.606] [Render thread/DEBUG] [io.redspace.ironsspellbooks.IronsSpellbooks/]: addPackFinders
[25Sep2026 23:38:59.641] [Render thread/DEBUG] [mixin/]: Mixing WorldLoaderMixin from moonlight-common.mixins.json into net.minecraft.server.WorldLoader
[25Sep2026 23:38:59.642] [Render thread/DEBUG] [mixin/]: moonlight-common.mixins.json:WorldLoaderMixin from mod moonlight: Class version 65 required is higher than the class version supported by the current version of Mixin (JAVA_17 supports class version 61)
[25Sep2026 23:38:59.650] [Render thread/DEBUG] [mixin/]: moonlight-common.mixins.json:WorldLoaderMixin from mod moonlight->@Inject::moonlight$serverDynamicPackEarlyReload(Lnet/minecraft/server/WorldLoader$InitConfig;Lnet/minecraft/server/WorldLoader$WorldDataSupplier;Lnet/minecraft/server/WorldLoader$ResultFactory;Ljava/util/concurrent/Executor;Ljava/util/concurrent/Executor;Lorg/spongepowered/asm/mixin/injection/callback/CallbackInfoReturnable;)V doesn't use it's CallbackInfoReturnable
[25Sep2026 23:39:07.206] [Render thread/INFO] [net.minecraft.world.item.crafting.RecipeManager/]: Loaded 1601 recipes
[25Sep2026 23:39:08.282] [Render thread/INFO] [net.minecraft.advancements.AdvancementTree/]: Loaded 1578 advancements
[25Sep2026 23:39:08.359] [Render thread/INFO] [Curios API/]: Loaded 13 curio slots
[25Sep2026 23:39:08.370] [Render thread/INFO] [Curios API/]: Loaded 1 curio entities
[25Sep2026 23:39:08.404] [Render thread/INFO] [Moonlight/]: Failed to load custom color set definition {"id":"quark:rune","colors":{"default":"quark:blank_rune"},"replace":false}. Ignoring
[25Sep2026 23:39:08.405] [Render thread/INFO] [Moonlight/]: Failed to load custom color set definition {"id":"suppsquared:sack","colors":{"default":"supplementaries:sack"},"replace":false}. Ignoring
[25Sep2026 23:39:08.405] [Render thread/INFO] [Moonlight/]: Failed to load custom color set definition {"id":"quark:shard","colors":{"default":"quark:clear_shard"},"replace":false}. Ignoring
[25Sep2026 23:39:11.024] [Render thread/DEBUG] [mezz.jei.neoforge.startup.StartEventObserver/]: JEI StartEventObserver received class net.neoforged.neoforge.event.TagsUpdatedEvent too early, ignoring
[25Sep2026 23:39:11.088] [Render thread/INFO] [snownee.jade.Jade/]: LootTableMineableCollector took 39.58 ms
[25Sep2026 23:39:11.205] [Render thread/DEBUG] [io.redspace.ironsspellbooks.IronsSpellbooks/]: ClientPlayerNetworkEvent onPlayerLogOut
[25Sep2026 23:39:11.439] [Render thread/DEBUG] [net.neoforged.neoforge.common.CommonHooks/WP]: Gathered mod list to write to world save New World
[25Sep2026 23:39:11.551] [Render thread/DEBUG] [mixin/]: Mixing PlayerListMixin from azurelib.neo.mixins.json into net.minecraft.server.players.PlayerList
[25Sep2026 23:39:11.554] [Render thread/DEBUG] [mixin/]: Renaming synthetic method lambda$configuration_sendServerConfigs$0(Lnet/minecraft/server/level/ServerPlayer;Ljava/lang/String;)V to mdb288f6$azurelib$lambda$configuration_sendServerConfigs$0$0 in azurelib.neo.mixins.json:PlayerListMixin from mod azurelib
[25Sep2026 23:39:11.567] [Render thread/DEBUG] [mixin/]: azurelib.neo.mixins.json:PlayerListMixin from mod azurelib->@Inject::configuration_sendServerConfigs(Lnet/minecraft/network/Connection;Lnet/minecraft/server/level/ServerPlayer;Lnet/minecraft/server/network/CommonListenerCookie;Lorg/spongepowered/asm/mixin/injection/callback/CallbackInfo;)V doesn't use it's CallbackInfo
[25Sep2026 23:39:11.567] [Render thread/DEBUG] [mixin/]: azurelib.neo.mixins.json:PlayerListMixin from mod azurelib->@Inject::configuration_sendServerConfigs(Lnet/minecraft/network/Connection;Lnet/minecraft/server/level/ServerPlayer;Lnet/minecraft/server/network/CommonListenerCookie;Lorg/spongepowered/asm/mixin/injection/callback/CallbackInfo;)V has 0 override(s) in child classes
[25Sep2026 23:39:11.567] [Render thread/DEBUG] [mixin/]: azurelib.neo.mixins.json:PlayerListMixin from mod azurelib->@Inject::configuration_sendServerConfigs(Lnet/minecraft/network/Connection;Lnet/minecraft/server/level/ServerPlayer;Lnet/minecraft/server/network/CommonListenerCookie;Lorg/spongepowered/asm/mixin/injection/callback/CallbackInfo;)V won't be passed a CallbackInfo as a result
[25Sep2026 23:39:11.705] [Server thread/INFO] [net.minecraft.client.server.IntegratedServer/]: Starting integrated minecraft server version 1.21.1
[25Sep2026 23:39:11.706] [Server thread/INFO] [net.minecraft.server.MinecraftServer/]: Generating keypair
[25Sep2026 23:39:11.976] [Server thread/DEBUG] [net.neoforged.fml.config.ConfigTracker/CONFIG]: Loading configs type SERVER
[25Sep2026 23:39:11.994] [Server thread/DEBUG] [net.neoforged.fml.config.ConfigTracker/CONFIG]: Loaded TOML config file D:\Hazens InteliJ\HAHA-1.21.1\run\config\jei-server.toml
[25Sep2026 23:39:11.996] [Server thread/DEBUG] [net.neoforged.fml.config.ConfigTracker/CONFIG]: Watching TOML config file D:\Hazens InteliJ\HAHA-1.21.1\run\config\jei-server.toml for changes
[25Sep2026 23:39:12.007] [Server thread/DEBUG] [net.neoforged.fml.config.ConfigTracker/CONFIG]: Loaded TOML config file D:\Hazens InteliJ\HAHA-1.21.1\run\config\curios-server.toml
[25Sep2026 23:39:12.009] [Server thread/DEBUG] [net.neoforged.fml.config.ConfigTracker/CONFIG]: Watching TOML config file D:\Hazens InteliJ\HAHA-1.21.1\run\config\curios-server.toml for changes
[25Sep2026 23:39:12.019] [Server thread/DEBUG] [net.neoforged.fml.config.ConfigTracker/CONFIG]: Loaded TOML config file D:\Hazens InteliJ\HAHA-1.21.1\run\config\irons_artifice-server.toml
[25Sep2026 23:39:12.022] [Server thread/DEBUG] [net.neoforged.fml.config.ConfigTracker/CONFIG]: Watching TOML config file D:\Hazens InteliJ\HAHA-1.21.1\run\config\irons_artifice-server.toml for changes
[25Sep2026 23:39:12.034] [Server thread/DEBUG] [net.neoforged.neoforge.common.NeoForgeConfig/FORGEMOD]: Loaded NeoForge config file neoforge-server.toml
[25Sep2026 23:39:12.034] [Server thread/DEBUG] [net.neoforged.fml.config.ConfigTracker/CONFIG]: Loaded TOML config file D:\Hazens InteliJ\HAHA-1.21.1\run\config\neoforge-server.toml
[25Sep2026 23:39:12.037] [Server thread/DEBUG] [net.neoforged.fml.config.ConfigTracker/CONFIG]: Watching TOML config file D:\Hazens InteliJ\HAHA-1.21.1\run\config\neoforge-server.toml for changes
[25Sep2026 23:39:12.050] [Server thread/DEBUG] [io.redspace.ironsspellbooks.IronsSpellbooks/]: ServerConfigs load item blacklists:
[25Sep2026 23:39:12.050] [Server thread/DEBUG] [net.neoforged.fml.config.ConfigTracker/CONFIG]: Loaded TOML config file D:\Hazens InteliJ\HAHA-1.21.1\run\config\irons_spellbooks-server.toml
[25Sep2026 23:39:12.054] [Server thread/DEBUG] [net.neoforged.fml.config.ConfigTracker/CONFIG]: Watching TOML config file D:\Hazens InteliJ\HAHA-1.21.1\run\config\irons_spellbooks-server.toml for changes
[25Sep2026 23:39:12.320] [Server thread/DEBUG] [mixin/]: Mixing IllagerPatrolMixin from irons_artifice.mixins.json into net.minecraft.world.level.levelgen.PatrolSpawner
[25Sep2026 23:39:12.342] [Server thread/DEBUG] [mixin/]: irons_artifice.mixins.json:IllagerPatrolMixin from mod irons_artifice->@Inject::irons_artifice$swapPatrolLeader(Lnet/minecraft/server/level/ServerLevel;Lnet/minecraft/core/BlockPos;Lnet/minecraft/util/RandomSource;ZLorg/spongepowered/asm/mixin/injection/callback/CallbackInfoReturnable;)V does use it's CallbackInfoReturnable
[25Sep2026 23:39:12.756] [Server thread/DEBUG] [mixin/]: Mixing core.world.chunk.PackedIntegerArrayMixin from embeddium.mixins.json into net.minecraft.util.SimpleBitStorage
[25Sep2026 23:39:12.758] [Server thread/DEBUG] [mixin/]: embeddium.mixins.json:core.world.chunk.PackedIntegerArrayMixin from mod embeddium: Class version 65 required is higher than the class version supported by the current version of Mixin (JAVA_17 supports class version 61)
[25Sep2026 23:39:13.205] [Server thread/INFO] [net.minecraft.server.MinecraftServer/]: Preparing start region for dimension minecraft:overworld
[25Sep2026 23:39:13.527] [Server thread/DEBUG] [mixin/]: Mixing core.world.chunk.PalettedContainerMixin from embeddium.mixins.json into net.minecraft.world.level.chunk.PalettedContainer
[25Sep2026 23:39:13.528] [Server thread/DEBUG] [mixin/]: embeddium.mixins.json:core.world.chunk.PalettedContainerMixin from mod embeddium: Class version 65 required is higher than the class version supported by the current version of Mixin (JAVA_17 supports class version 61)
[25Sep2026 23:39:13.697] [Server thread/DEBUG] [mixin/]: Mixing core.world.chunk.EmptyPaletteStorageMixin from embeddium.mixins.json into net.minecraft.util.ZeroBitStorage
[25Sep2026 23:39:13.698] [Server thread/DEBUG] [mixin/]: embeddium.mixins.json:core.world.chunk.EmptyPaletteStorageMixin from mod embeddium: Class version 65 required is higher than the class version supported by the current version of Mixin (JAVA_17 supports class version 61)
[25Sep2026 23:39:14.795] [progressListener/INFO] [net.minecraft.server.level.progress.LoggerChunkProgressListener/]: Preparing spawn area: 0%
[25Sep2026 23:39:14.797] [progressListener/INFO] [net.minecraft.server.level.progress.LoggerChunkProgressListener/]: Preparing spawn area: 0%
[25Sep2026 23:39:14.797] [progressListener/INFO] [net.minecraft.server.level.progress.LoggerChunkProgressListener/]: Preparing spawn area: 0%
[25Sep2026 23:39:14.797] [progressListener/INFO] [net.minecraft.server.level.progress.LoggerChunkProgressListener/]: Preparing spawn area: 0%
[25Sep2026 23:39:15.293] [Server thread/INFO] [net.neoforged.neoforge.server.permission.PermissionAPI/]: Successfully initialized permission handler neoforge:default_handler
[25Sep2026 23:39:15.365] [progressListener/INFO] [net.minecraft.server.level.progress.LoggerChunkProgressListener/]: Time elapsed: 2137 ms
[25Sep2026 23:39:15.943] [Server thread/DEBUG] [mixin/]: Mixing DebugPacketsMixin from moonlight-common.mixins.json into net.minecraft.network.protocol.game.DebugPackets
[25Sep2026 23:39:15.945] [Server thread/DEBUG] [mixin/]: moonlight-common.mixins.json:DebugPacketsMixin from mod moonlight: Class version 65 required is higher than the class version supported by the current version of Mixin (JAVA_17 supports class version 61)
[25Sep2026 23:39:16.041] [Server thread/DEBUG] [mixin/]: moonlight-common.mixins.json:DebugPacketsMixin from mod moonlight->@Inject::ml$sendPathfindingDebug(Lnet/minecraft/world/level/Level;Lnet/minecraft/world/entity/Mob;Lnet/minecraft/world/level/pathfinder/Path;FLorg/spongepowered/asm/mixin/injection/callback/CallbackInfo;)V doesn't use it's CallbackInfo
[25Sep2026 23:39:16.043] [Server thread/DEBUG] [mixin/]: moonlight-common.mixins.json:DebugPacketsMixin from mod moonlight->@Inject::ml$neighborUpdatesDebug(Lnet/minecraft/world/level/Level;Lnet/minecraft/core/BlockPos;Lorg/spongepowered/asm/mixin/injection/callback/CallbackInfo;)V doesn't use it's CallbackInfo
[25Sep2026 23:39:16.043] [Server thread/DEBUG] [mixin/]: moonlight-common.mixins.json:DebugPacketsMixin from mod moonlight->@Inject::ml$gameEvent(Lnet/minecraft/world/level/Level;Lnet/minecraft/core/Holder;Lnet/minecraft/world/phys/Vec3;Lorg/spongepowered/asm/mixin/injection/callback/CallbackInfo;)V doesn't use it's CallbackInfo
[25Sep2026 23:39:16.044] [Server thread/DEBUG] [mixin/]: moonlight-common.mixins.json:DebugPacketsMixin from mod moonlight->@Inject::ml$gameEventListener(Lnet/minecraft/world/level/Level;Lnet/minecraft/world/level/gameevent/GameEventListener;Lorg/spongepowered/asm/mixin/injection/callback/CallbackInfo;)V doesn't use it's CallbackInfo
[25Sep2026 23:39:16.044] [Server thread/DEBUG] [mixin/]: moonlight-common.mixins.json:DebugPacketsMixin from mod moonlight->@Inject::ml$breeze(Lnet/minecraft/world/entity/monster/breeze/Breeze;Lorg/spongepowered/asm/mixin/injection/callback/CallbackInfo;)V doesn't use it's CallbackInfo
[25Sep2026 23:39:16.044] [Server thread/DEBUG] [mixin/]: moonlight-common.mixins.json:DebugPacketsMixin from mod moonlight->@Inject::ml$goalDebug(Lnet/minecraft/world/level/Level;Lnet/minecraft/world/entity/Mob;Lnet/minecraft/world/entity/ai/goal/GoalSelector;Lorg/spongepowered/asm/mixin/injection/callback/CallbackInfo;)V doesn't use it's CallbackInfo
[25Sep2026 23:39:16.044] [Server thread/DEBUG] [mixin/]: moonlight-common.mixins.json:DebugPacketsMixin from mod moonlight->@Inject::ml$StructureDebug(Lnet/minecraft/world/level/WorldGenLevel;Lnet/minecraft/world/level/levelgen/structure/StructureStart;Lorg/spongepowered/asm/mixin/injection/callback/CallbackInfo;)V doesn't use it's CallbackInfo
[25Sep2026 23:39:16.049] [ForkJoinPool.commonPool-worker-4/INFO] [io.redspace.ironslib.IronsLib/]: Loaded 229
[25Sep2026 23:39:16.123] [Server thread/INFO] [net.minecraft.client.server.IntegratedServer/]: Changing view distance to 8, from 10
[25Sep2026 23:39:16.124] [Server thread/INFO] [net.minecraft.client.server.IntegratedServer/]: Changing simulation distance to 7, from 0
[25Sep2026 23:39:16.248] [entity-deserializer/DEBUG] [mixin/]: Mixing CurioHooksMixin from irons_spellbooks.mixins.json into top.theillusivec4.curios.mixin.CuriosImplMixinHooks
[25Sep2026 23:39:16.252] [entity-deserializer/DEBUG] [mixin/]: irons_spellbooks.mixins.json:CurioHooksMixin from mod irons_spellbooks->@Inject::killGenericCurio(Ltop/theillusivec4/curios/api/SlotContext;Lnet/minecraft/world/item/ItemStack;Lorg/spongepowered/asm/mixin/injection/callback/CallbackInfoReturnable;)V does use it's CallbackInfoReturnable
[25Sep2026 23:39:16.281] [Render thread/DEBUG] [io.netty.channel.MultithreadEventLoopGroup/]: -Dio.netty.eventLoopThreads: 16
[25Sep2026 23:39:16.347] [Render thread/DEBUG] [io.netty.util.concurrent.GlobalEventExecutor/]: -Dio.netty.globalEventExecutor.quietPeriodSeconds: 1
[25Sep2026 23:39:16.392] [Render thread/DEBUG] [io.netty.channel.nio.NioEventLoop/]: -Dio.netty.noKeySetOptimization: false
[25Sep2026 23:39:16.392] [Render thread/DEBUG] [io.netty.channel.nio.NioEventLoop/]: -Dio.netty.selectorAutoRebuildThreshold: 512
[25Sep2026 23:39:16.428] [Render thread/DEBUG] [io.netty.util.internal.PlatformDependent/]: org.jctools-core.MpscChunkedArrayQueue: available
[25Sep2026 23:39:16.614] [Render thread/DEBUG] [io.netty.channel.DefaultChannelId/]: -Dio.netty.processId: 564 (auto-detected)
[25Sep2026 23:39:16.622] [Render thread/DEBUG] [io.netty.util.NetUtil/]: -Djava.net.preferIPv4Stack: false
[25Sep2026 23:39:16.622] [Render thread/DEBUG] [io.netty.util.NetUtil/]: -Djava.net.preferIPv6Addresses: system
[25Sep2026 23:39:16.644] [Render thread/DEBUG] [io.netty.util.NetUtilInitializations/]: Loopback interface: loopback_0 (Software Loopback Interface 1, 0:0:0:0:0:0:0:1)
[25Sep2026 23:39:16.648] [Render thread/DEBUG] [io.netty.util.NetUtil/]: Failed to get SOMAXCONN from sysctl and file \proc\sys\net\core\somaxconn. Default: 200
[25Sep2026 23:39:16.664] [Render thread/DEBUG] [io.netty.channel.DefaultChannelId/]: -Dio.netty.machineId: f8:ac:65:ff:fe:8b:6b:6c (auto-detected)
[25Sep2026 23:39:17.766] [Render thread/DEBUG] [io.netty.util.Recycler/]: -Dio.netty.recycler.maxCapacityPerThread: 4096
[25Sep2026 23:39:17.767] [Render thread/DEBUG] [io.netty.util.Recycler/]: -Dio.netty.recycler.ratio: 8
[25Sep2026 23:39:17.767] [Render thread/DEBUG] [io.netty.util.Recycler/]: -Dio.netty.recycler.chunkSize: 32
[25Sep2026 23:39:17.767] [Render thread/DEBUG] [io.netty.util.Recycler/]: -Dio.netty.recycler.blocking: false
[25Sep2026 23:39:17.768] [Render thread/DEBUG] [io.netty.util.Recycler/]: -Dio.netty.recycler.batchFastThreadLocalOnly: true
[25Sep2026 23:39:18.330] [Netty Server IO #1/DEBUG] [net.neoforged.neoforge.network.filters.NetworkFilters/]: Injected net.neoforged.neoforge.network.filters.GenericPacketSplitter@a793e5e into net.minecraft.network.Connection@7a1c7e80
[25Sep2026 23:39:18.417] [Netty Local Client IO #0/DEBUG] [net.neoforged.neoforge.network.filters.NetworkFilters/]: Injected net.neoforged.neoforge.network.filters.GenericPacketSplitter@271224cc into net.minecraft.network.Connection@e60228c
[25Sep2026 23:39:18.487] [Render thread/DEBUG] [io.redspace.ironsspellbooks.IronsSpellbooks/]: addPackFinders
[25Sep2026 23:39:19.280] [Render thread/DEBUG] [mezz.jei.neoforge.startup.StartEventObserver/]: JEI StartEventObserver received event: class net.neoforged.neoforge.event.TagsUpdatedEvent
[25Sep2026 23:39:19.597] [Render thread/DEBUG] [mixin/]: Mixing MapItemDataPacketMixin from moonlight-common.mixins.json into net.minecraft.network.protocol.game.ClientboundMapItemDataPacket
[25Sep2026 23:39:19.598] [Render thread/DEBUG] [mixin/]: moonlight-common.mixins.json:MapItemDataPacketMixin from mod moonlight: Class version 65 required is higher than the class version supported by the current version of Mixin (JAVA_17 supports class version 61)
[25Sep2026 23:39:19.600] [Render thread/DEBUG] [mixin/]: Renaming synthetic method lambda$moonlight$modifyMapPacketCodec$5(Lnet/minecraft/network/protocol/game/ClientboundMapItemDataPacket;Ljava/util/Optional;Ljava/util/Optional;Lnet/minecraft/resources/ResourceLocation;Ljava/lang/Integer;Ljava/lang/Integer;)Lnet/minecraft/network/protocol/game/ClientboundMapItemDataPacket; to mdb288f6$moonlight$lambda$moonlight$modifyMapPacketCodec$5$0 in moonlight-common.mixins.json:MapItemDataPacketMixin from mod moonlight
[25Sep2026 23:39:19.600] [Render thread/DEBUG] [mixin/]: Renaming synthetic method lambda$moonlight$modifyMapPacketCodec$4(Lnet/minecraft/network/protocol/game/ClientboundMapItemDataPacket;)Ljava/lang/Integer; to mdb288f6$moonlight$lambda$moonlight$modifyMapPacketCodec$4$1 in moonlight-common.mixins.json:MapItemDataPacketMixin from mod moonlight
[25Sep2026 23:39:19.601] [Render thread/DEBUG] [mixin/]: Renaming synthetic method lambda$moonlight$modifyMapPacketCodec$3(Lnet/minecraft/network/protocol/game/ClientboundMapItemDataPacket;)Ljava/lang/Integer; to mdb288f6$moonlight$lambda$moonlight$modifyMapPacketCodec$3$2 in moonlight-common.mixins.json:MapItemDataPacketMixin from mod moonlight
[25Sep2026 23:39:19.601] [Render thread/DEBUG] [mixin/]: Renaming synthetic method lambda$moonlight$modifyMapPacketCodec$2(Lnet/minecraft/network/protocol/game/ClientboundMapItemDataPacket;)Lnet/minecraft/resources/ResourceLocation; to mdb288f6$moonlight$lambda$moonlight$modifyMapPacketCodec$2$3 in moonlight-common.mixins.json:MapItemDataPacketMixin from mod moonlight
[25Sep2026 23:39:19.601] [Render thread/DEBUG] [mixin/]: Renaming synthetic method lambda$moonlight$modifyMapPacketCodec$1(Lnet/minecraft/network/protocol/game/ClientboundMapItemDataPacket;)Ljava/util/Optional; to mdb288f6$moonlight$lambda$moonlight$modifyMapPacketCodec$1$4 in moonlight-common.mixins.json:MapItemDataPacketMixin from mod moonlight
[25Sep2026 23:39:19.601] [Render thread/DEBUG] [mixin/]: Renaming synthetic method lambda$moonlight$modifyMapPacketCodec$0(Lnet/minecraft/network/protocol/game/ClientboundMapItemDataPacket;)Ljava/util/Optional; to mdb288f6$moonlight$lambda$moonlight$modifyMapPacketCodec$0$5 in moonlight-common.mixins.json:MapItemDataPacketMixin from mod moonlight
[25Sep2026 23:39:19.640] [Render thread/DEBUG] [mixin/]: moonlight-common.mixins.json:MapItemDataPacketMixin from mod moonlight->@Inject::moonlight$addExtraCenterAndDimension(Lnet/minecraft/world/level/saveddata/maps/MapId;BZLjava/util/Optional;Ljava/util/Optional;Lorg/spongepowered/asm/mixin/injection/callback/CallbackInfo;)V doesn't use it's CallbackInfo
[25Sep2026 23:39:19.641] [Render thread/DEBUG] [mixin/]: moonlight-common.mixins.json:MapItemDataPacketMixin from mod moonlight->@Inject::handleExtraData(Lnet/minecraft/world/level/saveddata/maps/MapItemSavedData;Lorg/spongepowered/asm/mixin/injection/callback/CallbackInfo;)V doesn't use it's CallbackInfo
[25Sep2026 23:39:19.932] [Render thread/DEBUG] [mixin/]: Mixing ClientPacketListenerMixin from moonlight-common.mixins.json into net.minecraft.client.multiplayer.ClientPacketListener
[25Sep2026 23:39:19.938] [Render thread/DEBUG] [mixin/]: moonlight-common.mixins.json:ClientPacketListenerMixin from mod moonlight: Class version 65 required is higher than the class version supported by the current version of Mixin (JAVA_17 supports class version 61)
[25Sep2026 23:39:19.940] [Render thread/DEBUG] [mixin/]: Mixing core.world.map.ClientPlayNetworkHandlerMixin from embeddium.mixins.json into net.minecraft.client.multiplayer.ClientPacketListener
[25Sep2026 23:39:19.940] [Render thread/DEBUG] [mixin/]: embeddium.mixins.json:core.world.map.ClientPlayNetworkHandlerMixin from mod embeddium: Class version 65 required is higher than the class version supported by the current version of Mixin (JAVA_17 supports class version 61)
[25Sep2026 23:39:19.963] [Render thread/DEBUG] [mixin/]: embeddium.mixins.json:core.world.map.ClientPlayNetworkHandlerMixin from mod embeddium->@Inject::onLightDataReceived(IILnet/minecraft/network/protocol/game/ClientboundLightUpdatePacketData;Lorg/spongepowered/asm/mixin/injection/callback/CallbackInfo;)V doesn't use it's CallbackInfo
[25Sep2026 23:39:19.964] [Render thread/DEBUG] [mixin/]: embeddium.mixins.json:core.world.map.ClientPlayNetworkHandlerMixin from mod embeddium->@Inject::onLightDataReceived(IILnet/minecraft/network/protocol/game/ClientboundLightUpdatePacketData;Lorg/spongepowered/asm/mixin/injection/callback/CallbackInfo;)V has 0 override(s) in child classes
[25Sep2026 23:39:19.964] [Render thread/DEBUG] [mixin/]: embeddium.mixins.json:core.world.map.ClientPlayNetworkHandlerMixin from mod embeddium->@Inject::onLightDataReceived(IILnet/minecraft/network/protocol/game/ClientboundLightUpdatePacketData;Lorg/spongepowered/asm/mixin/injection/callback/CallbackInfo;)V won't be passed a CallbackInfo as a result
[25Sep2026 23:39:19.964] [Render thread/DEBUG] [mixin/]: embeddium.mixins.json:core.world.map.ClientPlayNetworkHandlerMixin from mod embeddium->@Inject::onChunkUnloadPacket(Lnet/minecraft/network/protocol/game/ClientboundForgetLevelChunkPacket;Lorg/spongepowered/asm/mixin/injection/callback/CallbackInfo;)V doesn't use it's CallbackInfo
[25Sep2026 23:39:19.965] [Render thread/DEBUG] [mixin/]: embeddium.mixins.json:core.world.map.ClientPlayNetworkHandlerMixin from mod embeddium->@Inject::onChunkUnloadPacket(Lnet/minecraft/network/protocol/game/ClientboundForgetLevelChunkPacket;Lorg/spongepowered/asm/mixin/injection/callback/CallbackInfo;)V has 0 override(s) in child classes
[25Sep2026 23:39:19.965] [Render thread/DEBUG] [mixin/]: embeddium.mixins.json:core.world.map.ClientPlayNetworkHandlerMixin from mod embeddium->@Inject::onChunkUnloadPacket(Lnet/minecraft/network/protocol/game/ClientboundForgetLevelChunkPacket;Lorg/spongepowered/asm/mixin/injection/callback/CallbackInfo;)V won't be passed a CallbackInfo as a result
[25Sep2026 23:39:20.070] [Render thread/DEBUG] [mixin/]: Mixing SessionSearchTreesMixin from jade.mixins.json into net.minecraft.client.multiplayer.SessionSearchTrees
[25Sep2026 23:39:20.071] [Render thread/DEBUG] [mixin/]: jade.mixins.json:SessionSearchTreesMixin from mod jade: Class version 65 required is higher than the class version supported by the current version of Mixin (JAVA_16 supports class version 60)
[25Sep2026 23:39:20.076] [Render thread/DEBUG] [mixin/]: jade.mixins.json:SessionSearchTreesMixin from mod jade->@Inject::jade$preGet(Ljava/util/stream/Stream;Lnet/minecraft/world/item/Item$TooltipContext;Lnet/minecraft/world/item/TooltipFlag;Lorg/spongepowered/asm/mixin/injection/callback/CallbackInfoReturnable;)V doesn't use it's CallbackInfoReturnable
[25Sep2026 23:39:20.116] [Netty Server IO #1/DEBUG] [net.neoforged.neoforge.network.filters.NetworkFilters/]: Injected net.neoforged.neoforge.network.filters.GenericPacketSplitter@43a87bec into net.minecraft.network.Connection@7a1c7e80
[25Sep2026 23:39:20.618] [Server thread/INFO] [net.minecraft.server.players.PlayerList/]: Dev[local:E:4d9f035f] logged in with entity id 2 at (32.064269938418015, -60.0, -43.72223488592163)
[25Sep2026 23:39:20.834] [Render thread/DEBUG] [mixin/]: Mixing features.render.model.RenderLayersMixin from embeddium.mixins.json into net.minecraft.client.renderer.ItemBlockRenderTypes
[25Sep2026 23:39:20.834] [Render thread/DEBUG] [mixin/]: embeddium.mixins.json:features.render.model.RenderLayersMixin from mod embeddium: Class version 65 required is higher than the class version supported by the current version of Mixin (JAVA_17 supports class version 61)
[25Sep2026 23:39:20.837] [Render thread/DEBUG] [mixin/]: Mixing features.model.ItemBlockRenderTypesInvoker from embeddium.mixins.json into net.minecraft.client.renderer.ItemBlockRenderTypes
[25Sep2026 23:39:20.837] [Render thread/DEBUG] [mixin/]: embeddium.mixins.json:features.model.ItemBlockRenderTypesInvoker from mod embeddium: Class version 65 required is higher than the class version supported by the current version of Mixin (JAVA_17 supports class version 61)
[25Sep2026 23:39:20.838] [Render thread/DEBUG] [mixin/]: Renaming @Invoker method invokeGetRenderLayers(Lnet/minecraft/world/level/block/state/BlockState;)Lnet/neoforged/neoforge/client/ChunkRenderTypeSet; to invokeGetRenderLayers$embeddium_$md$b288f6$0 in embeddium.mixins.json:features.model.ItemBlockRenderTypesInvoker from mod embeddium
[25Sep2026 23:39:20.839] [Render thread/DEBUG] [mixin/]: Mixing features.options.render_layers.RenderLayersMixin from embeddium.mixins.json into net.minecraft.client.renderer.ItemBlockRenderTypes
[25Sep2026 23:39:20.839] [Render thread/DEBUG] [mixin/]: embeddium.mixins.json:features.options.render_layers.RenderLayersMixin from mod embeddium: Class version 65 required is higher than the class version supported by the current version of Mixin (JAVA_17 supports class version 61)
[25Sep2026 23:39:20.847] [Render thread/DEBUG] [mixin/]: embeddium.mixins.json:features.options.render_layers.RenderLayersMixin from mod embeddium->@Inject::onSetFancyGraphicsOrBetter(ZLorg/spongepowered/asm/mixin/injection/callback/CallbackInfo;)V doesn't use it's CallbackInfo
[25Sep2026 23:39:21.052] [Render thread/DEBUG] [mixin/]: Mixing core.postprocess.PostprocessorMixin from embeddium.mixins.json into org.embeddedt.embeddium.impl.world.WorldSlice
[25Sep2026 23:39:21.053] [Render thread/DEBUG] [mixin/]: embeddium.mixins.json:core.postprocess.PostprocessorMixin from mod embeddium: Class version 65 required is higher than the class version supported by the current version of Mixin (JAVA_17 supports class version 61)
[25Sep2026 23:39:21.062] [Render thread/WARN] [mixin/]: Error loading class: net/fabricmc/fabric/api/blockview/v2/FabricBlockView (java.lang.ClassNotFoundException: net.fabricmc.fabric.api.blockview.v2.FabricBlockView)
[25Sep2026 23:39:21.063] [Render thread/DEBUG] [mixin/]: Failed to resolve declared interface net/fabricmc/fabric/api/blockview/v2/FabricBlockView on org/embeddedt/embeddium/impl/world/WorldSlice
[25Sep2026 23:39:21.065] [Render thread/WARN] [mixin/]: Error loading class: net/fabricmc/fabric/api/rendering/data/v1/RenderAttachedBlockView (java.lang.ClassNotFoundException: net.fabricmc.fabric.api.rendering.data.v1.RenderAttachedBlockView)
[25Sep2026 23:39:21.066] [Render thread/DEBUG] [mixin/]: Failed to resolve declared interface net/fabricmc/fabric/api/rendering/data/v1/RenderAttachedBlockView on org/embeddedt/embeddium/impl/world/WorldSlice
[25Sep2026 23:39:21.155] [Server thread/INFO] [net.minecraft.server.MinecraftServer/]: Dev joined the game
[25Sep2026 23:39:21.265] [Render thread/INFO] [ChunkBuilder/]: Started 2 worker threads
[25Sep2026 23:39:21.540] [Render thread/DEBUG] [mixin/]: Mixing core.gui.WorldLoadingStateMixin from embeddium.mixins.json into net.minecraft.client.multiplayer.LevelLoadStatusManager
[25Sep2026 23:39:21.542] [Render thread/DEBUG] [mixin/]: embeddium.mixins.json:core.gui.WorldLoadingStateMixin from mod embeddium: Class version 65 required is higher than the class version supported by the current version of Mixin (JAVA_17 supports class version 61)
[25Sep2026 23:39:21.582] [Render thread/INFO] [io.redspace.ironsspellbooks.IronsSpellbooks/]: Handling spell config sync 0 files
[25Sep2026 23:39:21.765] [Render thread/DEBUG] [mixin/]: Mixing core.render.frustum.FrustumMixin from embeddium.mixins.json into net.minecraft.client.renderer.culling.Frustum
[25Sep2026 23:39:21.765] [Render thread/DEBUG] [mixin/]: embeddium.mixins.json:core.render.frustum.FrustumMixin from mod embeddium: Class version 65 required is higher than the class version supported by the current version of Mixin (JAVA_17 supports class version 61)
[25Sep2026 23:39:21.966] [Render thread/DEBUG] [mixin/]: Mixing core.postprocess.PostprocessorMixin from embeddium.mixins.json into org.embeddedt.embeddium.impl.world.cloned.ClonedChunkSection
[25Sep2026 23:39:21.967] [Render thread/DEBUG] [mixin/]: embeddium.mixins.json:core.postprocess.PostprocessorMixin from mod embeddium: Class version 65 required is higher than the class version supported by the current version of Mixin (JAVA_17 supports class version 61)
[25Sep2026 23:39:22.700] [Render thread/DEBUG] [mixin/]: Mixing ScreenEffectRendererMixin from irons_lib.mixins.json into net.minecraft.client.renderer.ScreenEffectRenderer
[25Sep2026 23:39:22.702] [Render thread/DEBUG] [mixin/]: Mixing Client.InGameOverlayRendererMixin from hazentouvelib.mixins.json into net.minecraft.client.renderer.ScreenEffectRenderer
[25Sep2026 23:39:22.720] [Render thread/DEBUG] [mixin/]: hazentouvelib.mixins.json:Client.InGameOverlayRendererMixin from mod hazentouvelib->@Inject::renderPrimordialFire(Lnet/minecraft/client/Minecraft;Lcom/mojang/blaze3d/vertex/PoseStack;Lorg/spongepowered/asm/mixin/injection/callback/CallbackInfo;)V doesn't use it's CallbackInfo
[25Sep2026 23:39:22.720] [Render thread/DEBUG] [mixin/]: hazentouvelib.mixins.json:Client.InGameOverlayRendererMixin from mod hazentouvelib->@Inject::cancelFireOverlayWithPrimordialFire(Lnet/minecraft/client/Minecraft;Lcom/mojang/blaze3d/vertex/PoseStack;Lorg/spongepowered/asm/mixin/injection/callback/CallbackInfo;)V does use it's CallbackInfo
[25Sep2026 23:39:22.942] [Render thread/DEBUG] [mezz.jei.neoforge.startup.StartEventObserver/]: JEI StartEventObserver received event: class net.neoforged.neoforge.client.event.RecipesUpdatedEvent
[25Sep2026 23:39:22.942] [Render thread/DEBUG] [mezz.jei.neoforge.startup.StartEventObserver/]: JEI StartEventObserver transitioning state from LISTENING to JEI_STARTED
[25Sep2026 23:39:22.946] [Render thread/INFO] [mezz.jei.core.util.LoggedTimer/]: Starting JEI...
[25Sep2026 23:39:22.981] [Render thread/INFO] [mezz.jei.library.load.PluginCaller/]: Registering item subtypes...
[25Sep2026 23:39:22.982] [Render thread/DEBUG] [mezz.jei.library.load.PluginCallerTimerRunnable/]: Registering item subtypes: jei:minecraft...
[25Sep2026 23:39:23.003] [Render thread/INFO] [mezz.jei.library.load.PluginCallerTimerRunnable/]: Registering item subtypes: jei:minecraft took 21.00 milliseconds
[25Sep2026 23:39:23.003] [Render thread/DEBUG] [mezz.jei.library.load.PluginCallerTimerRunnable/]: Registering item subtypes: irons_spellbooks:jei_plugin...
[25Sep2026 23:39:23.012] [Render thread/DEBUG] [mezz.jei.library.load.PluginCallerTimerRunnable/]: Registering item subtypes: jade:main...
[25Sep2026 23:39:23.012] [Render thread/DEBUG] [mezz.jei.library.load.PluginCallerTimerRunnable/]: Registering item subtypes: jei:neoforge_gui...
[25Sep2026 23:39:23.012] [Render thread/DEBUG] [mezz.jei.library.load.PluginCallerTimerRunnable/]: Registering item subtypes: jei:debug...
[25Sep2026 23:39:23.012] [Render thread/DEBUG] [mezz.jei.library.load.PluginCallerTimerRunnable/]: Registering item subtypes: jei:gui...
[25Sep2026 23:39:23.013] [Render thread/DEBUG] [mezz.jei.library.load.PluginCallerTimerRunnable/]: Registering item subtypes: curios:curios...
[25Sep2026 23:39:23.013] [Render thread/DEBUG] [mezz.jei.library.load.PluginCallerTimerRunnable/]: Registering item subtypes: jei:internal...
[25Sep2026 23:39:23.014] [Render thread/INFO] [mezz.jei.library.load.PluginCaller/]: Registering item subtypes took 32.03 milliseconds
[25Sep2026 23:39:23.015] [Render thread/INFO] [mezz.jei.library.load.PluginCaller/]: Registering fluid subtypes...
[25Sep2026 23:39:23.016] [Render thread/DEBUG] [mezz.jei.library.load.PluginCallerTimerRunnable/]: Registering fluid subtypes: jei:minecraft...
[25Sep2026 23:39:23.017] [Render thread/DEBUG] [mezz.jei.library.load.PluginCallerTimerRunnable/]: Registering fluid subtypes: irons_spellbooks:jei_plugin...
[25Sep2026 23:39:23.017] [Render thread/DEBUG] [mezz.jei.library.load.PluginCallerTimerRunnable/]: Registering fluid subtypes: jade:main...
[25Sep2026 23:39:23.017] [Render thread/DEBUG] [mezz.jei.library.load.PluginCallerTimerRunnable/]: Registering fluid subtypes: jei:neoforge_gui...
[25Sep2026 23:39:23.017] [Render thread/DEBUG] [mezz.jei.library.load.PluginCallerTimerRunnable/]: Registering fluid subtypes: jei:debug...
[25Sep2026 23:39:23.021] [Render thread/DEBUG] [mezz.jei.library.load.PluginCallerTimerRunnable/]: Registering fluid subtypes: jei:gui...
[25Sep2026 23:39:23.021] [Render thread/DEBUG] [mezz.jei.library.load.PluginCallerTimerRunnable/]: Registering fluid subtypes: curios:curios...
[25Sep2026 23:39:23.022] [Render thread/DEBUG] [mezz.jei.library.load.PluginCallerTimerRunnable/]: Registering fluid subtypes: jei:internal...
[25Sep2026 23:39:23.022] [Render thread/INFO] [mezz.jei.library.load.PluginCaller/]: Registering fluid subtypes took 6.695 milliseconds
[25Sep2026 23:39:23.029] [Render thread/INFO] [mezz.jei.library.load.PluginCaller/]: Registering ingredients...
[25Sep2026 23:39:23.030] [Render thread/DEBUG] [mezz.jei.library.load.PluginCallerTimerRunnable/]: Registering ingredients: jei:minecraft...
[25Sep2026 23:39:23.128] [Render thread/DEBUG] [mezz.jei.library.plugins.vanilla.ingredients.ItemStackListFactory/]: Added  402/ 402 new items from 'Building Blocks' creative tab's displayItems
[25Sep2026 23:39:23.156] [Render thread/DEBUG] [mezz.jei.library.plugins.vanilla.ingredients.ItemStackListFactory/]: Added  198/ 198 new items from 'Colored Blocks' creative tab's displayItems
[25Sep2026 23:39:23.174] [Render thread/DEBUG] [mezz.jei.library.plugins.vanilla.ingredients.ItemStackListFactory/]: Added  203/ 228 new items from 'Natural Blocks' creative tab's displayItems
[25Sep2026 23:39:23.225] [Render thread/DEBUG] [mezz.jei.library.plugins.vanilla.ingredients.ItemStackListFactory/]: Added  150/ 237 new items from 'Functional Blocks' creative tab's displayItems
[25Sep2026 23:39:23.234] [Render thread/DEBUG] [mezz.jei.library.plugins.vanilla.ingredients.ItemStackListFactory/]: Added   29/  68 new items from 'Redstone Blocks' creative tab's displayItems
[25Sep2026 23:39:23.235] [Render thread/DEBUG] [mezz.jei.library.plugins.vanilla.ingredients.ItemStackListFactory/]: Skipping creative tab: 'Saved Hotbars' because it is type: HOTBAR
[25Sep2026 23:39:23.235] [Render thread/DEBUG] [mezz.jei.library.plugins.vanilla.ingredients.ItemStackListFactory/]: Skipping creative tab: 'Search Items' because it is type: SEARCH
[25Sep2026 23:39:23.259] [Render thread/DEBUG] [mezz.jei.library.plugins.vanilla.ingredients.ItemStackListFactory/]: Added  101/ 113 new items from 'Tools & Utilities' creative tab's displayItems
[25Sep2026 23:39:23.280] [Render thread/DEBUG] [mezz.jei.library.plugins.vanilla.ingredients.ItemStackListFactory/]: Added   97/ 109 new items from 'Combat' creative tab's displayItems
[25Sep2026 23:39:23.318] [Render thread/DEBUG] [mezz.jei.library.plugins.vanilla.ingredients.ItemStackListFactory/]: Added  202/ 205 new items from 'Food & Drinks' creative tab's displayItems
[25Sep2026 23:39:23.355] [Render thread/DEBUG] [mezz.jei.library.plugins.vanilla.ingredients.ItemStackListFactory/]: Added  172/ 186 new items from 'Ingredients' creative tab's displayItems
[25Sep2026 23:39:23.356] [Render thread/DEBUG] [mezz.jei.library.plugins.vanilla.ingredients.ItemStackListFactory/]: Added   83/ 269 new items from 'Ingredients' creative tab's searchTabDisplayItems
[25Sep2026 23:39:23.368] [Render thread/DEBUG] [mezz.jei.library.plugins.vanilla.ingredients.ItemStackListFactory/]: Added   81/  81 new items from 'Spawn Eggs' creative tab's displayItems
[25Sep2026 23:39:23.370] [Render thread/DEBUG] [mezz.jei.library.plugins.vanilla.ingredients.ItemStackListFactory/]: Item Group has no display items and no search tab display items. Items from this group will be missing from the JEI ingredient list. Operator Utilities
[25Sep2026 23:39:23.370] [Render thread/DEBUG] [mezz.jei.library.plugins.vanilla.ingredients.ItemStackListFactory/]: Skipping creative tab: 'Survival Inventory' because it is type: INVENTORY
[25Sep2026 23:39:23.379] [Render thread/DEBUG] [mezz.jei.library.plugins.vanilla.ingredients.ItemStackListFactory/]: Added  105/ 105 new items from 'Iron's Spellbooks Equipment' creative tab's displayItems
[25Sep2026 23:39:23.388] [Render thread/DEBUG] [mezz.jei.library.plugins.vanilla.ingredients.ItemStackListFactory/]: Added   94/  94 new items from 'Iron's Spellbooks Materials' creative tab's displayItems
[25Sep2026 23:39:23.391] [Render thread/DEBUG] [mezz.jei.library.plugins.vanilla.ingredients.ItemStackListFactory/]: Added    9/  22 new items from 'Iron's Spellbooks Blocks' creative tab's displayItems
[25Sep2026 23:39:23.483] [Render thread/DEBUG] [mezz.jei.library.plugins.vanilla.ingredients.ItemStackListFactory/]: Added  772/ 772 new items from 'Iron's Spellbooks Scrolls' creative tab's displayItems
[25Sep2026 23:39:23.497] [Render thread/DEBUG] [mezz.jei.library.plugins.vanilla.ingredients.ItemStackListFactory/]: Added   27/  27 new items from 'Ace's Spell Utils Example Items' creative tab's displayItems
[25Sep2026 23:39:23.499] [Render thread/DEBUG] [mezz.jei.library.plugins.vanilla.ingredients.ItemStackListFactory/]: Added   12/  12 new items from 'HazentouveLib Materials' creative tab's displayItems
[25Sep2026 23:39:23.500] [Render thread/DEBUG] [mezz.jei.library.plugins.vanilla.ingredients.ItemStackListFactory/]: Added   43/  44 new items from 'Iron's Arms 'n Artifice' creative tab's displayItems
[25Sep2026 23:39:23.503] [Render thread/DEBUG] [mezz.jei.library.plugins.vanilla.ingredients.ItemStackListFactory/]: Added   18/  18 new items from 'HAHA Items' creative tab's displayItems
[25Sep2026 23:39:23.627] [Render thread/INFO] [mezz.jei.library.load.PluginCallerTimerRunnable/]: Registering ingredients: jei:minecraft took 597.4 milliseconds
[25Sep2026 23:39:23.628] [Render thread/DEBUG] [mezz.jei.library.load.PluginCallerTimerRunnable/]: Registering ingredients: irons_spellbooks:jei_plugin...
[25Sep2026 23:39:23.628] [Render thread/DEBUG] [mezz.jei.library.load.PluginCallerTimerRunnable/]: Registering ingredients: jade:main...
[25Sep2026 23:39:23.628] [Render thread/DEBUG] [mezz.jei.library.load.PluginCallerTimerRunnable/]: Registering ingredients: jei:neoforge_gui...
[25Sep2026 23:39:23.628] [Render thread/DEBUG] [mezz.jei.library.load.PluginCallerTimerRunnable/]: Registering ingredients: jei:debug...
[25Sep2026 23:39:23.628] [Render thread/DEBUG] [mezz.jei.library.load.PluginCallerTimerRunnable/]: Registering ingredients: jei:gui...
[25Sep2026 23:39:23.629] [Render thread/DEBUG] [mezz.jei.library.load.PluginCallerTimerRunnable/]: Registering ingredients: curios:curios...
[25Sep2026 23:39:23.629] [Render thread/DEBUG] [mezz.jei.library.load.PluginCallerTimerRunnable/]: Registering ingredients: jei:internal...
[25Sep2026 23:39:23.629] [Render thread/INFO] [mezz.jei.library.load.PluginCaller/]: Registering ingredients took 600.0 milliseconds
[25Sep2026 23:39:23.630] [Render thread/INFO] [mezz.jei.library.load.PluginCaller/]: Registering extra ingredients...
[25Sep2026 23:39:23.631] [Render thread/DEBUG] [mezz.jei.library.load.PluginCallerTimerRunnable/]: Registering extra ingredients: jei:minecraft...
[25Sep2026 23:39:23.631] [Render thread/DEBUG] [mezz.jei.library.load.PluginCallerTimerRunnable/]: Registering extra ingredients: irons_spellbooks:jei_plugin...
[25Sep2026 23:39:23.631] [Render thread/DEBUG] [mezz.jei.library.load.PluginCallerTimerRunnable/]: Registering extra ingredients: jade:main...
[25Sep2026 23:39:23.632] [Render thread/DEBUG] [mezz.jei.library.load.PluginCallerTimerRunnable/]: Registering extra ingredients: jei:neoforge_gui...
[25Sep2026 23:39:23.632] [Render thread/DEBUG] [mezz.jei.library.load.PluginCallerTimerRunnable/]: Registering extra ingredients: jei:debug...
[25Sep2026 23:39:23.633] [Render thread/DEBUG] [mezz.jei.library.load.PluginCallerTimerRunnable/]: Registering extra ingredients: jei:gui...
[25Sep2026 23:39:23.634] [Render thread/DEBUG] [mezz.jei.library.load.PluginCallerTimerRunnable/]: Registering extra ingredients: curios:curios...
[25Sep2026 23:39:23.634] [Render thread/DEBUG] [mezz.jei.library.load.PluginCallerTimerRunnable/]: Registering extra ingredients: jei:internal...
[25Sep2026 23:39:23.634] [Render thread/INFO] [mezz.jei.library.load.PluginCaller/]: Registering extra ingredients took 3.278 milliseconds
[25Sep2026 23:39:23.636] [Render thread/INFO] [mezz.jei.library.load.PluginCaller/]: Registering search ingredient aliases...
[25Sep2026 23:39:23.637] [Render thread/DEBUG] [mezz.jei.library.load.PluginCallerTimerRunnable/]: Registering search ingredient aliases: jei:minecraft...
[25Sep2026 23:39:23.637] [Render thread/DEBUG] [mezz.jei.library.load.PluginCallerTimerRunnable/]: Registering search ingredient aliases: irons_spellbooks:jei_plugin...
[25Sep2026 23:39:23.637] [Render thread/DEBUG] [mezz.jei.library.load.PluginCallerTimerRunnable/]: Registering search ingredient aliases: jade:main...
[25Sep2026 23:39:23.637] [Render thread/DEBUG] [mezz.jei.library.load.PluginCallerTimerRunnable/]: Registering search ingredient aliases: jei:neoforge_gui...
[25Sep2026 23:39:23.638] [Render thread/DEBUG] [mezz.jei.library.load.PluginCallerTimerRunnable/]: Registering search ingredient aliases: jei:debug...
[25Sep2026 23:39:23.639] [Render thread/DEBUG] [mezz.jei.library.load.PluginCallerTimerRunnable/]: Registering search ingredient aliases: jei:gui...
[25Sep2026 23:39:23.639] [Render thread/DEBUG] [mezz.jei.library.load.PluginCallerTimerRunnable/]: Registering search ingredient aliases: curios:curios...
[25Sep2026 23:39:23.639] [Render thread/DEBUG] [mezz.jei.library.load.PluginCallerTimerRunnable/]: Registering search ingredient aliases: jei:internal...
[25Sep2026 23:39:23.639] [Render thread/INFO] [mezz.jei.library.load.PluginCaller/]: Registering search ingredient aliases took 3.166 milliseconds
[25Sep2026 23:39:23.718] [Render thread/INFO] [mezz.jei.library.load.PluginCaller/]: Registering Mod Info...
[25Sep2026 23:39:23.719] [Render thread/DEBUG] [mezz.jei.library.load.PluginCallerTimerRunnable/]: Registering Mod Info: jei:minecraft...
[25Sep2026 23:39:23.719] [Render thread/DEBUG] [mezz.jei.library.load.PluginCallerTimerRunnable/]: Registering Mod Info: irons_spellbooks:jei_plugin...
[25Sep2026 23:39:23.719] [Render thread/DEBUG] [mezz.jei.library.load.PluginCallerTimerRunnable/]: Registering Mod Info: jade:main...
[25Sep2026 23:39:23.719] [Render thread/DEBUG] [mezz.jei.library.load.PluginCallerTimerRunnable/]: Registering Mod Info: jei:neoforge_gui...
[25Sep2026 23:39:23.720] [Render thread/DEBUG] [mezz.jei.library.load.PluginCallerTimerRunnable/]: Registering Mod Info: jei:debug...
[25Sep2026 23:39:23.720] [Render thread/DEBUG] [mezz.jei.library.load.PluginCallerTimerRunnable/]: Registering Mod Info: jei:gui...
[25Sep2026 23:39:23.720] [Render thread/DEBUG] [mezz.jei.library.load.PluginCallerTimerRunnable/]: Registering Mod Info: curios:curios...
[25Sep2026 23:39:23.720] [Render thread/DEBUG] [mezz.jei.library.load.PluginCallerTimerRunnable/]: Registering Mod Info: jei:internal...
[25Sep2026 23:39:23.720] [Render thread/INFO] [mezz.jei.library.load.PluginCaller/]: Registering Mod Info took 2.324 milliseconds
[25Sep2026 23:39:23.786] [Render thread/INFO] [mezz.jei.library.load.PluginCaller/]: Registering categories...
[25Sep2026 23:39:23.787] [Render thread/DEBUG] [mezz.jei.library.load.PluginCallerTimerRunnable/]: Registering categories: jei:minecraft...
[25Sep2026 23:39:23.927] [Render thread/INFO] [mezz.jei.library.load.PluginCallerTimerRunnable/]: Registering categories: jei:minecraft took 139.4 milliseconds
[25Sep2026 23:39:23.928] [Render thread/DEBUG] [mezz.jei.library.load.PluginCallerTimerRunnable/]: Registering categories: irons_spellbooks:jei_plugin...
[25Sep2026 23:39:23.947] [Render thread/INFO] [mezz.jei.library.load.PluginCallerTimerRunnable/]: Registering categories: irons_spellbooks:jei_plugin took 18.51 milliseconds
[25Sep2026 23:39:23.947] [Render thread/DEBUG] [mezz.jei.library.load.PluginCallerTimerRunnable/]: Registering categories: jade:main...
[25Sep2026 23:39:23.947] [Render thread/DEBUG] [mezz.jei.library.load.PluginCallerTimerRunnable/]: Registering categories: jei:neoforge_gui...
[25Sep2026 23:39:23.947] [Render thread/DEBUG] [mezz.jei.library.load.PluginCallerTimerRunnable/]: Registering categories: jei:debug...
[25Sep2026 23:39:23.948] [Render thread/DEBUG] [mezz.jei.library.load.PluginCallerTimerRunnable/]: Registering categories: jei:gui...
[25Sep2026 23:39:23.948] [Render thread/DEBUG] [mezz.jei.library.load.PluginCallerTimerRunnable/]: Registering categories: curios:curios...
[25Sep2026 23:39:23.948] [Render thread/DEBUG] [mezz.jei.library.load.PluginCallerTimerRunnable/]: Registering categories: jei:internal...
[25Sep2026 23:39:23.965] [Render thread/INFO] [mezz.jei.library.load.PluginCallerTimerRunnable/]: Registering categories: jei:internal took 17.65 milliseconds
[25Sep2026 23:39:23.966] [Render thread/INFO] [mezz.jei.library.load.PluginCaller/]: Registering categories took 179.0 milliseconds
[25Sep2026 23:39:23.969] [Render thread/INFO] [mezz.jei.library.load.PluginCaller/]: Registering vanilla category extensions...
[25Sep2026 23:39:23.970] [Render thread/DEBUG] [mezz.jei.library.load.PluginCallerTimerRunnable/]: Registering vanilla category extensions: jei:minecraft...
[25Sep2026 23:39:23.979] [Render thread/DEBUG] [mezz.jei.library.load.PluginCallerTimerRunnable/]: Registering vanilla category extensions: irons_spellbooks:jei_plugin...
[25Sep2026 23:39:23.981] [Render thread/DEBUG] [mezz.jei.library.load.PluginCallerTimerRunnable/]: Registering vanilla category extensions: jade:main...
[25Sep2026 23:39:23.982] [Render thread/DEBUG] [mezz.jei.library.load.PluginCallerTimerRunnable/]: Registering vanilla category extensions: jei:neoforge_gui...
[25Sep2026 23:39:23.982] [Render thread/DEBUG] [mezz.jei.library.load.PluginCallerTimerRunnable/]: Registering vanilla category extensions: jei:debug...
[25Sep2026 23:39:23.982] [Render thread/DEBUG] [mezz.jei.library.load.PluginCallerTimerRunnable/]: Registering vanilla category extensions: jei:gui...
[25Sep2026 23:39:23.982] [Render thread/DEBUG] [mezz.jei.library.load.PluginCallerTimerRunnable/]: Registering vanilla category extensions: curios:curios...
[25Sep2026 23:39:23.982] [Render thread/DEBUG] [mezz.jei.library.load.PluginCallerTimerRunnable/]: Registering vanilla category extensions: jei:internal...
[25Sep2026 23:39:23.982] [Render thread/INFO] [mezz.jei.library.load.PluginCaller/]: Registering vanilla category extensions took 12.65 milliseconds
[25Sep2026 23:39:23.985] [Render thread/INFO] [mezz.jei.library.load.PluginCaller/]: Registering recipe catalysts...
[25Sep2026 23:39:23.986] [Render thread/DEBUG] [mezz.jei.library.load.PluginCallerTimerRunnable/]: Registering recipe catalysts: jei:minecraft...
[25Sep2026 23:39:23.988] [Render thread/DEBUG] [mezz.jei.library.load.PluginCallerTimerRunnable/]: Registering recipe catalysts: irons_spellbooks:jei_plugin...
[25Sep2026 23:39:23.989] [Render thread/DEBUG] [mezz.jei.library.load.PluginCallerTimerRunnable/]: Registering recipe catalysts: jade:main...
[25Sep2026 23:39:23.989] [Render thread/DEBUG] [mezz.jei.library.load.PluginCallerTimerRunnable/]: Registering recipe catalysts: jei:neoforge_gui...
[25Sep2026 23:39:23.989] [Render thread/DEBUG] [mezz.jei.library.load.PluginCallerTimerRunnable/]: Registering recipe catalysts: jei:debug...
[25Sep2026 23:39:23.989] [Render thread/DEBUG] [mezz.jei.library.load.PluginCallerTimerRunnable/]: Registering recipe catalysts: jei:gui...
[25Sep2026 23:39:23.989] [Render thread/DEBUG] [mezz.jei.library.load.PluginCallerTimerRunnable/]: Registering recipe catalysts: curios:curios...
[25Sep2026 23:39:23.989] [Render thread/DEBUG] [mezz.jei.library.load.PluginCallerTimerRunnable/]: Registering recipe catalysts: jei:internal...
[25Sep2026 23:39:23.990] [Render thread/INFO] [mezz.jei.library.load.PluginCaller/]: Registering recipe catalysts took 3.947 milliseconds
[25Sep2026 23:39:23.991] [Render thread/INFO] [mezz.jei.core.util.LoggedTimer/]: Building recipe registry...
[25Sep2026 23:39:24.261] [Render thread/INFO] [mezz.jei.core.util.LoggedTimer/]: Building recipe registry took 269.7 milliseconds
[25Sep2026 23:39:24.265] [Render thread/INFO] [mezz.jei.library.load.PluginCaller/]: Registering advanced plugins...
[25Sep2026 23:39:24.266] [Render thread/DEBUG] [mezz.jei.library.load.PluginCallerTimerRunnable/]: Registering advanced plugins: jei:minecraft...
[25Sep2026 23:39:24.268] [Render thread/DEBUG] [mezz.jei.library.load.PluginCallerTimerRunnable/]: Registering advanced plugins: irons_spellbooks:jei_plugin...
[25Sep2026 23:39:24.272] [Render thread/INFO] [mezz.jei.library.load.registration.AdvancedRegistration/]: Added typed recipe manager plugin: class io.redspace.ironsspellbooks.jei.AlchemistCauldronAdvancedHandler
[25Sep2026 23:39:24.272] [Render thread/DEBUG] [mezz.jei.library.load.PluginCallerTimerRunnable/]: Registering advanced plugins: jade:main...
[25Sep2026 23:39:24.272] [Render thread/DEBUG] [mezz.jei.library.load.PluginCallerTimerRunnable/]: Registering advanced plugins: jei:neoforge_gui...
[25Sep2026 23:39:24.272] [Render thread/DEBUG] [mezz.jei.library.load.PluginCallerTimerRunnable/]: Registering advanced plugins: jei:debug...
[25Sep2026 23:39:24.272] [Render thread/DEBUG] [mezz.jei.library.load.PluginCallerTimerRunnable/]: Registering advanced plugins: jei:gui...
[25Sep2026 23:39:24.272] [Render thread/DEBUG] [mezz.jei.library.load.PluginCallerTimerRunnable/]: Registering advanced plugins: curios:curios...
[25Sep2026 23:39:24.272] [Render thread/DEBUG] [mezz.jei.library.load.PluginCallerTimerRunnable/]: Registering advanced plugins: jei:internal...
[25Sep2026 23:39:24.272] [Render thread/INFO] [mezz.jei.library.load.PluginCaller/]: Registering advanced plugins took 6.901 milliseconds
[25Sep2026 23:39:24.276] [Render thread/INFO] [mezz.jei.library.load.PluginCaller/]: Registering recipes...
[25Sep2026 23:39:24.277] [Render thread/DEBUG] [mezz.jei.library.load.PluginCallerTimerRunnable/]: Registering recipes: jei:minecraft...
[25Sep2026 23:39:24.351] [Render thread/DEBUG] [mezz.jei.library.recipes.RecipeManagerInternal/]: Adding recipes: RecipeType[uid=minecraft:crafting, recipeClass=class net.minecraft.world.item.crafting.RecipeHolder]
[25Sep2026 23:39:24.504] [Render thread/DEBUG] [mezz.jei.library.recipes.RecipeManagerInternal/]: Adding recipes: RecipeType[uid=minecraft:crafting, recipeClass=class net.minecraft.world.item.crafting.RecipeHolder]
[25Sep2026 23:39:24.518] [Render thread/DEBUG] [mezz.jei.library.recipes.RecipeManagerInternal/]: Adding recipes: RecipeType[uid=minecraft:stonecutting, recipeClass=class net.minecraft.world.item.crafting.RecipeHolder]
[25Sep2026 23:39:24.525] [Render thread/DEBUG] [mezz.jei.library.recipes.RecipeManagerInternal/]: Adding recipes: RecipeType[uid=minecraft:smelting, recipeClass=class net.minecraft.world.item.crafting.RecipeHolder]
[25Sep2026 23:39:24.528] [Render thread/DEBUG] [mezz.jei.library.recipes.RecipeManagerInternal/]: Adding recipes: RecipeType[uid=minecraft:smoking, recipeClass=class net.minecraft.world.item.crafting.RecipeHolder]
[25Sep2026 23:39:24.529] [Render thread/DEBUG] [mezz.jei.library.recipes.RecipeManagerInternal/]: Adding recipes: RecipeType[uid=minecraft:blasting, recipeClass=class net.minecraft.world.item.crafting.RecipeHolder]
[25Sep2026 23:39:24.530] [Render thread/DEBUG] [mezz.jei.library.recipes.RecipeManagerInternal/]: Adding recipes: RecipeType[uid=minecraft:campfire_cooking, recipeClass=class net.minecraft.world.item.crafting.RecipeHolder]
[25Sep2026 23:39:24.602] [Render thread/DEBUG] [mezz.jei.library.recipes.RecipeManagerInternal/]: Adding recipes: RecipeType[uid=minecraft:fuel, recipeClass=interface mezz.jei.api.recipe.vanilla.IJeiFuelingRecipe]
[25Sep2026 23:39:24.692] [Render thread/DEBUG] [mezz.jei.library.recipes.RecipeManagerInternal/]: Adding recipes: RecipeType[uid=minecraft:anvil, recipeClass=interface mezz.jei.api.recipe.vanilla.IJeiAnvilRecipe]
[25Sep2026 23:39:24.852] [Render thread/DEBUG] [mezz.jei.library.recipes.RecipeManagerInternal/]: Adding recipes: RecipeType[uid=minecraft:smithing, recipeClass=class net.minecraft.world.item.crafting.RecipeHolder]
[25Sep2026 23:39:24.910] [Render thread/DEBUG] [mezz.jei.library.recipes.RecipeManagerInternal/]: Adding recipes: RecipeType[uid=minecraft:compostable, recipeClass=interface mezz.jei.api.recipe.vanilla.IJeiCompostingRecipe]
[25Sep2026 23:39:25.092] [Render thread/DEBUG] [mezz.jei.library.recipes.RecipeManagerInternal/]: Adding recipes: RecipeType[uid=minecraft:brewing, recipeClass=interface mezz.jei.api.recipe.vanilla.IJeiBrewingRecipe]
[25Sep2026 23:39:25.135] [JEI Deduplicating Run Executor 0/DEBUG] [mezz.jei.common.config.file.ConfigSerializer/]: Saving config file: D:\Hazens InteliJ\HAHA-1.21.1\run\config\jei\jei-client.ini
[25Sep2026 23:39:25.148] [JEI Deduplicating Run Executor 0/DEBUG] [mezz.jei.common.config.file.ConfigSerializer/]: Saving config file: D:\Hazens InteliJ\HAHA-1.21.1\run\config\jei\jei-debug.ini
[25Sep2026 23:39:25.156] [JEI Deduplicating Run Executor 0/DEBUG] [mezz.jei.common.config.file.ConfigSerializer/]: Saving config file: D:\Hazens InteliJ\HAHA-1.21.1\run\config\jei\jei-mod-id-format.ini
[25Sep2026 23:39:25.163] [JEI Deduplicating Run Executor 0/DEBUG] [mezz.jei.common.config.file.ConfigSerializer/]: Saving config file: D:\Hazens InteliJ\HAHA-1.21.1\run\config\jei\jei-colors.ini
[25Sep2026 23:39:25.797] [JEI Config File Watcher/DEBUG] [mezz.jei.common.config.file.FileWatcherThread/]: Detected changes in files:
D:\Hazens InteliJ\HAHA-1.21.1\run\config\jei\jei-client.ini
D:\Hazens InteliJ\HAHA-1.21.1\run\config\jei\jei-debug.ini
D:\Hazens InteliJ\HAHA-1.21.1\run\config\jei\jei-mod-id-format.ini
D:\Hazens InteliJ\HAHA-1.21.1\run\config\jei\jei-colors.ini
[25Sep2026 23:39:27.177] [Render thread/DEBUG] [mezz.jei.library.recipes.RecipeManagerInternal/]: Adding recipes: RecipeType[uid=minecraft:grindstone, recipeClass=interface mezz.jei.api.recipe.vanilla.IJeiGrindstoneRecipe]
[25Sep2026 23:39:27.241] [Render thread/INFO] [mezz.jei.library.load.PluginCallerTimerRunnable/]: Registering recipes: jei:minecraft took 2.965 seconds
[25Sep2026 23:39:27.242] [Render thread/DEBUG] [mezz.jei.library.load.PluginCallerTimerRunnable/]: Registering recipes: irons_spellbooks:jei_plugin...
[25Sep2026 23:39:27.287] [Render thread/DEBUG] [mezz.jei.library.recipes.RecipeManagerInternal/]: Adding recipes: RecipeType[uid=irons_spellbooks:arcane_anvil, recipeClass=class io.redspace.ironsspellbooks.jei.ArcaneAnvilJeiRecipe]
[25Sep2026 23:39:28.629] [Render thread/DEBUG] [mezz.jei.library.recipes.RecipeManagerInternal/]: Adding recipes: RecipeType[uid=irons_spellbooks:scroll_forge, recipeClass=class io.redspace.ironsspellbooks.jei.ScrollForgeRecipe]
[25Sep2026 23:39:28.760] [Render thread/DEBUG] [mezz.jei.library.recipes.RecipeManagerInternal/]: Adding recipes: RecipeType[uid=irons_spellbooks:alchemist_cauldron, recipeClass=class io.redspace.ironsspellbooks.jei.AlchemistCauldronJeiRecipe]
[25Sep2026 23:39:28.868] [Render thread/DEBUG] [mezz.jei.library.recipes.RecipeManagerInternal/]: Adding recipes: RecipeType[uid=minecraft:anvil, recipeClass=interface mezz.jei.api.recipe.vanilla.IJeiAnvilRecipe]
[25Sep2026 23:39:28.888] [Render thread/DEBUG] [mezz.jei.library.recipes.RecipeManagerInternal/]: Adding recipes: RecipeType[uid=jei:information, recipeClass=interface mezz.jei.api.recipe.vanilla.IJeiIngredientInfoRecipe]
[25Sep2026 23:39:28.897] [Render thread/DEBUG] [mezz.jei.library.recipes.RecipeManagerInternal/]: Adding recipes: RecipeType[uid=jei:information, recipeClass=interface mezz.jei.api.recipe.vanilla.IJeiIngredientInfoRecipe]
[25Sep2026 23:39:28.898] [Render thread/DEBUG] [mezz.jei.library.recipes.RecipeManagerInternal/]: Adding recipes: RecipeType[uid=jei:information, recipeClass=interface mezz.jei.api.recipe.vanilla.IJeiIngredientInfoRecipe]
[25Sep2026 23:39:28.899] [Render thread/DEBUG] [mezz.jei.library.recipes.RecipeManagerInternal/]: Adding recipes: RecipeType[uid=jei:information, recipeClass=interface mezz.jei.api.recipe.vanilla.IJeiIngredientInfoRecipe]
[25Sep2026 23:39:28.900] [Render thread/DEBUG] [mezz.jei.library.recipes.RecipeManagerInternal/]: Adding recipes: RecipeType[uid=jei:information, recipeClass=interface mezz.jei.api.recipe.vanilla.IJeiIngredientInfoRecipe]
[25Sep2026 23:39:28.901] [Render thread/DEBUG] [mezz.jei.library.recipes.RecipeManagerInternal/]: Adding recipes: RecipeType[uid=jei:information, recipeClass=interface mezz.jei.api.recipe.vanilla.IJeiIngredientInfoRecipe]
[25Sep2026 23:39:28.902] [Render thread/DEBUG] [mezz.jei.library.recipes.RecipeManagerInternal/]: Adding recipes: RecipeType[uid=jei:information, recipeClass=interface mezz.jei.api.recipe.vanilla.IJeiIngredientInfoRecipe]
[25Sep2026 23:39:28.902] [Render thread/DEBUG] [mezz.jei.library.recipes.RecipeManagerInternal/]: Adding recipes: RecipeType[uid=jei:information, recipeClass=interface mezz.jei.api.recipe.vanilla.IJeiIngredientInfoRecipe]
[25Sep2026 23:39:28.904] [Render thread/DEBUG] [mezz.jei.library.recipes.RecipeManagerInternal/]: Adding recipes: RecipeType[uid=jei:information, recipeClass=interface mezz.jei.api.recipe.vanilla.IJeiIngredientInfoRecipe]
[25Sep2026 23:39:28.905] [Render thread/DEBUG] [mezz.jei.library.recipes.RecipeManagerInternal/]: Adding recipes: RecipeType[uid=jei:information, recipeClass=interface mezz.jei.api.recipe.vanilla.IJeiIngredientInfoRecipe]
[25Sep2026 23:39:28.906] [Render thread/DEBUG] [mezz.jei.library.recipes.RecipeManagerInternal/]: Adding recipes: RecipeType[uid=jei:information, recipeClass=interface mezz.jei.api.recipe.vanilla.IJeiIngredientInfoRecipe]
[25Sep2026 23:39:28.907] [Render thread/DEBUG] [mezz.jei.library.recipes.RecipeManagerInternal/]: Adding recipes: RecipeType[uid=jei:information, recipeClass=interface mezz.jei.api.recipe.vanilla.IJeiIngredientInfoRecipe]
[25Sep2026 23:39:28.908] [Render thread/DEBUG] [mezz.jei.library.recipes.RecipeManagerInternal/]: Adding recipes: RecipeType[uid=jei:information, recipeClass=interface mezz.jei.api.recipe.vanilla.IJeiIngredientInfoRecipe]
[25Sep2026 23:39:28.908] [Render thread/DEBUG] [mezz.jei.library.recipes.RecipeManagerInternal/]: Adding recipes: RecipeType[uid=jei:information, recipeClass=interface mezz.jei.api.recipe.vanilla.IJeiIngredientInfoRecipe]
[25Sep2026 23:39:28.910] [Render thread/DEBUG] [mezz.jei.library.recipes.RecipeManagerInternal/]: Adding recipes: RecipeType[uid=jei:information, recipeClass=interface mezz.jei.api.recipe.vanilla.IJeiIngredientInfoRecipe]
[25Sep2026 23:39:28.911] [Render thread/DEBUG] [mezz.jei.library.recipes.RecipeManagerInternal/]: Adding recipes: RecipeType[uid=jei:information, recipeClass=interface mezz.jei.api.recipe.vanilla.IJeiIngredientInfoRecipe]
[25Sep2026 23:39:28.912] [Render thread/DEBUG] [mezz.jei.library.recipes.RecipeManagerInternal/]: Adding recipes: RecipeType[uid=jei:information, recipeClass=interface mezz.jei.api.recipe.vanilla.IJeiIngredientInfoRecipe]
[25Sep2026 23:39:28.916] [Render thread/DEBUG] [mezz.jei.library.recipes.RecipeManagerInternal/]: Adding recipes: RecipeType[uid=jei:information, recipeClass=interface mezz.jei.api.recipe.vanilla.IJeiIngredientInfoRecipe]
[25Sep2026 23:39:28.918] [Render thread/DEBUG] [mezz.jei.library.recipes.RecipeManagerInternal/]: Adding recipes: RecipeType[uid=jei:information, recipeClass=interface mezz.jei.api.recipe.vanilla.IJeiIngredientInfoRecipe]
[25Sep2026 23:39:28.918] [Render thread/DEBUG] [mezz.jei.library.recipes.RecipeManagerInternal/]: Adding recipes: RecipeType[uid=jei:information, recipeClass=interface mezz.jei.api.recipe.vanilla.IJeiIngredientInfoRecipe]
[25Sep2026 23:39:28.919] [Render thread/DEBUG] [mezz.jei.library.recipes.RecipeManagerInternal/]: Adding recipes: RecipeType[uid=jei:information, recipeClass=interface mezz.jei.api.recipe.vanilla.IJeiIngredientInfoRecipe]
[25Sep2026 23:39:28.920] [Render thread/DEBUG] [mezz.jei.library.recipes.RecipeManagerInternal/]: Adding recipes: RecipeType[uid=jei:information, recipeClass=interface mezz.jei.api.recipe.vanilla.IJeiIngredientInfoRecipe]
[25Sep2026 23:39:28.921] [Render thread/DEBUG] [mezz.jei.library.recipes.RecipeManagerInternal/]: Adding recipes: RecipeType[uid=jei:information, recipeClass=interface mezz.jei.api.recipe.vanilla.IJeiIngredientInfoRecipe]
[25Sep2026 23:39:28.922] [Render thread/DEBUG] [mezz.jei.library.recipes.RecipeManagerInternal/]: Adding recipes: RecipeType[uid=jei:information, recipeClass=interface mezz.jei.api.recipe.vanilla.IJeiIngredientInfoRecipe]
[25Sep2026 23:39:28.923] [Render thread/DEBUG] [mezz.jei.library.recipes.RecipeManagerInternal/]: Adding recipes: RecipeType[uid=jei:information, recipeClass=interface mezz.jei.api.recipe.vanilla.IJeiIngredientInfoRecipe]
[25Sep2026 23:39:28.924] [Render thread/DEBUG] [mezz.jei.library.recipes.RecipeManagerInternal/]: Adding recipes: RecipeType[uid=jei:information, recipeClass=interface mezz.jei.api.recipe.vanilla.IJeiIngredientInfoRecipe]
[25Sep2026 23:39:28.925] [Render thread/DEBUG] [mezz.jei.library.recipes.RecipeManagerInternal/]: Adding recipes: RecipeType[uid=jei:information, recipeClass=interface mezz.jei.api.recipe.vanilla.IJeiIngredientInfoRecipe]
[25Sep2026 23:39:28.926] [Render thread/DEBUG] [mezz.jei.library.recipes.RecipeManagerInternal/]: Adding recipes: RecipeType[uid=jei:information, recipeClass=interface mezz.jei.api.recipe.vanilla.IJeiIngredientInfoRecipe]
[25Sep2026 23:39:28.927] [Render thread/DEBUG] [mezz.jei.library.recipes.RecipeManagerInternal/]: Adding recipes: RecipeType[uid=jei:information, recipeClass=interface mezz.jei.api.recipe.vanilla.IJeiIngredientInfoRecipe]
[25Sep2026 23:39:28.928] [Render thread/DEBUG] [mezz.jei.library.recipes.RecipeManagerInternal/]: Adding recipes: RecipeType[uid=jei:information, recipeClass=interface mezz.jei.api.recipe.vanilla.IJeiIngredientInfoRecipe]
[25Sep2026 23:39:28.929] [Render thread/DEBUG] [mezz.jei.library.recipes.RecipeManagerInternal/]: Adding recipes: RecipeType[uid=jei:information, recipeClass=interface mezz.jei.api.recipe.vanilla.IJeiIngredientInfoRecipe]
[25Sep2026 23:39:28.930] [Render thread/DEBUG] [mezz.jei.library.recipes.RecipeManagerInternal/]: Adding recipes: RecipeType[uid=jei:information, recipeClass=interface mezz.jei.api.recipe.vanilla.IJeiIngredientInfoRecipe]
[25Sep2026 23:39:28.931] [Render thread/DEBUG] [mezz.jei.library.recipes.RecipeManagerInternal/]: Adding recipes: RecipeType[uid=jei:information, recipeClass=interface mezz.jei.api.recipe.vanilla.IJeiIngredientInfoRecipe]
[25Sep2026 23:39:28.932] [Render thread/DEBUG] [mezz.jei.library.recipes.RecipeManagerInternal/]: Adding recipes: RecipeType[uid=jei:information, recipeClass=interface mezz.jei.api.recipe.vanilla.IJeiIngredientInfoRecipe]
[25Sep2026 23:39:28.932] [Render thread/DEBUG] [mezz.jei.library.recipes.RecipeManagerInternal/]: Adding recipes: RecipeType[uid=jei:information, recipeClass=interface mezz.jei.api.recipe.vanilla.IJeiIngredientInfoRecipe]
[25Sep2026 23:39:28.936] [Render thread/DEBUG] [mezz.jei.library.recipes.RecipeManagerInternal/]: Adding recipes: RecipeType[uid=jei:information, recipeClass=interface mezz.jei.api.recipe.vanilla.IJeiIngredientInfoRecipe]
[25Sep2026 23:39:28.936] [Render thread/DEBUG] [mezz.jei.library.recipes.RecipeManagerInternal/]: Adding recipes: RecipeType[uid=jei:information, recipeClass=interface mezz.jei.api.recipe.vanilla.IJeiIngredientInfoRecipe]
[25Sep2026 23:39:28.937] [Render thread/DEBUG] [mezz.jei.library.recipes.RecipeManagerInternal/]: Adding recipes: RecipeType[uid=jei:information, recipeClass=interface mezz.jei.api.recipe.vanilla.IJeiIngredientInfoRecipe]
[25Sep2026 23:39:28.938] [Render thread/DEBUG] [mezz.jei.library.recipes.RecipeManagerInternal/]: Adding recipes: RecipeType[uid=jei:information, recipeClass=interface mezz.jei.api.recipe.vanilla.IJeiIngredientInfoRecipe]
[25Sep2026 23:39:28.939] [Render thread/DEBUG] [mezz.jei.library.recipes.RecipeManagerInternal/]: Adding recipes: RecipeType[uid=jei:information, recipeClass=interface mezz.jei.api.recipe.vanilla.IJeiIngredientInfoRecipe]
[25Sep2026 23:39:28.940] [Render thread/DEBUG] [mezz.jei.library.recipes.RecipeManagerInternal/]: Adding recipes: RecipeType[uid=jei:information, recipeClass=interface mezz.jei.api.recipe.vanilla.IJeiIngredientInfoRecipe]
[25Sep2026 23:39:28.941] [Render thread/DEBUG] [mezz.jei.library.recipes.RecipeManagerInternal/]: Adding recipes: RecipeType[uid=jei:information, recipeClass=interface mezz.jei.api.recipe.vanilla.IJeiIngredientInfoRecipe]
[25Sep2026 23:39:28.941] [Render thread/DEBUG] [mezz.jei.library.recipes.RecipeManagerInternal/]: Adding recipes: RecipeType[uid=jei:information, recipeClass=interface mezz.jei.api.recipe.vanilla.IJeiIngredientInfoRecipe]
[25Sep2026 23:39:28.942] [Render thread/DEBUG] [mezz.jei.library.recipes.RecipeManagerInternal/]: Adding recipes: RecipeType[uid=jei:information, recipeClass=interface mezz.jei.api.recipe.vanilla.IJeiIngredientInfoRecipe]
[25Sep2026 23:39:28.943] [Render thread/DEBUG] [mezz.jei.library.recipes.RecipeManagerInternal/]: Adding recipes: RecipeType[uid=jei:information, recipeClass=interface mezz.jei.api.recipe.vanilla.IJeiIngredientInfoRecipe]
[25Sep2026 23:39:28.944] [Render thread/DEBUG] [mezz.jei.library.recipes.RecipeManagerInternal/]: Adding recipes: RecipeType[uid=jei:information, recipeClass=interface mezz.jei.api.recipe.vanilla.IJeiIngredientInfoRecipe]
[25Sep2026 23:39:29.503] [Render thread/DEBUG] [mezz.jei.library.recipes.RecipeManagerInternal/]: Adding recipes: RecipeType[uid=jei:information, recipeClass=interface mezz.jei.api.recipe.vanilla.IJeiIngredientInfoRecipe]
[25Sep2026 23:39:29.505] [Render thread/DEBUG] [mezz.jei.library.recipes.RecipeManagerInternal/]: Adding recipes: RecipeType[uid=jei:information, recipeClass=interface mezz.jei.api.recipe.vanilla.IJeiIngredientInfoRecipe]
[25Sep2026 23:39:29.506] [Render thread/DEBUG] [mezz.jei.library.recipes.RecipeManagerInternal/]: Adding recipes: RecipeType[uid=jei:information, recipeClass=interface mezz.jei.api.recipe.vanilla.IJeiIngredientInfoRecipe]
[25Sep2026 23:39:29.506] [Render thread/DEBUG] [mezz.jei.library.recipes.RecipeManagerInternal/]: Adding recipes: RecipeType[uid=jei:information, recipeClass=interface mezz.jei.api.recipe.vanilla.IJeiIngredientInfoRecipe]
[25Sep2026 23:39:29.507] [Render thread/DEBUG] [mezz.jei.library.recipes.RecipeManagerInternal/]: Adding recipes: RecipeType[uid=jei:information, recipeClass=interface mezz.jei.api.recipe.vanilla.IJeiIngredientInfoRecipe]
[25Sep2026 23:39:29.508] [Render thread/DEBUG] [mezz.jei.library.recipes.RecipeManagerInternal/]: Adding recipes: RecipeType[uid=jei:information, recipeClass=interface mezz.jei.api.recipe.vanilla.IJeiIngredientInfoRecipe]
[25Sep2026 23:39:29.508] [Render thread/DEBUG] [mezz.jei.library.recipes.RecipeManagerInternal/]: Adding recipes: RecipeType[uid=jei:information, recipeClass=interface mezz.jei.api.recipe.vanilla.IJeiIngredientInfoRecipe]
[25Sep2026 23:39:29.510] [Render thread/DEBUG] [mezz.jei.library.recipes.RecipeManagerInternal/]: Adding recipes: RecipeType[uid=jei:information, recipeClass=interface mezz.jei.api.recipe.vanilla.IJeiIngredientInfoRecipe]
[25Sep2026 23:39:29.511] [Render thread/DEBUG] [mezz.jei.library.recipes.RecipeManagerInternal/]: Adding recipes: RecipeType[uid=jei:information, recipeClass=interface mezz.jei.api.recipe.vanilla.IJeiIngredientInfoRecipe]
[25Sep2026 23:39:29.511] [Render thread/DEBUG] [mezz.jei.library.recipes.RecipeManagerInternal/]: Adding recipes: RecipeType[uid=jei:information, recipeClass=interface mezz.jei.api.recipe.vanilla.IJeiIngredientInfoRecipe]
[25Sep2026 23:39:29.512] [Render thread/DEBUG] [mezz.jei.library.recipes.RecipeManagerInternal/]: Adding recipes: RecipeType[uid=jei:information, recipeClass=interface mezz.jei.api.recipe.vanilla.IJeiIngredientInfoRecipe]
[25Sep2026 23:39:29.512] [Render thread/DEBUG] [mezz.jei.library.recipes.RecipeManagerInternal/]: Adding recipes: RecipeType[uid=jei:information, recipeClass=interface mezz.jei.api.recipe.vanilla.IJeiIngredientInfoRecipe]
[25Sep2026 23:39:29.515] [Render thread/DEBUG] [mezz.jei.library.recipes.RecipeManagerInternal/]: Adding recipes: RecipeType[uid=jei:information, recipeClass=interface mezz.jei.api.recipe.vanilla.IJeiIngredientInfoRecipe]
[25Sep2026 23:39:29.515] [Render thread/DEBUG] [mezz.jei.library.recipes.RecipeManagerInternal/]: Adding recipes: RecipeType[uid=jei:information, recipeClass=interface mezz.jei.api.recipe.vanilla.IJeiIngredientInfoRecipe]
[25Sep2026 23:39:29.516] [Render thread/DEBUG] [mezz.jei.library.recipes.RecipeManagerInternal/]: Adding recipes: RecipeType[uid=jei:information, recipeClass=interface mezz.jei.api.recipe.vanilla.IJeiIngredientInfoRecipe]
[25Sep2026 23:39:29.517] [Render thread/DEBUG] [mezz.jei.library.recipes.RecipeManagerInternal/]: Adding recipes: RecipeType[uid=jei:information, recipeClass=interface mezz.jei.api.recipe.vanilla.IJeiIngredientInfoRecipe]
[25Sep2026 23:39:29.518] [Render thread/DEBUG] [mezz.jei.library.recipes.RecipeManagerInternal/]: Adding recipes: RecipeType[uid=jei:information, recipeClass=interface mezz.jei.api.recipe.vanilla.IJeiIngredientInfoRecipe]
[25Sep2026 23:39:29.519] [Render thread/DEBUG] [mezz.jei.library.recipes.RecipeManagerInternal/]: Adding recipes: RecipeType[uid=jei:information, recipeClass=interface mezz.jei.api.recipe.vanilla.IJeiIngredientInfoRecipe]
[25Sep2026 23:39:29.520] [Render thread/DEBUG] [mezz.jei.library.recipes.RecipeManagerInternal/]: Adding recipes: RecipeType[uid=jei:information, recipeClass=interface mezz.jei.api.recipe.vanilla.IJeiIngredientInfoRecipe]
[25Sep2026 23:39:29.520] [Render thread/DEBUG] [mezz.jei.library.recipes.RecipeManagerInternal/]: Adding recipes: RecipeType[uid=jei:information, recipeClass=interface mezz.jei.api.recipe.vanilla.IJeiIngredientInfoRecipe]
[25Sep2026 23:39:29.521] [Render thread/DEBUG] [mezz.jei.library.recipes.RecipeManagerInternal/]: Adding recipes: RecipeType[uid=jei:information, recipeClass=interface mezz.jei.api.recipe.vanilla.IJeiIngredientInfoRecipe]
[25Sep2026 23:39:29.522] [Render thread/DEBUG] [mezz.jei.library.recipes.RecipeManagerInternal/]: Adding recipes: RecipeType[uid=jei:information, recipeClass=interface mezz.jei.api.recipe.vanilla.IJeiIngredientInfoRecipe]
[25Sep2026 23:39:29.802] [Render thread/DEBUG] [mezz.jei.library.recipes.RecipeManagerInternal/]: Adding recipes: RecipeType[uid=jei:information, recipeClass=interface mezz.jei.api.recipe.vanilla.IJeiIngredientInfoRecipe]
[25Sep2026 23:39:29.804] [Render thread/DEBUG] [mezz.jei.library.recipes.RecipeManagerInternal/]: Adding recipes: RecipeType[uid=jei:information, recipeClass=interface mezz.jei.api.recipe.vanilla.IJeiIngredientInfoRecipe]
[25Sep2026 23:39:29.805] [Render thread/DEBUG] [mezz.jei.library.recipes.RecipeManagerInternal/]: Adding recipes: RecipeType[uid=jei:information, recipeClass=interface mezz.jei.api.recipe.vanilla.IJeiIngredientInfoRecipe]
[25Sep2026 23:39:29.806] [Render thread/DEBUG] [mezz.jei.library.recipes.RecipeManagerInternal/]: Adding recipes: RecipeType[uid=jei:information, recipeClass=interface mezz.jei.api.recipe.vanilla.IJeiIngredientInfoRecipe]
[25Sep2026 23:39:29.807] [Render thread/DEBUG] [mezz.jei.library.recipes.RecipeManagerInternal/]: Adding recipes: RecipeType[uid=jei:information, recipeClass=interface mezz.jei.api.recipe.vanilla.IJeiIngredientInfoRecipe]
[25Sep2026 23:39:29.807] [Render thread/DEBUG] [mezz.jei.library.recipes.RecipeManagerInternal/]: Adding recipes: RecipeType[uid=jei:information, recipeClass=interface mezz.jei.api.recipe.vanilla.IJeiIngredientInfoRecipe]
[25Sep2026 23:39:29.808] [Render thread/DEBUG] [mezz.jei.library.recipes.RecipeManagerInternal/]: Adding recipes: RecipeType[uid=jei:information, recipeClass=interface mezz.jei.api.recipe.vanilla.IJeiIngredientInfoRecipe]
[25Sep2026 23:39:29.809] [Render thread/DEBUG] [mezz.jei.library.recipes.RecipeManagerInternal/]: Adding recipes: RecipeType[uid=jei:information, recipeClass=interface mezz.jei.api.recipe.vanilla.IJeiIngredientInfoRecipe]
[25Sep2026 23:39:29.809] [Render thread/DEBUG] [mezz.jei.library.recipes.RecipeManagerInternal/]: Adding recipes: RecipeType[uid=jei:information, recipeClass=interface mezz.jei.api.recipe.vanilla.IJeiIngredientInfoRecipe]
[25Sep2026 23:39:29.810] [Render thread/DEBUG] [mezz.jei.library.recipes.RecipeManagerInternal/]: Adding recipes: RecipeType[uid=jei:information, recipeClass=interface mezz.jei.api.recipe.vanilla.IJeiIngredientInfoRecipe]
[25Sep2026 23:39:29.811] [Render thread/DEBUG] [mezz.jei.library.recipes.RecipeManagerInternal/]: Adding recipes: RecipeType[uid=jei:information, recipeClass=interface mezz.jei.api.recipe.vanilla.IJeiIngredientInfoRecipe]
[25Sep2026 23:39:29.812] [Render thread/DEBUG] [mezz.jei.library.recipes.RecipeManagerInternal/]: Adding recipes: RecipeType[uid=jei:information, recipeClass=interface mezz.jei.api.recipe.vanilla.IJeiIngredientInfoRecipe]
[25Sep2026 23:39:29.813] [Render thread/DEBUG] [mezz.jei.library.recipes.RecipeManagerInternal/]: Adding recipes: RecipeType[uid=jei:information, recipeClass=interface mezz.jei.api.recipe.vanilla.IJeiIngredientInfoRecipe]
[25Sep2026 23:39:29.814] [Render thread/DEBUG] [mezz.jei.library.recipes.RecipeManagerInternal/]: Adding recipes: RecipeType[uid=jei:information, recipeClass=interface mezz.jei.api.recipe.vanilla.IJeiIngredientInfoRecipe]
[25Sep2026 23:39:29.815] [Render thread/DEBUG] [mezz.jei.library.recipes.RecipeManagerInternal/]: Adding recipes: RecipeType[uid=jei:information, recipeClass=interface mezz.jei.api.recipe.vanilla.IJeiIngredientInfoRecipe]
[25Sep2026 23:39:29.816] [Render thread/DEBUG] [mezz.jei.library.recipes.RecipeManagerInternal/]: Adding recipes: RecipeType[uid=jei:information, recipeClass=interface mezz.jei.api.recipe.vanilla.IJeiIngredientInfoRecipe]
[25Sep2026 23:39:29.817] [Render thread/DEBUG] [mezz.jei.library.recipes.RecipeManagerInternal/]: Adding recipes: RecipeType[uid=jei:information, recipeClass=interface mezz.jei.api.recipe.vanilla.IJeiIngredientInfoRecipe]
[25Sep2026 23:39:29.817] [Render thread/DEBUG] [mezz.jei.library.recipes.RecipeManagerInternal/]: Adding recipes: RecipeType[uid=jei:information, recipeClass=interface mezz.jei.api.recipe.vanilla.IJeiIngredientInfoRecipe]
[25Sep2026 23:39:29.818] [Render thread/DEBUG] [mezz.jei.library.recipes.RecipeManagerInternal/]: Adding recipes: RecipeType[uid=jei:information, recipeClass=interface mezz.jei.api.recipe.vanilla.IJeiIngredientInfoRecipe]
[25Sep2026 23:39:29.819] [Render thread/DEBUG] [mezz.jei.library.recipes.RecipeManagerInternal/]: Adding recipes: RecipeType[uid=jei:information, recipeClass=interface mezz.jei.api.recipe.vanilla.IJeiIngredientInfoRecipe]
[25Sep2026 23:39:29.820] [Render thread/DEBUG] [mezz.jei.library.recipes.RecipeManagerInternal/]: Adding recipes: RecipeType[uid=jei:information, recipeClass=interface mezz.jei.api.recipe.vanilla.IJeiIngredientInfoRecipe]
[25Sep2026 23:39:29.821] [Render thread/DEBUG] [mezz.jei.library.recipes.RecipeManagerInternal/]: Adding recipes: RecipeType[uid=jei:information, recipeClass=interface mezz.jei.api.recipe.vanilla.IJeiIngredientInfoRecipe]
[25Sep2026 23:39:29.822] [Render thread/DEBUG] [mezz.jei.library.recipes.RecipeManagerInternal/]: Adding recipes: RecipeType[uid=jei:information, recipeClass=interface mezz.jei.api.recipe.vanilla.IJeiIngredientInfoRecipe]
[25Sep2026 23:39:29.823] [Render thread/DEBUG] [mezz.jei.library.recipes.RecipeManagerInternal/]: Adding recipes: RecipeType[uid=jei:information, recipeClass=interface mezz.jei.api.recipe.vanilla.IJeiIngredientInfoRecipe]
[25Sep2026 23:39:29.824] [Render thread/DEBUG] [mezz.jei.library.recipes.RecipeManagerInternal/]: Adding recipes: RecipeType[uid=jei:information, recipeClass=interface mezz.jei.api.recipe.vanilla.IJeiIngredientInfoRecipe]
[25Sep2026 23:39:29.825] [Render thread/DEBUG] [mezz.jei.library.recipes.RecipeManagerInternal/]: Adding recipes: RecipeType[uid=jei:information, recipeClass=interface mezz.jei.api.recipe.vanilla.IJeiIngredientInfoRecipe]
[25Sep2026 23:39:29.826] [Render thread/DEBUG] [mezz.jei.library.recipes.RecipeManagerInternal/]: Adding recipes: RecipeType[uid=jei:information, recipeClass=interface mezz.jei.api.recipe.vanilla.IJeiIngredientInfoRecipe]
[25Sep2026 23:39:29.827] [Render thread/DEBUG] [mezz.jei.library.recipes.RecipeManagerInternal/]: Adding recipes: RecipeType[uid=jei:information, recipeClass=interface mezz.jei.api.recipe.vanilla.IJeiIngredientInfoRecipe]
[25Sep2026 23:39:29.828] [Render thread/DEBUG] [mezz.jei.library.recipes.RecipeManagerInternal/]: Adding recipes: RecipeType[uid=jei:information, recipeClass=interface mezz.jei.api.recipe.vanilla.IJeiIngredientInfoRecipe]
[25Sep2026 23:39:29.828] [Render thread/DEBUG] [mezz.jei.library.recipes.RecipeManagerInternal/]: Adding recipes: RecipeType[uid=jei:information, recipeClass=interface mezz.jei.api.recipe.vanilla.IJeiIngredientInfoRecipe]
[25Sep2026 23:39:29.829] [Render thread/DEBUG] [mezz.jei.library.recipes.RecipeManagerInternal/]: Adding recipes: RecipeType[uid=jei:information, recipeClass=interface mezz.jei.api.recipe.vanilla.IJeiIngredientInfoRecipe]
[25Sep2026 23:39:29.830] [Render thread/DEBUG] [mezz.jei.library.recipes.RecipeManagerInternal/]: Adding recipes: RecipeType[uid=jei:information, recipeClass=interface mezz.jei.api.recipe.vanilla.IJeiIngredientInfoRecipe]
[25Sep2026 23:39:29.831] [Render thread/DEBUG] [mezz.jei.library.recipes.RecipeManagerInternal/]: Adding recipes: RecipeType[uid=jei:information, recipeClass=interface mezz.jei.api.recipe.vanilla.IJeiIngredientInfoRecipe]
[25Sep2026 23:39:29.832] [Render thread/DEBUG] [mezz.jei.library.recipes.RecipeManagerInternal/]: Adding recipes: RecipeType[uid=jei:information, recipeClass=interface mezz.jei.api.recipe.vanilla.IJeiIngredientInfoRecipe]
[25Sep2026 23:39:29.833] [Render thread/DEBUG] [mezz.jei.library.recipes.RecipeManagerInternal/]: Adding recipes: RecipeType[uid=jei:information, recipeClass=interface mezz.jei.api.recipe.vanilla.IJeiIngredientInfoRecipe]
[25Sep2026 23:39:29.834] [Render thread/DEBUG] [mezz.jei.library.recipes.RecipeManagerInternal/]: Adding recipes: RecipeType[uid=jei:information, recipeClass=interface mezz.jei.api.recipe.vanilla.IJeiIngredientInfoRecipe]
[25Sep2026 23:39:29.835] [Render thread/DEBUG] [mezz.jei.library.recipes.RecipeManagerInternal/]: Adding recipes: RecipeType[uid=jei:information, recipeClass=interface mezz.jei.api.recipe.vanilla.IJeiIngredientInfoRecipe]
[25Sep2026 23:39:29.836] [Render thread/DEBUG] [mezz.jei.library.recipes.RecipeManagerInternal/]: Adding recipes: RecipeType[uid=jei:information, recipeClass=interface mezz.jei.api.recipe.vanilla.IJeiIngredientInfoRecipe]
[25Sep2026 23:39:29.836] [Render thread/DEBUG] [mezz.jei.library.recipes.RecipeManagerInternal/]: Adding recipes: RecipeType[uid=jei:information, recipeClass=interface mezz.jei.api.recipe.vanilla.IJeiIngredientInfoRecipe]
[25Sep2026 23:39:29.837] [Render thread/DEBUG] [mezz.jei.library.recipes.RecipeManagerInternal/]: Adding recipes: RecipeType[uid=jei:information, recipeClass=interface mezz.jei.api.recipe.vanilla.IJeiIngredientInfoRecipe]
[25Sep2026 23:39:29.837] [Render thread/DEBUG] [mezz.jei.library.recipes.RecipeManagerInternal/]: Adding recipes: RecipeType[uid=jei:information, recipeClass=interface mezz.jei.api.recipe.vanilla.IJeiIngredientInfoRecipe]
[25Sep2026 23:39:29.840] [Render thread/DEBUG] [mezz.jei.library.recipes.RecipeManagerInternal/]: Adding recipes: RecipeType[uid=jei:information, recipeClass=interface mezz.jei.api.recipe.vanilla.IJeiIngredientInfoRecipe]
[25Sep2026 23:39:29.840] [Render thread/DEBUG] [mezz.jei.library.recipes.RecipeManagerInternal/]: Adding recipes: RecipeType[uid=jei:information, recipeClass=interface mezz.jei.api.recipe.vanilla.IJeiIngredientInfoRecipe]
[25Sep2026 23:39:29.842] [Render thread/DEBUG] [mezz.jei.library.recipes.RecipeManagerInternal/]: Adding recipes: RecipeType[uid=jei:information, recipeClass=interface mezz.jei.api.recipe.vanilla.IJeiIngredientInfoRecipe]
[25Sep2026 23:39:29.842] [Render thread/DEBUG] [mezz.jei.library.recipes.RecipeManagerInternal/]: Adding recipes: RecipeType[uid=jei:information, recipeClass=interface mezz.jei.api.recipe.vanilla.IJeiIngredientInfoRecipe]
[25Sep2026 23:39:29.843] [Render thread/DEBUG] [mezz.jei.library.recipes.RecipeManagerInternal/]: Adding recipes: RecipeType[uid=jei:information, recipeClass=interface mezz.jei.api.recipe.vanilla.IJeiIngredientInfoRecipe]
[25Sep2026 23:39:29.843] [Render thread/DEBUG] [mezz.jei.library.recipes.RecipeManagerInternal/]: Adding recipes: RecipeType[uid=jei:information, recipeClass=interface mezz.jei.api.recipe.vanilla.IJeiIngredientInfoRecipe]
[25Sep2026 23:39:29.844] [Render thread/DEBUG] [mezz.jei.library.recipes.RecipeManagerInternal/]: Adding recipes: RecipeType[uid=jei:information, recipeClass=interface mezz.jei.api.recipe.vanilla.IJeiIngredientInfoRecipe]
[25Sep2026 23:39:29.844] [Render thread/DEBUG] [mezz.jei.library.recipes.RecipeManagerInternal/]: Adding recipes: RecipeType[uid=jei:information, recipeClass=interface mezz.jei.api.recipe.vanilla.IJeiIngredientInfoRecipe]
[25Sep2026 23:39:29.844] [Render thread/DEBUG] [mezz.jei.library.recipes.RecipeManagerInternal/]: Adding recipes: RecipeType[uid=jei:information, recipeClass=interface mezz.jei.api.recipe.vanilla.IJeiIngredientInfoRecipe]
[25Sep2026 23:39:29.844] [Render thread/DEBUG] [mezz.jei.library.recipes.RecipeManagerInternal/]: Adding recipes: RecipeType[uid=jei:information, recipeClass=interface mezz.jei.api.recipe.vanilla.IJeiIngredientInfoRecipe]
[25Sep2026 23:39:29.845] [Render thread/DEBUG] [mezz.jei.library.recipes.RecipeManagerInternal/]: Adding recipes: RecipeType[uid=jei:information, recipeClass=interface mezz.jei.api.recipe.vanilla.IJeiIngredientInfoRecipe]
[25Sep2026 23:39:29.845] [Render thread/DEBUG] [mezz.jei.library.recipes.RecipeManagerInternal/]: Adding recipes: RecipeType[uid=jei:information, recipeClass=interface mezz.jei.api.recipe.vanilla.IJeiIngredientInfoRecipe]
[25Sep2026 23:39:29.846] [Render thread/DEBUG] [mezz.jei.library.recipes.RecipeManagerInternal/]: Adding recipes: RecipeType[uid=jei:information, recipeClass=interface mezz.jei.api.recipe.vanilla.IJeiIngredientInfoRecipe]
[25Sep2026 23:39:29.846] [Render thread/INFO] [mezz.jei.library.load.PluginCallerTimerRunnable/]: Registering recipes: irons_spellbooks:jei_plugin took 2.604 seconds
[25Sep2026 23:39:30.052] [Render thread/DEBUG] [mezz.jei.library.load.PluginCallerTimerRunnable/]: Registering recipes: jade:main...
[25Sep2026 23:39:30.054] [Render thread/DEBUG] [mezz.jei.library.load.PluginCallerTimerRunnable/]: Registering recipes: jei:neoforge_gui...
[25Sep2026 23:39:30.054] [Render thread/DEBUG] [mezz.jei.library.load.PluginCallerTimerRunnable/]: Registering recipes: jei:debug...
[25Sep2026 23:39:30.057] [Render thread/DEBUG] [mezz.jei.common.config.file.ConfigSerializer/]: Skipping loading config file, it was just saved by us: D:\Hazens InteliJ\HAHA-1.21.1\run\config\jei\jei-debug.ini
[25Sep2026 23:39:30.058] [Render thread/DEBUG] [mezz.jei.library.load.PluginCallerTimerRunnable/]: Registering recipes: jei:gui...
[25Sep2026 23:39:30.058] [Render thread/DEBUG] [mezz.jei.library.load.PluginCallerTimerRunnable/]: Registering recipes: curios:curios...
[25Sep2026 23:39:30.058] [Render thread/DEBUG] [mezz.jei.library.load.PluginCallerTimerRunnable/]: Registering recipes: jei:internal...
[25Sep2026 23:39:30.059] [Render thread/DEBUG] [mezz.jei.common.config.file.ConfigSerializer/]: Skipping loading config file, it was just saved by us: D:\Hazens InteliJ\HAHA-1.21.1\run\config\jei\jei-client.ini
[25Sep2026 23:39:30.066] [Render thread/DEBUG] [mezz.jei.library.plugins.jei.tags.TagInfoRecipeMaker/]: No valid ingredients found for minecraft:fluid tag: Suspicious Stew (c:suspicious_stew)
[25Sep2026 23:39:30.068] [Render thread/DEBUG] [mezz.jei.library.plugins.jei.tags.TagInfoRecipeMaker/]: No valid ingredients found for minecraft:fluid tag: Beetroot Soup (c:beetroot_soup)
[25Sep2026 23:39:30.068] [Render thread/DEBUG] [mezz.jei.library.plugins.jei.tags.TagInfoRecipeMaker/]: No valid ingredients found for minecraft:fluid tag: Honey (c:honey)
[25Sep2026 23:39:30.069] [Render thread/DEBUG] [mezz.jei.library.plugins.jei.tags.TagInfoRecipeMaker/]: No valid ingredients found for minecraft:fluid tag: Milk (c:milk)
[25Sep2026 23:39:30.069] [Render thread/DEBUG] [mezz.jei.library.plugins.jei.tags.TagInfoRecipeMaker/]: No valid ingredients found for minecraft:fluid tag: Potion (c:potion)
[25Sep2026 23:39:30.069] [Render thread/DEBUG] [mezz.jei.library.plugins.jei.tags.TagInfoRecipeMaker/]: No valid ingredients found for minecraft:fluid tag: Rabbit Stew (c:rabbit_stew)
[25Sep2026 23:39:30.069] [Render thread/DEBUG] [mezz.jei.library.plugins.jei.tags.TagInfoRecipeMaker/]: No valid ingredients found for minecraft:fluid tag: Experience (c:experience)
[25Sep2026 23:39:30.069] [Render thread/DEBUG] [mezz.jei.library.plugins.jei.tags.TagInfoRecipeMaker/]: No valid ingredients found for minecraft:fluid tag: Mushroom Stew (c:mushroom_stew)
[25Sep2026 23:39:30.070] [Render thread/DEBUG] [mezz.jei.library.plugins.jei.tags.TagInfoRecipeMaker/]: No valid ingredients found for minecraft:fluid tag: Gaseous (c:gaseous)
[25Sep2026 23:39:30.070] [Render thread/DEBUG] [mezz.jei.library.recipes.RecipeManagerInternal/]: Adding recipes: RecipeType[uid=minecraft:tag_recipes/fluid, recipeClass=interface mezz.jei.library.plugins.jei.tags.ITagInfoRecipe]
[25Sep2026 23:39:30.072] [Render thread/DEBUG] [mezz.jei.library.plugins.jei.tags.TagInfoRecipeMaker/]: No valid ingredients found for minecraft:block tag: #minecraft:strider_warm_blocks (minecraft:strider_warm_blocks)
[25Sep2026 23:39:30.079] [Render thread/DEBUG] [mezz.jei.library.plugins.jei.tags.TagInfoRecipeMaker/]: No valid ingredients found for minecraft:block tag: #minecraft:invalid_spawn_inside (minecraft:invalid_spawn_inside)
[25Sep2026 23:39:30.079] [Render thread/DEBUG] [mezz.jei.library.plugins.jei.tags.TagInfoRecipeMaker/]: No valid ingredients found for minecraft:block tag: #minecraft:fire (minecraft:fire)
[25Sep2026 23:39:30.080] [Render thread/DEBUG] [mezz.jei.library.plugins.jei.tags.TagInfoRecipeMaker/]: No valid ingredients found for minecraft:block tag: #minecraft:air (minecraft:air)
[25Sep2026 23:39:30.084] [Render thread/DEBUG] [mezz.jei.library.plugins.jei.tags.TagInfoRecipeMaker/]: No valid ingredients found for minecraft:block tag: #minecraft:portals (minecraft:portals)
[25Sep2026 23:39:30.084] [Render thread/DEBUG] [mezz.jei.library.plugins.jei.tags.TagInfoRecipeMaker/]: No valid ingredients found for minecraft:block tag: Enderman Place On Blacklist (neoforge:enderman_place_on_blacklist)
[25Sep2026 23:39:30.085] [Render thread/DEBUG] [mezz.jei.library.plugins.jei.tags.TagInfoRecipeMaker/]: No valid ingredients found for minecraft:block tag: Relocation Not Supported (c:relocation_not_supported)
[25Sep2026 23:39:30.086] [Render thread/DEBUG] [mezz.jei.library.plugins.jei.tags.TagInfoRecipeMaker/]: No valid ingredients found for minecraft:block tag: Mineable by Shears (minecraft:mineable/shear)
[25Sep2026 23:39:30.086] [Render thread/DEBUG] [mezz.jei.library.plugins.jei.tags.TagInfoRecipeMaker/]: No valid ingredients found for minecraft:block tag: #minecraft:candle_cakes (minecraft:candle_cakes)
[25Sep2026 23:39:30.086] [Render thread/DEBUG] [mezz.jei.library.plugins.jei.tags.TagInfoRecipeMaker/]: No valid ingredients found for minecraft:block tag: Ropes (c:ropes)
[25Sep2026 23:39:30.087] [Render thread/DEBUG] [mezz.jei.library.plugins.jei.tags.TagInfoRecipeMaker/]: No valid ingredients found for minecraft:block tag: #minecraft:incorrect_for_netherite_tool (minecraft:incorrect_for_netherite_tool)
[25Sep2026 23:39:30.088] [Render thread/DEBUG] [mezz.jei.library.recipes.RecipeManagerInternal/]: Adding recipes: RecipeType[uid=minecraft:tag_recipes/block, recipeClass=interface mezz.jei.library.plugins.jei.tags.ITagInfoRecipe]
[25Sep2026 23:39:30.136] [Render thread/DEBUG] [mezz.jei.library.plugins.jei.tags.TagInfoRecipeMaker/]: No valid ingredients found for minecraft:item tag: #hazentouvelib:armors/pure/pure_chestplate (hazentouvelib:armors/pure/pure_chestplate)
[25Sep2026 23:39:30.137] [Render thread/DEBUG] [mezz.jei.library.plugins.jei.tags.TagInfoRecipeMaker/]: No valid ingredients found for minecraft:item tag: Candies (c:foods/candy)
[25Sep2026 23:39:30.138] [Render thread/DEBUG] [mezz.jei.library.plugins.jei.tags.TagInfoRecipeMaker/]: No valid ingredients found for minecraft:item tag: #hazentouvelib:focus/cosmic_focus (hazentouvelib:focus/cosmic_focus)
[25Sep2026 23:39:30.145] [Render thread/DEBUG] [mezz.jei.library.plugins.jei.tags.TagInfoRecipeMaker/]: No valid ingredients found for minecraft:item tag: #hazentouvelib:focus/shadow_focus (hazentouvelib:focus/shadow_focus)
[25Sep2026 23:39:30.146] [Render thread/DEBUG] [mezz.jei.library.plugins.jei.tags.TagInfoRecipeMaker/]: No valid ingredients found for minecraft:item tag: #irons_spellbooks:patchouli_drop (irons_spellbooks:patchouli_drop)
[25Sep2026 23:39:30.147] [Render thread/DEBUG] [mezz.jei.library.plugins.jei.tags.TagInfoRecipeMaker/]: No valid ingredients found for minecraft:item tag: #hazentouvelib:armors/pure/pure_boots (hazentouvelib:armors/pure/pure_boots)
[25Sep2026 23:39:30.147] [Render thread/DEBUG] [mezz.jei.library.plugins.jei.tags.TagInfoRecipeMaker/]: No valid ingredients found for minecraft:item tag: #hazentouvelib:armors/paragon/paragon_chestplate (hazentouvelib:armors/paragon/paragon_chestplate)
[25Sep2026 23:39:30.148] [Render thread/DEBUG] [mezz.jei.library.plugins.jei.tags.TagInfoRecipeMaker/]: No valid ingredients found for minecraft:item tag: #hazentouvelib:focus/radiance_focus (hazentouvelib:focus/radiance_focus)
[25Sep2026 23:39:30.148] [Render thread/DEBUG] [mezz.jei.library.plugins.jei.tags.TagInfoRecipeMaker/]: No valid ingredients found for minecraft:item tag: #hazentouvelib:armors/pure/pure_leggings (hazentouvelib:armors/pure/pure_leggings)
[25Sep2026 23:39:30.149] [Render thread/DEBUG] [mezz.jei.library.plugins.jei.tags.TagInfoRecipeMaker/]: No valid ingredients found for minecraft:item tag: #curios:wing (curios:wing)
[25Sep2026 23:39:30.150] [Render thread/DEBUG] [mezz.jei.library.plugins.jei.tags.TagInfoRecipeMaker/]: No valid ingredients found for minecraft:item tag: Ropes (c:ropes)
[25Sep2026 23:39:30.150] [Render thread/DEBUG] [mezz.jei.library.plugins.jei.tags.TagInfoRecipeMaker/]: No valid ingredients found for minecraft:item tag: #hazentouvelib:armors/pure/pure_helmet (hazentouvelib:armors/pure/pure_helmet)
[25Sep2026 23:39:30.151] [Render thread/DEBUG] [mezz.jei.library.plugins.jei.tags.TagInfoRecipeMaker/]: No valid ingredients found for minecraft:item tag: #hazentouvelib:armors/paragon/paragon_helmet (hazentouvelib:armors/paragon/paragon_helmet)
[25Sep2026 23:39:30.151] [Render thread/DEBUG] [mezz.jei.library.plugins.jei.tags.TagInfoRecipeMaker/]: No valid ingredients found for minecraft:item tag: Water (c:drinks/water)
[25Sep2026 23:39:30.152] [Render thread/DEBUG] [mezz.jei.library.plugins.jei.tags.TagInfoRecipeMaker/]: No valid ingredients found for minecraft:item tag: Non recolorable (moonlight:non_recolorable)
[25Sep2026 23:39:30.152] [Render thread/DEBUG] [mezz.jei.library.plugins.jei.tags.TagInfoRecipeMaker/]: No valid ingredients found for minecraft:item tag: Juice (c:drinks/juice)
[25Sep2026 23:39:30.152] [Render thread/DEBUG] [mezz.jei.library.plugins.jei.tags.TagInfoRecipeMaker/]: No valid ingredients found for minecraft:item tag: Doughs (c:foods/dough)
[25Sep2026 23:39:30.152] [Render thread/DEBUG] [mezz.jei.library.plugins.jei.tags.TagInfoRecipeMaker/]: No valid ingredients found for minecraft:item tag: Wrenches (c:tools/wrench)
[25Sep2026 23:39:30.152] [Render thread/DEBUG] [mezz.jei.library.plugins.jei.tags.TagInfoRecipeMaker/]: No valid ingredients found for minecraft:item tag: #hazentouvelib:armors/paragon/paragon_leggings (hazentouvelib:armors/paragon/paragon_leggings)
[25Sep2026 23:39:30.152] [Render thread/DEBUG] [mezz.jei.library.plugins.jei.tags.TagInfoRecipeMaker/]: No valid ingredients found for minecraft:item tag: #hazentouvelib:armors/paragon/paragon_boots (hazentouvelib:armors/paragon/paragon_boots)
[25Sep2026 23:39:30.154] [Render thread/DEBUG] [mezz.jei.library.recipes.RecipeManagerInternal/]: Adding recipes: RecipeType[uid=minecraft:tag_recipes/item, recipeClass=interface mezz.jei.library.plugins.jei.tags.ITagInfoRecipe]
[25Sep2026 23:39:30.193] [Render thread/INFO] [mezz.jei.library.load.PluginCallerTimerRunnable/]: Registering recipes: jei:internal took 135.8 milliseconds
[25Sep2026 23:39:30.195] [Render thread/INFO] [mezz.jei.library.load.PluginCaller/]: Registering recipes took 5.919 seconds
[25Sep2026 23:39:30.222] [Render thread/INFO] [mezz.jei.library.load.PluginCaller/]: Registering recipes transfer handlers...
[25Sep2026 23:39:30.224] [Render thread/DEBUG] [mezz.jei.library.load.PluginCallerTimerRunnable/]: Registering recipes transfer handlers: jei:minecraft...
[25Sep2026 23:39:30.235] [Render thread/DEBUG] [mezz.jei.library.load.PluginCallerTimerRunnable/]: Registering recipes transfer handlers: irons_spellbooks:jei_plugin...
[25Sep2026 23:39:30.236] [Render thread/DEBUG] [mezz.jei.library.load.PluginCallerTimerRunnable/]: Registering recipes transfer handlers: jade:main...
[25Sep2026 23:39:30.236] [Render thread/DEBUG] [mezz.jei.library.load.PluginCallerTimerRunnable/]: Registering recipes transfer handlers: jei:neoforge_gui...
[25Sep2026 23:39:30.252] [Render thread/INFO] [mezz.jei.library.load.PluginCallerTimerRunnable/]: Registering recipes transfer handlers: jei:neoforge_gui took 16.27 milliseconds
[25Sep2026 23:39:30.253] [Render thread/DEBUG] [mezz.jei.library.load.PluginCallerTimerRunnable/]: Registering recipes transfer handlers: jei:debug...
[25Sep2026 23:39:30.253] [Render thread/DEBUG] [mezz.jei.library.load.PluginCallerTimerRunnable/]: Registering recipes transfer handlers: jei:gui...
[25Sep2026 23:39:30.253] [Render thread/DEBUG] [mezz.jei.library.load.PluginCallerTimerRunnable/]: Registering recipes transfer handlers: curios:curios...
[25Sep2026 23:39:30.253] [Render thread/DEBUG] [mezz.jei.library.load.PluginCallerTimerRunnable/]: Registering recipes transfer handlers: jei:internal...
[25Sep2026 23:39:30.253] [Render thread/INFO] [mezz.jei.library.load.PluginCaller/]: Registering recipes transfer handlers took 29.94 milliseconds
[25Sep2026 23:39:30.288] [Render thread/INFO] [mezz.jei.core.util.LoggedTimer/]: Building runtime...
[25Sep2026 23:39:30.295] [Render thread/INFO] [mezz.jei.library.load.PluginCaller/]: Registering gui handlers...
[25Sep2026 23:39:30.296] [Render thread/DEBUG] [mezz.jei.library.load.PluginCallerTimerRunnable/]: Registering gui handlers: jei:minecraft...
[25Sep2026 23:39:30.305] [Render thread/DEBUG] [mezz.jei.library.load.PluginCallerTimerRunnable/]: Registering gui handlers: irons_spellbooks:jei_plugin...
[25Sep2026 23:39:30.305] [Render thread/DEBUG] [mezz.jei.library.load.PluginCallerTimerRunnable/]: Registering gui handlers: jade:main...
[25Sep2026 23:39:30.306] [Render thread/DEBUG] [mezz.jei.library.load.PluginCallerTimerRunnable/]: Registering gui handlers: jei:neoforge_gui...
[25Sep2026 23:39:30.306] [Render thread/DEBUG] [mezz.jei.library.load.PluginCallerTimerRunnable/]: Registering gui handlers: jei:debug...
[25Sep2026 23:39:30.306] [Render thread/DEBUG] [mezz.jei.library.load.PluginCallerTimerRunnable/]: Registering gui handlers: jei:gui...
[25Sep2026 23:39:30.327] [Render thread/INFO] [mezz.jei.library.load.PluginCallerTimerRunnable/]: Registering gui handlers: jei:gui took 20.36 milliseconds
[25Sep2026 23:39:30.328] [Render thread/DEBUG] [mezz.jei.library.load.PluginCallerTimerRunnable/]: Registering gui handlers: curios:curios...
[25Sep2026 23:39:30.331] [Render thread/DEBUG] [mezz.jei.library.load.PluginCallerTimerRunnable/]: Registering gui handlers: jei:internal...
[25Sep2026 23:39:30.331] [Render thread/INFO] [mezz.jei.library.load.PluginCaller/]: Registering gui handlers took 35.84 milliseconds
[25Sep2026 23:39:30.345] [Render thread/INFO] [mezz.jei.library.load.PluginCaller/]: Registering Runtime...
[25Sep2026 23:39:30.346] [Render thread/DEBUG] [mezz.jei.library.load.PluginCallerTimerRunnable/]: Registering Runtime: jei:minecraft...
[25Sep2026 23:39:30.347] [Render thread/DEBUG] [mezz.jei.library.load.PluginCallerTimerRunnable/]: Registering Runtime: irons_spellbooks:jei_plugin...
[25Sep2026 23:39:30.347] [Render thread/DEBUG] [mezz.jei.library.load.PluginCallerTimerRunnable/]: Registering Runtime: jade:main...
[25Sep2026 23:39:30.347] [Render thread/DEBUG] [mezz.jei.library.load.PluginCallerTimerRunnable/]: Registering Runtime: jei:neoforge_gui...
[25Sep2026 23:39:30.356] [Render thread/INFO] [mezz.jei.gui.startup.JeiGuiStarter/]: Starting JEI GUI
[25Sep2026 23:39:30.359] [Render thread/INFO] [mezz.jei.core.util.LoggedTimer/]: Building ingredient list...
[25Sep2026 23:39:30.362] [Render thread/DEBUG] [mezz.jei.gui.ingredients.IngredientListElementFactory/]: Registering ingredients: ItemStack
[25Sep2026 23:39:30.508] [Render thread/DEBUG] [mezz.jei.gui.ingredients.IngredientListElementFactory/]: Registering ingredients: FluidStack
[25Sep2026 23:39:30.519] [Render thread/INFO] [mezz.jei.core.util.LoggedTimer/]: Building ingredient list took 160.6 milliseconds
[25Sep2026 23:39:30.520] [Render thread/INFO] [mezz.jei.core.util.LoggedTimer/]: Building ingredient filter...
[25Sep2026 23:39:30.686] [Render thread/INFO] [mezz.jei.gui.ingredients.IngredientFilter/]: Adding 2816 ingredients
[25Sep2026 23:39:34.501] [Render thread/INFO] [mezz.jei.gui.ingredients.IngredientFilter/]: Added 2816 ingredients
[25Sep2026 23:39:34.504] [Render thread/INFO] [mezz.jei.core.util.LoggedTimer/]: Building ingredient filter took 3.984 seconds
[25Sep2026 23:39:35.447] [pool-30-thread-1/ERROR] [mezz.jei.library.load.PluginCallerTimerRunnable/]: Registering Runtime: jei:neoforge_gui is running and has taken 5.099 seconds so far
[25Sep2026 23:39:36.599] [Render thread/DEBUG] [mezz.jei.gui.config.LookupHistoryJsonConfig/]: Loaded lookup history config from file: D:\Hazens InteliJ\HAHA-1.21.1\run\config\jei\world\local\New_World\lookupHistory.json
[25Sep2026 23:39:36.771] [Render thread/DEBUG] [mezz.jei.gui.config.BookmarkJsonConfig/]: Loaded bookmarks config from file: D:\Hazens InteliJ\HAHA-1.21.1\run\config\jei\world\local\New_World\bookmarks.json
[25Sep2026 23:39:36.781] [Render thread/DEBUG] [mezz.jei.gui.config.BookmarkJsonConfig/]: Loaded legacy compressed json bookmarks config from file: D:\Hazens InteliJ\HAHA-1.21.1\run\config\jei\world\local\New_World\bookmarks.json
[25Sep2026 23:39:36.927] [Render thread/INFO] [mezz.jei.library.load.PluginCallerTimerRunnable/]: Registering Runtime: jei:neoforge_gui took 6.579 seconds
[25Sep2026 23:39:36.927] [Render thread/DEBUG] [mezz.jei.library.load.PluginCallerTimerRunnable/]: Registering Runtime: jei:debug...
[25Sep2026 23:39:36.928] [Render thread/DEBUG] [mezz.jei.library.load.PluginCallerTimerRunnable/]: Registering Runtime: jei:gui...
[25Sep2026 23:39:36.928] [Render thread/DEBUG] [mezz.jei.library.load.PluginCallerTimerRunnable/]: Registering Runtime: curios:curios...
[25Sep2026 23:39:36.928] [Render thread/DEBUG] [mezz.jei.library.load.PluginCallerTimerRunnable/]: Registering Runtime: jei:internal...
[25Sep2026 23:39:36.943] [Render thread/INFO] [mezz.jei.library.load.PluginCaller/]: Registering Runtime took 6.597 seconds
[25Sep2026 23:39:36.946] [Render thread/INFO] [mezz.jei.core.util.LoggedTimer/]: Building runtime took 6.657 seconds
[25Sep2026 23:39:36.947] [Render thread/INFO] [mezz.jei.library.load.PluginCaller/]: Sending Runtime...
[25Sep2026 23:39:36.948] [Render thread/DEBUG] [mezz.jei.library.load.PluginCallerTimerRunnable/]: Sending Runtime: jei:minecraft...
[25Sep2026 23:39:36.948] [Render thread/DEBUG] [mezz.jei.library.load.PluginCallerTimerRunnable/]: Sending Runtime: irons_spellbooks:jei_plugin...
[25Sep2026 23:39:36.948] [Render thread/DEBUG] [mezz.jei.library.load.PluginCallerTimerRunnable/]: Sending Runtime: jade:main...
[25Sep2026 23:39:36.949] [Render thread/DEBUG] [mezz.jei.library.load.PluginCallerTimerRunnable/]: Sending Runtime: jei:neoforge_gui...
[25Sep2026 23:39:36.949] [Render thread/DEBUG] [mezz.jei.library.load.PluginCallerTimerRunnable/]: Sending Runtime: jei:debug...
[25Sep2026 23:39:36.949] [Render thread/DEBUG] [mezz.jei.library.load.PluginCallerTimerRunnable/]: Sending Runtime: jei:gui...
[25Sep2026 23:39:36.949] [Render thread/DEBUG] [mezz.jei.library.load.PluginCallerTimerRunnable/]: Sending Runtime: curios:curios...
[25Sep2026 23:39:36.949] [Render thread/DEBUG] [mezz.jei.library.load.PluginCallerTimerRunnable/]: Sending Runtime: jei:internal...
[25Sep2026 23:39:36.949] [Render thread/INFO] [mezz.jei.library.load.PluginCaller/]: Sending Runtime took 2.153 milliseconds
[25Sep2026 23:39:36.950] [Render thread/INFO] [mezz.jei.core.util.LoggedTimer/]: Starting JEI took 14.00 seconds
[25Sep2026 23:39:37.450] [Server thread/WARN] [net.minecraft.server.MinecraftServer/]: Can't keep up! Is the server overloaded? Running 2003ms or 40 ticks behind
[25Sep2026 23:39:37.464] [Render thread/INFO] [snownee.jade.Jade/]: Received config from the server: 
[25Sep2026 23:39:37.484] [Render thread/INFO] [Moonlight/]: Overriding configs moonlight-common.toml with synced configs (editable)
[25Sep2026 23:39:37.496] [Render thread/INFO] [Moonlight/]: Detected config change in moonlight-common.toml, from neoforge config event
[25Sep2026 23:39:37.512] [Render thread/INFO] [Moonlight/]: Detected config change in moonlight-common.toml, from neoforge config event
[25Sep2026 23:39:37.512] [Render thread/INFO] [Moonlight/]: Synced moonlight-common.toml configs
[25Sep2026 23:39:37.522] [Render thread/INFO] [net.minecraft.advancements.AdvancementTree/]: Loaded 92 advancements
[25Sep2026 23:39:38.222] [FileWatcher-1-thread-1/DEBUG] [net.neoforged.fml.config.ConfigWatcher/CONFIG]: Config file moonlight-common.toml changed, re-loading
[25Sep2026 23:39:38.232] [FileWatcher-1-thread-1/INFO] [Moonlight/]: Detected config change in moonlight-common.toml, from neoforge config event
[25Sep2026 23:39:38.427] [Render thread/DEBUG] [GeckoLib/]: Loaded software.bernie.geckolib.event.GeckoLibEventsNeoForge@22212e52 for service interface software.bernie.geckolib.service.GeckoLibEvents
[25Sep2026 23:39:38.432] [Render thread/DEBUG] [GeckoLib/]: Loaded software.bernie.geckolib.platform.GeckoLibClientNeoForge@27915bb6 for service interface software.bernie.geckolib.service.GeckoLibClient
[25Sep2026 23:39:38.490] [Render thread/DEBUG] [mixin/]: Mixing core.render.immediate.consumer.OutlineVertexConsumerMixin from embeddium.mixins.json into net.minecraft.client.renderer.OutlineBufferSource$EntityOutlineGenerator
[25Sep2026 23:39:38.491] [Render thread/DEBUG] [mixin/]: embeddium.mixins.json:core.render.immediate.consumer.OutlineVertexConsumerMixin from mod embeddium: Class version 65 required is higher than the class version supported by the current version of Mixin (JAVA_17 supports class version 61)
[25Sep2026 23:39:38.502] [Render thread/DEBUG] [mixin/]: embeddium.mixins.json:core.render.immediate.consumer.OutlineVertexConsumerMixin from mod embeddium->@Inject::onInit(Lorg/spongepowered/asm/mixin/injection/callback/CallbackInfo;)V doesn't use it's CallbackInfo
[25Sep2026 23:39:38.515] [Render thread/DEBUG] [mixin/]: Mixing core.render.immediate.consumer.VertexConsumersMixin$DualMixin from embeddium.mixins.json into com.mojang.blaze3d.vertex.VertexMultiConsumer$Double
[25Sep2026 23:39:38.516] [Render thread/DEBUG] [mixin/]: embeddium.mixins.json:core.render.immediate.consumer.VertexConsumersMixin$DualMixin from mod embeddium: Class version 65 required is higher than the class version supported by the current version of Mixin (JAVA_17 supports class version 61)
[25Sep2026 23:39:38.521] [Render thread/DEBUG] [mixin/]: embeddium.mixins.json:core.render.immediate.consumer.VertexConsumersMixin$DualMixin from mod embeddium->@Inject::checkFullStatus(Lorg/spongepowered/asm/mixin/injection/callback/CallbackInfo;)V doesn't use it's CallbackInfo
[25Sep2026 23:39:38.521] [Render thread/DEBUG] [mixin/]: embeddium.mixins.json:core.render.immediate.consumer.VertexConsumersMixin$DualMixin from mod embeddium->@Inject::checkFullStatus(Lorg/spongepowered/asm/mixin/injection/callback/CallbackInfo;)V has 0 override(s) in child classes
[25Sep2026 23:39:38.521] [Render thread/DEBUG] [mixin/]: embeddium.mixins.json:core.render.immediate.consumer.VertexConsumersMixin$DualMixin from mod embeddium->@Inject::checkFullStatus(Lorg/spongepowered/asm/mixin/injection/callback/CallbackInfo;)V won't be passed a CallbackInfo as a result
[25Sep2026 23:39:46.698] [Render thread/DEBUG] [mixin/]: Mixing core.render.immediate.consumer.SpriteTexturedVertexConsumerMixin from embeddium.mixins.json into net.minecraft.client.renderer.SpriteCoordinateExpander
[25Sep2026 23:39:46.700] [Render thread/DEBUG] [mixin/]: embeddium.mixins.json:core.render.immediate.consumer.SpriteTexturedVertexConsumerMixin from mod embeddium: Class version 65 required is higher than the class version supported by the current version of Mixin (JAVA_17 supports class version 61)
[25Sep2026 23:39:46.715] [Render thread/DEBUG] [mixin/]: embeddium.mixins.json:core.render.immediate.consumer.SpriteTexturedVertexConsumerMixin from mod embeddium->@Inject::onInit(Lcom/mojang/blaze3d/vertex/VertexConsumer;Lnet/minecraft/client/renderer/texture/TextureAtlasSprite;Lorg/spongepowered/asm/mixin/injection/callback/CallbackInfo;)V doesn't use it's CallbackInfo
[25Sep2026 23:39:46.715] [Render thread/DEBUG] [mixin/]: embeddium.mixins.json:core.render.immediate.consumer.SpriteTexturedVertexConsumerMixin from mod embeddium->@Inject::onInit(Lcom/mojang/blaze3d/vertex/VertexConsumer;Lnet/minecraft/client/renderer/texture/TextureAtlasSprite;Lorg/spongepowered/asm/mixin/injection/callback/CallbackInfo;)V has 0 override(s) in child classes
[25Sep2026 23:39:46.715] [Render thread/DEBUG] [mixin/]: embeddium.mixins.json:core.render.immediate.consumer.SpriteTexturedVertexConsumerMixin from mod embeddium->@Inject::onInit(Lcom/mojang/blaze3d/vertex/VertexConsumer;Lnet/minecraft/client/renderer/texture/TextureAtlasSprite;Lorg/spongepowered/asm/mixin/injection/callback/CallbackInfo;)V won't be passed a CallbackInfo as a result
[25Sep2026 23:40:04.779] [Render thread/INFO] [net.minecraft.advancements.AdvancementTree/]: Loaded 110 advancements
[25Sep2026 23:40:47.571] [Render thread/INFO] [net.minecraft.advancements.AdvancementTree/]: Loaded 119 advancements
[25Sep2026 23:40:58.151] [Render thread/INFO] [net.minecraft.advancements.AdvancementTree/]: Loaded 120 advancements
[25Sep2026 23:42:14.144] [Server thread/INFO] [net.minecraft.server.MinecraftServer/]: [Dev: Set the time to 13000]
[25Sep2026 23:42:14.179] [Render thread/INFO] [net.minecraft.client.gui.components.ChatComponent/]: [System] [CHAT] Set the time to 13000
[25Sep2026 23:42:18.116] [Render thread/INFO] [net.minecraft.client.gui.components.ChatComponent/]: [System] [CHAT] Saved screenshot as 2026-09-25_23.42.18.png
[25Sep2026 23:42:20.849] [Server thread/INFO] [net.minecraft.client.server.IntegratedServer/]: Saving and pausing game...
[25Sep2026 23:42:21.081] [Server thread/INFO] [net.minecraft.server.MinecraftServer/]: Saving chunks for level 'ServerLevel[New World]'/minecraft:overworld
[25Sep2026 23:42:21.123] [Server thread/INFO] [net.minecraft.server.MinecraftServer/]: Saving chunks for level 'ServerLevel[New World]'/minecraft:the_nether
[25Sep2026 23:42:21.124] [Server thread/INFO] [net.minecraft.server.MinecraftServer/]: Saving chunks for level 'ServerLevel[New World]'/irons_spellbooks:pocket_dimension
[25Sep2026 23:42:21.124] [Server thread/INFO] [net.minecraft.server.MinecraftServer/]: Saving chunks for level 'ServerLevel[New World]'/minecraft:the_end
[25Sep2026 23:42:21.147] [Server thread/DEBUG] [net.neoforged.neoforge.common.CommonHooks/WP]: Gathered mod list to write to world save New World
[25Sep2026 23:43:51.100] [Server thread/INFO] [net.minecraft.client.server.IntegratedServer/]: Saving and pausing game...
[25Sep2026 23:43:51.259] [Server thread/INFO] [net.minecraft.server.MinecraftServer/]: Saving chunks for level 'ServerLevel[New World]'/minecraft:overworld
[25Sep2026 23:43:51.266] [Server thread/INFO] [net.minecraft.server.MinecraftServer/]: Saving chunks for level 'ServerLevel[New World]'/minecraft:the_nether
[25Sep2026 23:43:51.267] [Server thread/INFO] [net.minecraft.server.MinecraftServer/]: Saving chunks for level 'ServerLevel[New World]'/irons_spellbooks:pocket_dimension
[25Sep2026 23:43:51.268] [Server thread/INFO] [net.minecraft.server.MinecraftServer/]: Saving chunks for level 'ServerLevel[New World]'/minecraft:the_end
[25Sep2026 23:43:51.279] [Server thread/DEBUG] [net.neoforged.neoforge.common.CommonHooks/WP]: Gathered mod list to write to world save New World
[25Sep2026 23:45:09.777] [Server thread/DEBUG] [net.neoforged.neoforge.common.CommonHooks/WP]: Gathered mod list to write to world save New World
[25Sep2026 23:45:39.454] [Render thread/INFO] [net.minecraft.advancements.AdvancementTree/]: Loaded 121 advancements
[25Sep2026 23:46:09.208] [Render thread/INFO] [net.minecraft.advancements.AdvancementTree/]: Loaded 141 advancements
[25Sep2026 23:46:29.524] [Server thread/INFO] [net.minecraft.server.MinecraftServer/]: [Dev: Set own game mode to Survival Mode]
[25Sep2026 23:46:29.547] [Render thread/INFO] [net.minecraft.client.gui.components.ChatComponent/]: [System] [CHAT] Set own game mode to Survival Mode
[25Sep2026 23:46:38.350] [Server thread/INFO] [net.minecraft.server.MinecraftServer/]: [Dev: Set own game mode to Creative Mode]
[25Sep2026 23:46:38.361] [Render thread/INFO] [net.minecraft.client.gui.components.ChatComponent/]: [System] [CHAT] Set own game mode to Creative Mode
[25Sep2026 23:46:50.161] [Server thread/INFO] [net.minecraft.server.MinecraftServer/]: [Dev: Set own game mode to Survival Mode]
[25Sep2026 23:46:50.170] [Render thread/INFO] [net.minecraft.client.gui.components.ChatComponent/]: [System] [CHAT] Set own game mode to Survival Mode
[25Sep2026 23:46:52.015] [Server thread/INFO] [net.minecraft.server.MinecraftServer/]: [Dev: Set own game mode to Creative Mode]
[25Sep2026 23:46:52.024] [Render thread/INFO] [net.minecraft.client.gui.components.ChatComponent/]: [System] [CHAT] Set own game mode to Creative Mode
[25Sep2026 23:46:55.406] [Server thread/INFO] [net.minecraft.server.MinecraftServer/]: [Dev: Set own game mode to Survival Mode]
[25Sep2026 23:46:55.408] [Render thread/INFO] [net.minecraft.client.gui.components.ChatComponent/]: [System] [CHAT] Set own game mode to Survival Mode
[25Sep2026 23:46:57.993] [Render thread/INFO] [net.minecraft.advancements.AdvancementTree/]: Loaded 141 advancements
[25Sep2026 23:47:35.462] [Server thread/INFO] [net.minecraft.server.MinecraftServer/]: Dev's life was drained by The Dead King
[25Sep2026 23:47:35.510] [Render thread/INFO] [net.minecraft.client.gui.components.ChatComponent/]: [System] [CHAT] Dev's life was drained by The Dead King
[25Sep2026 23:47:36.814] [Server thread/DEBUG] [io.redspace.ironsspellbooks.IronsSpellbooks/]: onPlayerCloned: copy data: client: false
[25Sep2026 23:49:02.451] [Server thread/INFO] [net.minecraft.server.MinecraftServer/]: Dev was engulfed by The Dead King's blazing fires
[25Sep2026 23:49:02.464] [Render thread/INFO] [net.minecraft.client.gui.components.ChatComponent/]: [System] [CHAT] Dev was engulfed by The Dead King's blazing fires
[25Sep2026 23:49:03.462] [Server thread/DEBUG] [io.redspace.ironsspellbooks.IronsSpellbooks/]: onPlayerCloned: copy data: client: false
[25Sep2026 23:49:08.798] [Server thread/INFO] [net.minecraft.server.MinecraftServer/]: [Dev: Set own game mode to Creative Mode]
[25Sep2026 23:49:08.817] [Render thread/INFO] [net.minecraft.client.gui.components.ChatComponent/]: [System] [CHAT] Set own game mode to Creative Mode
[25Sep2026 23:49:47.432] [Server thread/INFO] [net.minecraft.server.MinecraftServer/]: [Dev: Set own game mode to Survival Mode]
[25Sep2026 23:49:47.442] [Render thread/INFO] [net.minecraft.client.gui.components.ChatComponent/]: [System] [CHAT] Set own game mode to Survival Mode
[25Sep2026 23:50:08.303] [Server thread/INFO] [net.minecraft.server.MinecraftServer/]: Dev has completed the challenge [Ventilated]
[25Sep2026 23:50:08.308] [Render thread/INFO] [net.minecraft.client.gui.components.ChatComponent/]: [System] [CHAT] Dev has completed the challenge [Ventilated]
[25Sep2026 23:50:08.356] [Render thread/INFO] [net.minecraft.advancements.AdvancementTree/]: Loaded 141 advancements
[25Sep2026 23:50:08.877] [Server thread/DEBUG] [net.neoforged.neoforge.common.CommonHooks/WP]: Gathered mod list to write to world save New World
[25Sep2026 23:50:25.556] [Server thread/INFO] [net.minecraft.server.MinecraftServer/]: Dev was caught by The Dead King's fangs
[25Sep2026 23:50:25.568] [Render thread/INFO] [net.minecraft.client.gui.components.ChatComponent/]: [System] [CHAT] Dev was caught by The Dead King's fangs
[25Sep2026 23:50:26.568] [Server thread/DEBUG] [io.redspace.ironsspellbooks.IronsSpellbooks/]: onPlayerCloned: copy data: client: false
[25Sep2026 23:50:30.950] [Server thread/WARN] [net.minecraft.server.MinecraftServer/]: Can't keep up! Is the server overloaded? Running 3003ms or 60 ticks behind
[25Sep2026 23:50:35.250] [Server thread/INFO] [net.minecraft.server.MinecraftServer/]: [Dev: Set own game mode to Creative Mode]
[25Sep2026 23:50:35.260] [Render thread/INFO] [net.minecraft.client.gui.components.ChatComponent/]: [System] [CHAT] Set own game mode to Creative Mode
[25Sep2026 23:50:40.623] [worldgen/DEBUG] [mixin/]: Mixing JigsawPlacementMixin from moonlight-common.mixins.json into net.minecraft.world.level.levelgen.structure.pools.JigsawPlacement$Placer
[25Sep2026 23:50:40.630] [worldgen/DEBUG] [mixin/]: moonlight-common.mixins.json:JigsawPlacementMixin from mod moonlight: Class version 65 required is higher than the class version supported by the current version of Mixin (JAVA_17 supports class version 61)
[25Sep2026 23:50:40.715] [worldgen/DEBUG] [mixin/]: moonlight-common.mixins.json:JigsawPlacementMixin from mod moonlight->@Inject::ml$AddSpawnBoxPieces(Lnet/minecraft/world/level/levelgen/structure/PoolElementStructurePiece;Lorg/apache/commons/lang3/mutable/MutableObject;IZLnet/minecraft/world/level/LevelHeightAccessor;Lnet/minecraft/world/level/levelgen/RandomState;Lnet/minecraft/world/level/levelgen/structure/pools/alias/PoolAliasLookup;Lnet/minecraft/world/level/levelgen/structure/templatesystem/LiquidSettings;Lorg/spongepowered/asm/mixin/injection/callback/CallbackInfo;)V doesn't use it's CallbackInfo
[25Sep2026 23:50:40.748] [worldgen/DEBUG] [io.netty.util.internal.ThreadLocalRandom/]: -Dio.netty.initialSeedUniquifier: 0x8e4a444b9077634a
[25Sep2026 23:50:45.999] [Server thread/INFO] [net.minecraft.server.MinecraftServer/]: [Dev: Set own game mode to Survival Mode]
[25Sep2026 23:50:46.015] [Render thread/INFO] [net.minecraft.client.gui.components.ChatComponent/]: [System] [CHAT] Set own game mode to Survival Mode
[25Sep2026 23:50:53.049] [Server thread/INFO] [net.minecraft.server.MinecraftServer/]: [Dev: Set own game mode to Creative Mode]
[25Sep2026 23:50:53.056] [Render thread/INFO] [net.minecraft.client.gui.components.ChatComponent/]: [System] [CHAT] Set own game mode to Creative Mode
[25Sep2026 23:51:13.514] [Server thread/INFO] [net.minecraft.server.MinecraftServer/]: [Dev: Set own game mode to Survival Mode]
[25Sep2026 23:51:13.520] [Render thread/INFO] [net.minecraft.client.gui.components.ChatComponent/]: [System] [CHAT] Set own game mode to Survival Mode
[25Sep2026 23:51:39.494] [Server thread/INFO] [net.minecraft.server.MinecraftServer/]: Dev has completed the challenge [Through and Through]
[25Sep2026 23:51:39.527] [Render thread/INFO] [net.minecraft.client.gui.components.ChatComponent/]: [System] [CHAT] Dev has completed the challenge [Through and Through]
[25Sep2026 23:51:39.529] [Render thread/INFO] [net.minecraft.advancements.AdvancementTree/]: Loaded 141 advancements
[25Sep2026 23:51:39.534] [Sound engine/WARN] [com.mojang.blaze3d.audio.Library/]: Maximum sound pool size 247 reached
[25Sep2026 23:51:39.539] [Render thread/WARN] [net.minecraft.client.sounds.SoundEngine/]: Failed to create new sound handle
[25Sep2026 23:51:39.540] [Sound engine/WARN] [com.mojang.blaze3d.audio.Library/]: Maximum sound pool size 247 reached
[25Sep2026 23:51:39.540] [Render thread/WARN] [net.minecraft.client.sounds.SoundEngine/]: Failed to create new sound handle
[25Sep2026 23:51:39.540] [Sound engine/WARN] [com.mojang.blaze3d.audio.Library/]: Maximum sound pool size 247 reached
[25Sep2026 23:51:39.540] [Render thread/WARN] [net.minecraft.client.sounds.SoundEngine/]: Failed to create new sound handle
[25Sep2026 23:51:39.541] [Sound engine/WARN] [com.mojang.blaze3d.audio.Library/]: Maximum sound pool size 247 reached
[25Sep2026 23:51:39.541] [Render thread/WARN] [net.minecraft.client.sounds.SoundEngine/]: Failed to create new sound handle
[25Sep2026 23:51:39.542] [Sound engine/WARN] [com.mojang.blaze3d.audio.Library/]: Maximum sound pool size 247 reached
[25Sep2026 23:51:39.542] [Render thread/WARN] [net.minecraft.client.sounds.SoundEngine/]: Failed to create new sound handle
[25Sep2026 23:51:39.542] [Sound engine/WARN] [com.mojang.blaze3d.audio.Library/]: Maximum sound pool size 247 reached
[25Sep2026 23:51:39.542] [Render thread/WARN] [net.minecraft.client.sounds.SoundEngine/]: Failed to create new sound handle
[25Sep2026 23:51:39.543] [Sound engine/WARN] [com.mojang.blaze3d.audio.Library/]: Maximum sound pool size 247 reached
[25Sep2026 23:51:39.543] [Render thread/WARN] [net.minecraft.client.sounds.SoundEngine/]: Failed to create new sound handle
[25Sep2026 23:51:39.563] [Sound engine/WARN] [com.mojang.blaze3d.audio.Library/]: Maximum sound pool size 247 reached
[25Sep2026 23:51:39.563] [Render thread/WARN] [net.minecraft.client.sounds.SoundEngine/]: Failed to create new sound handle
[25Sep2026 23:51:39.563] [Sound engine/WARN] [com.mojang.blaze3d.audio.Library/]: Maximum sound pool size 247 reached
[25Sep2026 23:51:39.564] [Render thread/WARN] [net.minecraft.client.sounds.SoundEngine/]: Failed to create new sound handle
[25Sep2026 23:51:39.564] [Sound engine/WARN] [com.mojang.blaze3d.audio.Library/]: Maximum sound pool size 247 reached
[25Sep2026 23:51:39.564] [Render thread/WARN] [net.minecraft.client.sounds.SoundEngine/]: Failed to create new sound handle
[25Sep2026 23:51:39.564] [Sound engine/WARN] [com.mojang.blaze3d.audio.Library/]: Maximum sound pool size 247 reached
[25Sep2026 23:51:39.564] [Render thread/WARN] [net.minecraft.client.sounds.SoundEngine/]: Failed to create new sound handle
[25Sep2026 23:51:39.564] [Sound engine/WARN] [com.mojang.blaze3d.audio.Library/]: Maximum sound pool size 247 reached
[25Sep2026 23:51:39.565] [Render thread/WARN] [net.minecraft.client.sounds.SoundEngine/]: Failed to create new sound handle
[25Sep2026 23:51:39.565] [Sound engine/WARN] [com.mojang.blaze3d.audio.Library/]: Maximum sound pool size 247 reached
[25Sep2026 23:51:39.565] [Render thread/WARN] [net.minecraft.client.sounds.SoundEngine/]: Failed to create new sound handle
[25Sep2026 23:51:39.565] [Sound engine/WARN] [com.mojang.blaze3d.audio.Library/]: Maximum sound pool size 247 reached
[25Sep2026 23:51:39.565] [Render thread/WARN] [net.minecraft.client.sounds.SoundEngine/]: Failed to create new sound handle
[25Sep2026 23:51:39.565] [Sound engine/WARN] [com.mojang.blaze3d.audio.Library/]: Maximum sound pool size 247 reached
[25Sep2026 23:51:39.566] [Render thread/WARN] [net.minecraft.client.sounds.SoundEngine/]: Failed to create new sound handle
[25Sep2026 23:51:42.909] [Sound engine/WARN] [com.mojang.blaze3d.audio.Library/]: Maximum sound pool size 247 reached
[25Sep2026 23:51:42.910] [Render thread/WARN] [net.minecraft.client.sounds.SoundEngine/]: Failed to create new sound handle
[25Sep2026 23:51:42.910] [Sound engine/WARN] [com.mojang.blaze3d.audio.Library/]: Maximum sound pool size 247 reached
[25Sep2026 23:51:42.910] [Render thread/WARN] [net.minecraft.client.sounds.SoundEngine/]: Failed to create new sound handle
[25Sep2026 23:51:42.936] [Sound engine/WARN] [com.mojang.blaze3d.audio.Library/]: Maximum sound pool size 247 reached
[25Sep2026 23:51:42.936] [Render thread/WARN] [net.minecraft.client.sounds.SoundEngine/]: Failed to create new sound handle
[25Sep2026 23:51:43.009] [Sound engine/WARN] [com.mojang.blaze3d.audio.Library/]: Maximum sound pool size 247 reached
[25Sep2026 23:51:43.010] [Render thread/WARN] [net.minecraft.client.sounds.SoundEngine/]: Failed to create new sound handle
[25Sep2026 23:51:43.010] [Sound engine/WARN] [com.mojang.blaze3d.audio.Library/]: Maximum sound pool size 247 reached
[25Sep2026 23:51:43.010] [Render thread/WARN] [net.minecraft.client.sounds.SoundEngine/]: Failed to create new sound handle
[25Sep2026 23:51:43.010] [Sound engine/WARN] [com.mojang.blaze3d.audio.Library/]: Maximum sound pool size 247 reached
[25Sep2026 23:51:43.010] [Render thread/WARN] [net.minecraft.client.sounds.SoundEngine/]: Failed to create new sound handle
[25Sep2026 23:51:43.010] [Sound engine/WARN] [com.mojang.blaze3d.audio.Library/]: Maximum sound pool size 247 reached
[25Sep2026 23:51:43.011] [Render thread/WARN] [net.minecraft.client.sounds.SoundEngine/]: Failed to create new sound handle
[25Sep2026 23:51:43.011] [Sound engine/WARN] [com.mojang.blaze3d.audio.Library/]: Maximum sound pool size 247 reached
[25Sep2026 23:51:43.012] [Render thread/WARN] [net.minecraft.client.sounds.SoundEngine/]: Failed to create new sound handle
[25Sep2026 23:51:43.039] [Sound engine/WARN] [com.mojang.blaze3d.audio.Library/]: Maximum sound pool size 247 reached
[25Sep2026 23:51:43.039] [Render thread/WARN] [net.minecraft.client.sounds.SoundEngine/]: Failed to create new sound handle
[25Sep2026 23:52:03.652] [Server thread/INFO] [net.minecraft.server.MinecraftServer/]: Dev was blasted by The Dead King
[25Sep2026 23:52:03.669] [Render thread/INFO] [net.minecraft.client.gui.components.ChatComponent/]: [System] [CHAT] Dev was blasted by The Dead King
[25Sep2026 23:52:04.701] [Server thread/DEBUG] [io.redspace.ironsspellbooks.IronsSpellbooks/]: onPlayerCloned: copy data: client: false
[25Sep2026 23:53:00.150] [Server thread/INFO] [net.minecraft.server.MinecraftServer/]: Dev was shot by Summoned Skeleton
[25Sep2026 23:53:00.164] [Render thread/INFO] [net.minecraft.client.gui.components.ChatComponent/]: [System] [CHAT] Dev was shot by Summoned Skeleton
[25Sep2026 23:53:02.126] [Server thread/DEBUG] [io.redspace.ironsspellbooks.IronsSpellbooks/]: onPlayerCloned: copy data: client: false
[25Sep2026 23:53:05.300] [Server thread/INFO] [net.minecraft.server.MinecraftServer/]: [Dev: Set own game mode to Creative Mode]
[25Sep2026 23:53:05.312] [Render thread/INFO] [net.minecraft.client.gui.components.ChatComponent/]: [System] [CHAT] Set own game mode to Creative Mode
[25Sep2026 23:53:20.991] [Server thread/INFO] [net.minecraft.server.MinecraftServer/]: [Dev: Set own game mode to Survival Mode]
[25Sep2026 23:53:20.995] [Render thread/INFO] [net.minecraft.client.gui.components.ChatComponent/]: [System] [CHAT] Set own game mode to Survival Mode
[25Sep2026 23:53:24.611] [Server thread/INFO] [net.minecraft.server.MinecraftServer/]: [Dev: Set own game mode to Creative Mode]
[25Sep2026 23:53:24.627] [Render thread/INFO] [net.minecraft.client.gui.components.ChatComponent/]: [System] [CHAT] Set own game mode to Creative Mode
[25Sep2026 23:53:51.537] [Server thread/INFO] [net.minecraft.server.MinecraftServer/]: [Dev: Set own game mode to Survival Mode]
[25Sep2026 23:53:51.541] [Render thread/INFO] [net.minecraft.client.gui.components.ChatComponent/]: [System] [CHAT] Set own game mode to Survival Mode
[25Sep2026 23:54:10.153] [Render thread/INFO] [net.minecraft.advancements.AdvancementTree/]: Loaded 144 advancements
[25Sep2026 23:54:35.413] [Server thread/INFO] [net.minecraft.server.MinecraftServer/]: [Dev: Set own game mode to Creative Mode]
[25Sep2026 23:54:35.426] [Render thread/INFO] [net.minecraft.client.gui.components.ChatComponent/]: [System] [CHAT] Set own game mode to Creative Mode
